Mixture,B Cells,CD4 T,CD8 T,Cancer Cells,DC,Double-neg-like T,Endothelial Cells,Fibroblasts,Macrophages,Mast Cells,Monocytes,NK,Neutrophils,P-value,Correlation,RMSE
TCGA-BC-A10Z-01A,0.148523354287456,0,0,0.0838756901100565,0,0.0434231375474835,0.3903579070302,0.0285559077788234,0.274235357552983,0,0.031028645692997,0,0,0.02,0.10020681363309,1.08085444814021
TCGA-DD-AAEK-01A,0.0424916304788023,0.0817270959123643,0.0915806508091557,0,0.150858808814819,0,0.120979831255853,0.280273254707619,0.224677097221624,0,0.00741163079976212,0,0,0.03,0.078341627331035,1.0662638408653
TCGA-G3-A3CK-01A,0.158686803960261,0.0626146675651923,0,0,0,0,0.216335561482579,0.123158861776749,0.416068392387871,0,0.0231357128273482,0,0,0.03,0.0672422377157435,1.07497015393839
TCGA-DD-A1EJ-01A,0.196335812141153,0.0581295926434672,0,0,0.0204749311361745,0.000594297561553481,0.0330237117759881,0.150231008844264,0.509563243020021,0,0.0316474028773787,0,0,0.03,0.0606648362661848,1.07419288403263
TCGA-DD-AACU-01A,0.0714464522771987,0.00144430181521257,0,0,0,0,0.115171486434007,0.359335035838556,0.387399510292005,0,0.0652032133430216,0,0,0.03,0.0921458814804233,1.10967633387068
TCGA-ZS-A9CE-01A,0.275495510258536,0,0,0,0,0.00496296862369761,0.33199427817449,0.125027250302203,0.23518387597773,0,0.0273361166633438,0,0,0.04,0.0510228782827102,1.1060783880427
TCGA-2Y-A9H2-01A,0.0816080659637913,0.012291237431891,0,0,0.182891030809547,0,0.0970037226146163,0.299637043121847,0.23297042635188,0,0.0935984737064276,0,0,0.01,0.126737776507829,1.06241079422415
TCGA-CC-5261-01A,0.0583416039088514,0.0538493888928218,0.0145752571724326,0,0.0724978686422907,0.00831815174369935,0.0295404257766497,0.573204257211519,0.114233500785095,0,0.0754395458666401,0,0,0,0.200824223082108,1.10283511571099
TCGA-DD-AADP-01A,0.169632490658669,0.0558727892936778,0.0133271369440725,0,0.00112043097567657,0,0.165479737700154,0.325313409325539,0.231379986286494,0,0.0378740188157174,0,0,0.04,0.0549379618527959,1.10763377666959
TCGA-2Y-A9H4-01A,0.132298763080027,0.0405242243377105,0.0301621014525785,0,0.0707260321211652,0,0.188031412443785,0.190203682913928,0.324714687003118,0,0.0233390966476874,0,0,0.02,0.0947601236398907,1.05973825762501
TCGA-DD-A1EA-01A,0.235188957931105,0.0758324548124061,0.0829405983285209,0,0.0121780719290221,0,0.226423881396149,0.0421879318216521,0.319889713002301,0,0.00535839077884363,0,0,0.02,0.107472922246049,1.04428757742759
TCGA-CC-A3MC-01A,0.0771617781973856,0,0,0,0,0,0.104494624736504,0.477498422743142,0.301513574242791,0,0.0393316000801769,0,0,0.03,0.0812595961905053,1.1500895779568
TCGA-FV-A2QR-01A,0.265950107638065,0,0,0,0,0,0.130583992027136,0.396027719797829,0.1871483843889,0,0.0202897961480703,0,0,0.03,0.079325591974253,1.11859329115793
TCGA-EP-A26S-01A,0.0874601183334896,0,0.0126894733953072,0,0,0,0.374257254622495,0.24336078422565,0.272338476195403,0,0.00989389322765525,0,0,0.03,0.0753481557243883,1.13509485639985
TCGA-K7-AAU7-01A,0.0102819269763985,0.0314979600448582,0,0,0.0733203114314771,0.0233690320824892,0.0375569258825902,0.560440027517038,0.0853303708524667,0,0.178203445212682,0,0,0.01,0.122723950018229,1.17747862678774
TCGA-G3-A25T-01A,0.136273562904768,0,0,0.0054809635920383,0.0460389074637155,0,0.0431380078766842,0.442556851066983,0.293461584923537,0,0.0330501221722742,0,0,0.02,0.108983586915501,1.10643455377578
TCGA-DD-AADB-01A,0.117243800419888,0.140038873221135,0.0775050007392494,0,0.0587722109533892,0,0.079780972325617,0.121318700126029,0.366809960335858,0,0.0385304818788343,0,0,0.02,0.0976494507389423,1.03917623923827
TCGA-UB-A7MA-01A,0.14387969444988,0.00185566699435724,0,0.0155830378484059,0.0358301285458659,0,0.0699555753373086,0.468532256682704,0.157252995681446,0,0.107110644460032,0,0,0.02,0.108811500299699,1.12881930944063
TCGA-DD-AAD0-01A,0.343265237546187,0.0355658757219117,0.0447758148119334,0,0,0,0.351974412738636,0.0147760081853586,0.205846990901091,0,0.00379566009488271,0,0,0.08,0.0331113918996359,1.10636939819256
TCGA-BC-4072-01B,0.0289217662946807,0.0778521912325727,0.117915145459937,0,0.0791765680212886,0,0.0454942174210057,0.338354368352565,0.260519120596907,0,0.0517666226210436,0,0,0.02,0.105499271409645,1.06964889645016
TCGA-DD-AACD-01A,0.222641151280078,0.0487733298694449,0.0352828301827994,0.00992933810588782,0.0451324352569545,0,0.164014305992027,0.178030163582569,0.279904475069327,0,0.0162919706609124,0,0,0.29,0.0105571215457628,1.08642487866489
TCGA-DD-A3A5-01A,0.154450519781149,0,0.029149901436684,0.00831925057019329,0,0,0.247328154782517,0.322905878810597,0.216005868552068,0,0.0218404260667918,0,0,0.03,0.067450855987958,1.12149648578741
TCGA-ZP-A9D1-01A,0.137465936227503,0.0358664955857722,0.0458915519949089,0,0,0,0.137221538959651,0.43113264323738,0.102270102582916,0,0.110151731411869,0,0,0.03,0.0737566901110786,1.1422357193039
TCGA-ZP-A9D0-01A,0.173214827818513,0,0,0.00893997310513271,0.0397557195818432,0.0326147104527922,0.208019650612722,0.306271896363282,0.213595816589235,0,0.0175874054764801,0,0,0.03,0.0888601193575387,1.09260144051177
TCGA-CC-A7IK-01A,0.085790804406302,0.000442394398401894,0,0.0112004358453076,0,0,0.509982479129591,0.14951158984213,0.234656485309572,0,0.00841581106869561,0,0,0.02,0.112227312411193,1.14164835967564
TCGA-WQ-AB4B-01A,0.118633421638979,0.0370096093568588,0,0,0,0,0.17218612626868,0.326123057650515,0.291018459581017,0,0.0550293255039504,0,0,0.09,0.0291682032443,1.12862560936049
TCGA-FV-A4ZQ-01A,0.126974275048421,0.0511082034036908,0.160930950753284,0.0641543133931386,0.0659908118139687,0,0.0761280620810794,0.0177577645537155,0.399096916360701,0,0.0378587025920007,0,0,0.02,0.1021942216825,1.03814028068677
TCGA-G3-A25S-01A,0.218502969732661,0.0894809669417218,0.0418556654434043,0,0.000501069889426219,0,0.0717934725681812,0.0364149689172772,0.46010608139634,0,0.0813448051109888,0,0,0.03,0.0890494593255402,1.06016746264901
TCGA-NI-A4U2-01A,0.221530701138711,0,0,0.0269805767292605,0,0.0203131825210562,0.300319659191831,0.210641284251793,0.189453229926799,0,0.0307613662405498,0,0,0.03,0.0622967702251755,1.10541178237341
TCGA-RC-A7SK-01A,0.112872368942243,0,0,0,0,0.00431409063308456,0.225852902466569,0.395761365017033,0.243774591278892,0,0.017424681662178,0,0,0.03,0.0761917744781357,1.14093196109342
TCGA-DD-AADS-01A,0.193248105868198,0.0891330591619343,0.0959489146804611,0,0.0269031719364898,0,0.158823874948225,0.0228529969255882,0.379353252491102,0,0.0337366239880018,0,0,0.02,0.0954450494726179,1.04492289296426
TCGA-DD-A73F-01A,0.0745934314538864,0.0517434812869057,0.174574333215173,0,0.0631262575439363,0,0.172449862580382,0.0791278562083299,0.360187181532123,0,0.0241975961792647,0,0,0.02,0.109117308947175,1.04156545834766
TCGA-DD-A11C-01A,0.0612160995742829,0,0,0,0.0190302792027403,0.0238047984836484,0.248875220219701,0.417575124453274,0.222321022586126,0,0.0071774554802274,0,0,0.04,0.0524886037264357,1.1687353593499
TCGA-FV-A23B-01A,0.172616030799678,0.066012170740286,0.0710441608708148,0,0.123203317487133,0,0.146951273817585,0.20652261989612,0.181883891856989,0,0.0317665345313937,0,0,0.0600000000000001,0.0402196592787453,1.06908485128307
TCGA-DD-AADD-01A,0.0977630503428352,0,0,0.163533819025449,0.018575349868223,0.00758150128783088,0.107824154551024,0.03386885421926,0.547118819969686,0,0.0237344507356916,0,0,0.03,0.0661692680674672,1.07022737303169
TCGA-DD-AACO-01A,0.235599734542211,0.0309411345502523,0.0557611352879561,0.00272469831521295,0,0,0.127075140223021,0.126728475356089,0.387529443819905,0,0.0336402379053522,0,0,0.03,0.0903029113183775,1.05428950283601
TCGA-RC-A6M3-01A,0.338781613711871,0,0,0.092961053126201,0.0455985524583911,0.0296966322208133,0.146142025954035,0.124990911619207,0.173990757368363,0,0.0460800891847744,0.00175836435634426,0,0.03,0.0752391909714225,1.05574591931718
TCGA-DD-AAED-01A,0.326989490205714,0.169420857505901,0,0.000622677359655985,0.0123649152125318,0,0.0621400069765403,0.0321125704704642,0.378216092745279,4.09704151939998e-05,0.0180924191087202,0,0,0.08,0.0313133362662282,1.06904199483709
TCGA-BC-A10X-01A,0.0142182063568614,0,0,0,0.00719972314090199,0.0116068091805203,0.18693648360331,0.390807583109136,0.366733188426955,0,0.0224980061823152,0,0,0.02,0.112401894334302,1.11835117026605
TCGA-DD-AAVP-01A,0.136767503461721,0.0317500923259147,0,0,0,0,0.328324488973992,0.187240190429387,0.292791860128948,0,0.0231258646800369,0,0,0.03,0.0763950957248017,1.10293320606206
TCGA-MI-A75C-01A,0.258564507626226,0.111019066834859,0.043303960180346,0.00482401127621388,0,0,0.0996510759111319,0.0549351157411987,0.330057905172698,0,0.0976443572573267,0,0,0.03,0.0639776016650979,1.06252383986103
TCGA-DD-A39W-01A,0.247881620698251,0,0,0.00549111025329071,0.0164951191552685,0.016345279017207,0.361902794275052,0.0930749333881804,0.241258654293495,0,0.0175504889192547,0,0,0.02,0.108499016783106,1.07890513075367
TCGA-DD-A4NA-01A,0.0672964967874829,0.0676663611677094,0,0,0.00163842660736663,0,0.0467445224270649,0.503591578674607,0.278564274754784,0,0.0344983395809852,0,0,0.03,0.082224948617711,1.14559148493702
TCGA-DD-AAVY-01A,0.204210113626472,0.0456209952707965,0,0,0,0,0.389185163407849,0.0596142553255644,0.301369472369318,0,0,0,0,0.03,0.0617290966654011,1.10523823951545
TCGA-DD-A1EC-01A,0.0661394761418544,0.0837215738815972,0.177555837758222,0,0.179910110351265,0,0.111771575984429,0.0941506831020354,0.230475309395677,0,0.030124638903553,0.0261507944813681,0,0.03,0.0819046700432477,1.03751738235304
TCGA-5C-AAPD-01A,0.240659001168723,0.065498032458621,0.0547595028601155,0,0.043903522476855,0,0.0583182957259645,0.155482868226985,0.334801378464652,0,0.0465773986180841,0,0,0.01,0.130299552514553,1.03174856239157
TCGA-BC-4073-01B,0.0878227500529917,0.0502233896925641,0.0446970175529814,0,0.115132016132893,0,0.0890393388709866,0.183875623261002,0.315717962523809,0,0.113491901912772,0,0,0.01,0.120712044932298,1.04988067634846
TCGA-WQ-A9G7-01A,0.206647309325037,0.0775812070511997,0,0,0.0440592729930067,0,0.0546135358798911,0.366053167986942,0.179630225888143,0,0.0714152808757802,0,0,0.04,0.059082316380912,1.10305481888462
TCGA-CC-A7II-01A,0.189031364855812,0,0,0.0898082106416056,0.0575304194153987,0,0.046451343521473,0.462454894021648,0.138530160533981,0,0.0161936070100816,0,0,0.01,0.137818611476512,1.09376360241305
TCGA-CC-A8HS-01A,0.164437663928996,0,0,0,0.0225682569246628,0,0.204629343971038,0.361576398841104,0.17729676323233,0,0.0694915731018683,0,0,0.04,0.0556601965577308,1.13546900480432
TCGA-DD-AAEA-01A,0.182420474647957,0.0524256087321275,0.083971246953589,0.0547980712454979,0.00664264379322069,0,0.112605578066364,0.0760899961929269,0.399558676654132,0,0.0314877037141851,0,0,0.03,0.0771910847554431,1.05030100697832
TCGA-DD-A4ND-01A,0.0252854693526355,0.0184108963860775,0.0456065778021586,0,0.0472430248271522,0,0.0464373957347326,0.598678451497453,0.208653255747445,0,0.00968492865234534,0,0,0.01,0.118741080560117,1.16720189152513
TCGA-ZP-A9D2-01A,0.117116804460988,0,0,0,0.0532150780677219,0,0.20911614228549,0.406667073480524,0.194099996260592,0,0.0197849054446836,0,0,0,0.185743958058651,1.07597888962346
TCGA-DD-AADI-01A,0.194269696240053,0.0179822224498951,0.0746680677025753,0,0.132007266356357,0,0.0443034493160547,0.215280004496012,0.271164945176722,0,0.0503243482623312,0,0,0.02,0.108918716972008,1.04214575345596
TCGA-2Y-A9GX-01A,0.00925741661597509,0.01644897832338,0,0,0.057322560870666,0.0596300459316723,0.063739512725117,0.506770384753142,0.263704709418483,0,0.0231263913615645,0,0,0,0.193435388665821,1.08341436467111
TCGA-DD-AACY-01A,0.256732514702851,0.039046040886542,0.0476462676915155,0,0.00948313685352158,0,0.175896015534703,0.215095274160112,0.243153922769902,0,0.0129468274008534,0,0,0.03,0.0646229694583594,1.07553035011787
TCGA-DD-A73D-01A,0.302074456616939,0.0091032787180817,0.0333139408200751,0,0,0,0.390583714750796,0.0709187722675871,0.17985996938056,0,0.0141458674459612,0,0,0.12,0.0206483490990628,1.12865077212019
TCGA-DD-AAE9-01A,0.342854572374114,0,0,0.0895269748642684,0,0,0.198348201634621,0.0339288337212744,0.292501388231504,0,0.0428400291742185,0,0,0.04,0.0550729936721377,1.07061088272319
TCGA-ED-A7XO-01A,0.0944770810777818,0,0,0,0.0219949929585687,0,0.137348878198669,0.30787711125188,0.366684390927476,0,0.0716175455856252,0,0,0.02,0.104472760832165,1.08937606063043
TCGA-DD-AADM-01A,0.233940517804468,0.027039722060447,0.0547807209247795,0,0.00716024499222921,0,0.0797385853162379,0.251488230157998,0.317410851583146,0,0.0284411271606938,0,0,0.03,0.063063319438145,1.07534374830421
TCGA-FV-A3R3-01A,0.0347201036143153,0.00197007840704666,0,0,0.0246241321106714,0.0375515367018832,0.235961525043496,0.42814736500152,0.231676978161239,0,0.00534828095982732,0,0,0.02,0.104071941380523,1.14019110791763
TCGA-DD-AACL-01A,0.144026532893624,0.0417266015836523,0.111117968549821,0.00744019375345825,0.0454755693784563,0,0.0317569876645666,0.0438252323913091,0.461876618730041,0,0.11275429505507,0,0,0,0.150863383717764,1.04089748101201
TCGA-DD-A4NJ-01A,0.0260894576082707,0.100523483600368,0,0,0.0850658898704611,0,0.0664325928070919,0.307425396101049,0.401519301647852,0,0.012943878364907,0,0,0.02,0.107307935856833,1.0681718561756
TCGA-DD-AADU-01A,0.274775540713901,0.0302442662340267,0,0.019298025193271,0,0,0.214229124057175,0.070624414875854,0.348940864926859,0,0.0279275057454649,0.0139602582534491,0,0.04,0.0557727816240081,1.07337230454569
TCGA-CC-A7IF-01A,0.234776195303033,0.0193326697575558,0.0536742178675679,0,0,0,0.135121442794715,0.317972209479913,0.227012210627715,0,0.0121110541695009,0,0,0.03,0.0727997317907914,1.09156384385222
TCGA-CC-A5UE-01A,0.262161477688061,0.0970037853881264,0.054918881499099,0.0034967174843018,0.0403020159147456,0,0.0987718085215037,0.0736078617116586,0.339450438194537,0,0.0302870135979667,0,0,0.04,0.0474157054698121,1.0583958028188
TCGA-DD-AAVW-01A,0.0579658681827908,0.0302550161223793,0,0,0.0318536884361427,0.0292082004379714,0.06949141167029,0.572417359945484,0.208808455204942,0,0,0,0,0.02,0.116897474520093,1.15762258071753
TCGA-CC-A9FW-01A,0.308059386440441,0.0225520098740655,0,0.123838374357544,0.0137474721602958,0,0.0497431753548633,0.128220444957486,0.278581996499995,0.0152894648438513,0.0599676755114582,0,0,0.04,0.0508242627929696,1.06171712287562
TCGA-DD-A4NQ-01A,0.0531548659261086,0,0,0.0759507625831397,0.0298392125479015,0,0.0238789584915626,0.206208554865859,0.421545595502565,0,0.189422050082863,0,0,0.02,0.0961628983580336,1.10293590246903
TCGA-DD-A3A7-01A,0.41558483239854,0.00414564134688339,0,0.0405876228402426,0,0,0.0631942806993121,0.152697827262218,0.262358321599699,0,0.0614314738531048,0,0,0.03,0.0847005649371835,1.06470648519165
TCGA-EP-A2KA-01A,0.211281201794472,0.0974779063416824,0.114834287639609,0.000292289864922671,0.0744510149099583,0,0.0495895508437054,0.102003507818619,0.259083335092796,0.000562844913708607,0.0904240607805268,0,0,0.03,0.0607998726450982,1.0543681516352
TCGA-ED-A7PZ-01A,0.360880303991461,0,0,0.0693563698371435,0.0130574050563821,0,0.0804223981015399,0.254153255871502,0.195758804221201,0,0.0263714629207706,0,0,0.0600000000000001,0.041711062223763,1.08982459100935
TCGA-G3-A25U-01A,0.182252908975279,0,0,0,0,0.0259280113539843,0.422102882599509,0.0962159848910431,0.243874579456569,0,0.029625632723616,0,0,0.03,0.0691873069713108,1.11801609810018
TCGA-RC-A7SH-01A,0.445358000149314,0,0,0.0073469550185696,0,0,0.112916290468038,0.268803291382617,0.138232017811984,0,0.0273434451694768,0,0,0.07,0.0388534720068985,1.11057078549862
TCGA-G3-AAV1-01A,0.0964089763448775,0.0325740038545029,0.0297836389411556,0,0,0,0.302694217779013,0.246147090149056,0.280773198762216,0,0.0116188741691794,0,0,0.01,0.119044565940042,1.08716360905967
TCGA-2Y-A9GZ-01A,0.148430466473132,0,0,0.0053637630085701,0,0.0293249841274056,0.491039462192737,0.0699519784873099,0.217113842465986,0,0.0387755032448595,0,0,0.02,0.0972484611726487,1.12407800187353
TCGA-DD-AA3A-01A,0.33567712708335,0,0,0.112888021940768,0.0683875722153493,0.00509923125207638,0.110074640558694,0.203446091442067,0.1173176619419,0,0.0471096535657943,0,0,0.01,0.125048672817039,1.0423205218678
TCGA-2Y-A9HA-01A,0.00225961728962085,0.0367830415635884,0.00679564633975687,0,0,0,0.411854733229866,0.161438554762801,0.359280971892525,0,0.0215874349218419,0,0,0.02,0.0983461931370485,1.12143690548985
TCGA-DD-AADK-01A,0.164578447267578,0.0181121628198602,0.000818001984399562,0,0,0,0.131661852813666,0.314464650716885,0.293811146820817,0,0.0765537375767939,0,0,0.04,0.0545237433909075,1.10956185676503
TCGA-G3-A5SI-01A,0.428220326641352,0,0,0.0498339594869033,0,0,0.201088041072223,0.127458725487959,0.172476072479754,0,0.0209228748318091,0,0,0.03,0.0593634207731864,1.08249792921127
TCGA-DD-A4NI-01A,0.0806313989247799,0.0363078631581005,0.0391208878365306,0,0.0201772962098728,0,0.239756776935085,0.194585300911147,0.368831045278929,0,0.0205894307455545,0,0,0.02,0.0973960858700056,1.07472683924648
TCGA-DD-A73A-01A,0.106822135836072,0.097264903074626,0,0,0.059255267630004,0.0474820235628755,0.191721114543535,0.131134079055455,0.358678067478806,0,0.00764240881862621,0,0,0.03,0.0859819969850366,1.05300997912159
TCGA-MR-A8JO-01A,0.0112226883820483,0.0158443709972169,0.0309595360433761,0,0.00338061198478503,0,0.154576706581916,0.610383943677629,0.165432984714494,0,0.00819915761853531,0,0,0,0.217726155487349,1.13333532628442
TCGA-5R-AA1C-01A,0.129033292229189,0.0673458529046092,0.0815426348456562,0,0.00775639857393126,0,0.273581007539203,0.0694365626778264,0.369239954884489,0,0.00206429634509622,0,0,0.03,0.0768989203495286,1.06922505459692
TCGA-ZS-A9CG-01A,0.225795278263286,0,0,0.0258196321501711,0,0.0334678186702913,0.398444308508128,0.100448953080463,0.195319751259498,0,0.0207042580681638,0,0,0.03,0.0736699033821313,1.10609031394713
TCGA-DD-A4NH-01A,0.140282647707029,0,0,0,0,0,0.0258138169684959,0.286409718763827,0.153088493327959,0,0.394405323232689,0,0,0,0.161488782436688,1.18113142726734
TCGA-FV-A4ZP-01A,0.231793091206898,0.0792432276217333,0.0494065970522545,0.0106453796294184,0.0457387507923397,0,0.0371067887811828,0.0886443688840508,0.399110887667319,0,0.0556849985116945,0.0026259098531094,0,0.03,0.0898809717096127,1.04838485463239
TCGA-DD-AACJ-01A,0.352097269579915,0.0195567718659927,0,0,0,0,0.0914491796700962,0.125390668672362,0.386473936603295,0,0.0250321736083385,0,0,0.03,0.0616452979729386,1.07152600491259
TCGA-DD-AAVZ-01A,0.27703080077929,0.035302809291328,0,0,0.0354326454524662,0,0.173487601479071,0.215249728799745,0.245934007716179,0,0.0175624064819204,0,0,0.03,0.0741177372400997,1.07289135125313
TCGA-DD-AAVR-01A,0.051231189593397,0.0309728630735315,0.0166637181730121,0,0.0817639802092483,0.012128618691153,0.137552048387214,0.298809219843662,0.331870377599589,0,0.0390079844291937,0,0,0.02,0.0993463014386722,1.07802088269954
TCGA-RC-A7SB-01A,0.203674809010418,0,0,0.0866365144182627,0,0,0.158549865601333,0.13145161514203,0.35343178782265,0,0.066255408005306,0,0,0.03,0.0849796559866509,1.0612330182197
TCGA-3K-AAZ8-01A,0.315266473675767,0.0988519458383479,0.0239519160854369,0,0.0162695266643906,0,0.149204291877479,0.076971769231345,0.294967061441436,0,0.0245170151857982,0,0,0.03,0.0812935596977395,1.05049784349159
TCGA-DD-AADA-01A,0.171239041699635,0,0.0965031252225263,0,0.0473589151488547,0,0.107333002490508,0.334506851913625,0.236628371839602,0,0.00643069168524819,0,0,0.03,0.0711620382445866,1.08946741665657
TCGA-G3-A25X-01A,0.179302549623569,0.017605518273131,0.0310401271775398,0,0.0268349816788917,0,0.0442434281143194,0.262481528943527,0.35060562492797,0,0.0854332299079816,0.00245301135307088,0,0.01,0.127706481289728,1.05621373950244
TCGA-EP-A3RK-01A,0.218867461654087,0.0565189915427492,0.085721027200456,0,0.0348485739067927,0,0.0428795889418396,0.14210580838286,0.380205444382064,0,0.0388531039891513,0,0,0.03,0.0899273787033704,1.04856099983939
TCGA-2Y-A9H5-01A,0.0690452357450261,0.0139406198815429,0.0434281796870278,0,0.0380730210754594,0,0.0963142492828868,0.538497550979174,0.188951022221804,0,0.0117501211270785,0,0,0.04,0.055485638629787,1.18246662891848
TCGA-UB-A7MF-01A,0.1671336828531,0.0863059955147346,0.143259649564747,0,0.116654569109143,0,0.0361362499948078,0.0448817691834395,0.372979365489344,0.00982700831305438,0.0228217099776289,0,0,0.01,0.131993950482567,1.02382550113782
TCGA-BC-A10R-01A,0.0873000347641931,0.0128623031482265,0,0,0,0,0.065446783759612,0.617428981601615,0.216961896726354,0,0,0,0,0,0.153259995821759,1.16037548669099
TCGA-ED-A459-01A,0.263222640626211,0.0433121451971126,0,0,0,0,0.0543161452746416,0.192219165521124,0.407015376888111,0,0.0399145264928005,0,0,0.04,0.0480688242266257,1.07898399715703
TCGA-KR-A7K7-01A,0.308869991842421,0.0805972465392372,0.08780336058322,0.000748445519423698,0,0,0.0473260256677011,0.0395088191855551,0.37443602047396,0,0.0607100901884817,0,0,0.03,0.0800298340855553,1.05643610725049
TCGA-XR-A8TC-01A,0.157761396913958,0,0,0,0.00980430289732538,0.0714553664714357,0.217697166212614,0.336517059797694,0.198094883160946,0,0.00866982454602735,0,0,0.03,0.0911793218963358,1.10271213367831
TCGA-G3-A3CG-01A,0.173549329234976,0.0675325949936143,0.0569179588568547,0,0,0,0.174779189291016,0.27890310590447,0.195795518173935,0,0.0525223035451339,0,0,0.03,0.0748472444012014,1.08451026727437
TCGA-BC-A112-01A,0.0636512849288926,0.0551545618014238,0,0,0.0549278742509373,0,0.0686974985866426,0.503354811058228,0.242730765066761,0,0.0114832043071155,0,0,0.01,0.13719028113225,1.11308312624655
TCGA-ED-A4XI-01A,0.0203838068644269,0.0068027606290074,0,0,0.021137878644808,0,0.162716504688038,0.388253144462784,0.370106034664744,0,0.0305998700461921,0,0,0.01,0.141305702434258,1.096491353759
TCGA-2Y-A9GT-01A,0.117737894539572,0.0840191375852831,0.139665208190786,0,0.0313506070604304,0,0.181133728668656,0.161854466062741,0.274104843490618,0,0.0101341144019124,0,0,0.03,0.0635491148641489,1.06176757096483
TCGA-DD-AACX-01A,0.0627035408461839,0.116627839544992,0,0,0.0475469208542865,0,0.186291641102745,0.0505480955282173,0.496689706012324,0,0.0395922561112514,0,0,0.02,0.0954878841185536,1.06017402545177
TCGA-DD-A1EB-01A,0.0203890459076755,0.0316438386429253,0.112163759985858,0,0,0,0.353304506599011,0.295429929253927,0.182449753112538,0,0.00461916649806532,0,0,0.04,0.0478514198222535,1.15460157848058
TCGA-DD-AACE-01A,0.124841364430058,0.0268950022602447,0,0,0,0,0.318479541682605,0.299844707806031,0.218653423705463,0,0.0112859601155988,0,0,0.03,0.0753535112560996,1.13057069821298
TCGA-2Y-A9H9-01A,0.260655862631796,0,0.038057945513039,0,0,0,0.244827842815959,0.143985284886018,0.286033835655969,0,0.0264392284972196,0,0,0.02,0.0950230911315693,1.0674620846981
TCGA-CC-5262-01A,0.0705015180456622,0,0.0138833916726108,0,0,0,0.0751165203434082,0.441680510665645,0.294213676544553,0,0.10460438272812,0,0,0.02,0.103370429009823,1.12889547574118
TCGA-G3-AAV2-01A,0.156077886535477,0.0629966640542758,0,0,0,0,0.331066339895885,0.126554945069626,0.303472778839095,0,0.0198313856056409,0,0,0.03,0.0800997657588421,1.08796573660379
TCGA-DD-A4NN-01A,0.198833045624813,0.0087272740220062,0.0029175429981827,0,0.00698929767944759,0,0.0439602188991242,0.508016827427865,0.220853804653785,0,0.00970198869477664,0,0,0.09,0.0290671059293191,1.1757781207668
TCGA-DD-AACZ-01A,0.0678864731565337,0.0353642305710115,0.0806537303267157,0,0.159846650616761,0,0.0473818782208427,0.044829931194327,0.528921155053403,0,0.035115950860405,0,0,0.01,0.125919743905434,1.04494014613355
TCGA-DD-AAE0-01A,0.128452002884385,0.0328371226409003,0.0395221491079071,0,0.0195142168369057,0,0.0314576191605385,0.492709032602229,0.226896291890515,0,0.0286115648766192,0,0,0.04,0.0567819442658177,1.14870611790289
TCGA-YA-A8S7-01A,0.0434540330623643,0.0417471257019255,0,0,0,0,0.0363413355467063,0.190898971252316,0.595391690949048,0,0.0921668434876393,0,0,0,0.174883278626346,1.0510444720099
TCGA-2Y-A9GY-01A,0.179659999982511,0.073355730273961,0.151320219251546,0.00694500268941696,0.0647660995163819,0,0.0348827248595948,0.0274359269639814,0.409400996987485,0,0.0522332994751227,0,0,0.03,0.088945958450804,1.04926465994619
TCGA-UB-A7ME-01A,0.228253608531726,0.0509222487432386,0.0968535372933758,0,0.0448160199497784,0,0.0598882012989899,0.263806158394966,0.239682385259089,0,0.015777840528837,0,0,0.03,0.0626405343811148,1.06827167847636
TCGA-ED-A8O6-01A,0.185023026100925,0.0572107555580198,0,0,0.0477616725548523,0,0.0553433830246561,0.363637206700838,0.276184680412332,0,0.014839275648377,0,0,0.04,0.0489690049078855,1.1039269946988
TCGA-ZP-A9D4-01A,0.114816294731749,0.0265455751051425,0,0,0,0,0.28331983034982,0.111429445316752,0.453464429595939,0,0.0104244249005979,0,0,0.03,0.069758860979407,1.09151961198904
TCGA-DD-A1EH-01A,0.0984228882138454,0,0,0,0.0255618468935411,0.0326466082096838,0.193825237556517,0.475777110188055,0.155534411650629,0,0.0182318972877293,0,0,0.03,0.0834476763719675,1.15962060265006
TCGA-DD-A11A-01A,0.0977165954274226,0.0248270682501377,0.0361661693090532,0,0,0,0.430815812141653,0.159488776949607,0.2377216880653,0,0.013263889856826,0,0,0.04,0.0565122583028274,1.13929266874436
TCGA-RC-A7SF-01A,0.114161305090157,0.0449110582335878,0,0.052184950621579,0,0,0.144908981489161,0.295109666567339,0.282306955670311,0,0.0664170823278651,0,0,0.03,0.0677859260152709,1.09415370494358
TCGA-HP-A5N0-01A,0.078483998076981,0,0,0,0.0134764745821957,0,0.271664062321677,0.428514311484703,0.196899755342919,0,0.0109613981915239,0,0,0.01,0.134602661334164,1.13368856646821
TCGA-DD-A73E-01A,0.207439099233969,0,0,0.067682366769549,0,0,0.518615701773477,0.0619843761751858,0.118513426743314,0.013043828395597,0.0127212009089079,0,0,0.02,0.0949176529129225,1.13352736770914
TCGA-G3-A5SL-01A,0.069044040999564,0,0,0,0.00599252996904212,0.0337581743868922,0.433062497828827,0.249231325163975,0.186993210702739,0,0.0219182209489608,0,0,0.03,0.0623845828629995,1.16437217175425
TCGA-2Y-A9H6-01A,0.154084599016803,0.0545315959717901,0,0,0.0653403444158828,0,0.0610801697720716,0.399399927987446,0.252577011737343,0,0.0129863510986641,0,0,0.03,0.0794484760126639,1.10050040500959
TCGA-WX-AA47-01A,0.40218493688385,0,0,0.0333390277315669,0,0,0.357733251899303,0.0784970820884765,0.0822689084472319,0,0.0459767929495723,0,0,0.11,0.0225065745516751,1.1294311944976
TCGA-MR-A520-01A,0.185083906825729,0,0.0101347450471738,0,0,0,0.275335552650419,0.15680983395046,0.345587756030918,0,0.0270482054952999,0,0,0.01,0.12210082035855,1.06561402326785
TCGA-DD-A3A1-01A,0.294016762670096,0.037691655878049,0,0.0241220004356705,0,0,0.088701786125177,0.00874067079276415,0.397894384473183,0,0.148832739625061,0,0,0.03,0.0646975787251564,1.08915730707882
TCGA-DD-AADF-01A,0.528861622641431,0.00106933720648007,0.124771754006426,0,0,0,0.0683699186893633,0.0819395875249572,0.17926603480563,0,0.0157217451257127,0,0,0.03,0.0602840804732531,1.08030510993807
TCGA-G3-A7M7-01A,0.118973350095364,0,0,0.0401663634963074,0,0,0.194211542854,0.316093792286751,0.270975757077162,0,0.0595791941904143,0,0,0.07,0.03865546479157,1.12685101193028
TCGA-DD-AADQ-01A,0.289331418228445,0.0809475994430426,0.087584594436187,0.000591369367902113,0.0103321352490074,0,0.156279892845237,0.0804048898742184,0.158329896829809,0,0.136198203726151,0,0,0.52,0.00310167956404541,1.0959825511669
TCGA-DD-AAVX-01A,0.0691058038179354,0.0515103356604009,0.000469289563132057,0,0.035871644033779,0,0.299873895263765,0.164467442682936,0.346088759281618,0,0.0326128296964334,0,0,0.09,0.0292696820550077,1.11478840408081
TCGA-MI-A75E-01A,0.140287652654578,0.0142035642745289,0.0459584884378941,0,0.0448372405310605,0,0.1252784990001,0.344422448700691,0.236794553036587,0,0.0482175533645593,0,0,0.03,0.066553963275091,1.10161992977956
TCGA-GJ-A3OU-01A,0.00690760416106942,0.0447385654890443,0.0387080760404214,0,0.156762225900122,0,0.0510223860744107,0.260438924412555,0.384159614208897,0,0.05726260371348,0,0,0,0.190634264449047,1.02377850759778
TCGA-DD-A11B-01A,0.0392824221483868,0.0349717887227965,0.0289917756536484,0,0.0211295419376353,0,0.280117198948881,0.299138547762891,0.283487684561257,0.000787645762442142,0.0120933945020612,0,0,0.03,0.0609377131112344,1.12762325508858
TCGA-LG-A6GG-01A,0.276032731848207,0.0479124271568554,0.0689990784948958,0,0.00354247147712725,0,0.164882828011868,0.134304594763928,0.243629489186436,0,0.0606963790606833,0,0,0.04,0.0493925343533108,1.07093611933329
TCGA-CC-A7IJ-01A,0,0.00237861977385228,0.110455735814997,0.0981375925885689,0.0920890897602704,0,0.00915769557853191,0.372508476118053,0.307864447282365,0,0.00740834308336124,0,0,0,0.361175365463006,0.946229683277004
TCGA-DD-AACA-01A,0.0794621674307815,0.0477672004331249,0.0181581286394647,0,0.00359613932386278,0,0.388392822614319,0.305592965097305,0.157030576461142,0,0,0,0,0.02,0.102922005048029,1.14023426441041
TCGA-DD-A39V-01A,0.240817551416623,0.0399889721749349,0.118884566029585,0.00480053230836049,0.0226831630611262,0,0.121671355112314,0.0972059049755899,0.321705145291285,0,0.0322428096301814,0,0,0.04,0.0533935063003996,1.05958512752872
TCGA-2Y-A9GS-01A,0.0557118988389454,0,0,0,0.0269315818685123,0,0.112210052858528,0.280701225068426,0.489310036119271,0,0.0351352052463174,0,0,0.01,0.129149669711807,1.07310157092934
TCGA-DD-AACW-01A,0.0613637465069794,0,0,0.186016002460137,0.0742597605728359,0,0.179470312445421,0.0428218071608471,0.418996509074961,0,0.0370718617788185,0,0,0.04,0.0548165643733956,1.06819751662514
TCGA-FV-A3R2-01A,0,0.0472196262231219,0.0460190689448275,0,0.00169726546366214,0,0.277243838641424,0.189696745748914,0.406385201759088,0,0.0317382532189628,0,0,0.03,0.0764702988856258,1.10035100359941
TCGA-ZP-A9CY-01A,0.0588018874955179,0.00627853339781611,0.0102842908374891,0,0,0,0.186040641353938,0.334527000118338,0.380382742276388,0,0.0236849045205133,0,0,0.03,0.0866130007805534,1.11114866764637
TCGA-NI-A8LF-01A,0.0648169458093059,0,0,0,0,0.0141283656409245,0.436725104736132,0.306955239827608,0.165489497228611,0,0.0118848467574188,0,0,0.02,0.111083456892134,1.15908173704468
TCGA-DD-AAE2-01A,0.0431506569294888,0.0277031439353238,0.125918174077646,0,0.0638012601793985,0,0.194593983327851,0.302617282237192,0.233732821243252,0,0.0084826780698483,0,0,0.03,0.0843920655985479,1.08868134440896
TCGA-5C-A9VG-01A,0.191975992056384,0,0.0254815912241994,0,0.0139923393252786,0,0.0613582411554747,0.523113033701198,0.142096618908037,0.0419821836294284,0,0,0,0.01,0.128600125569544,1.12638102823685
TCGA-KR-A7K8-01A,0.0812493912368317,0.0506861889995078,0.112288342436848,0,0.0270841885979565,0,0.136585555568436,0.246443451171828,0.325710329543883,0,0.019952552444708,0,0,0.02,0.0958065370790639,1.06306721461115
TCGA-ZP-A9CZ-01A,0.189480719167081,0.0412826089271481,0.0235439092371064,0,0.0610162705555637,0,0.0753683216560951,0.206499455867062,0.371862060300731,0.000353057736036627,0.0305935965531762,0,0,0.02,0.093475627030817,1.05446565655679
TCGA-EP-A12J-01A,0.121152643576247,0.0408792059205725,0.105185782093381,0,0.00611195841142282,0,0.421448468541819,0.106553445137863,0.193178186249123,0,0.00549031006957229,0,0,0.03,0.0867537047207921,1.10410700179271
TCGA-DD-A4NV-01A,0.0951169471189681,0,0,0,0,0.0179049305995879,0.259909001997021,0.360005210903517,0.252632670569596,0,0.0144312388113104,0,0,0.01,0.1211863685103,1.11136646361731
TCGA-BC-A3KF-01A,0,0.0335351848440305,0.0549152300892372,0,0,0,0.236428860183882,0.33664926213504,0.33847146274781,0,0,0,0,0.03,0.092090683317775,1.1166473100259
TCGA-XR-A8TD-01A,0.0386425785306438,0.0144701443329,0.0681349374767578,0,0.0877292157855217,0,0.13038995699083,0.321102590019027,0.304695479056729,0,0.0348350978075913,0,0,0,0.19705866561151,1.0332413119179
TCGA-DD-A4NK-01A,0.0684982976127426,0,0,0,0,0.0259059710666994,0.390968352006395,0.218835957674397,0.269083551558613,0,0.0267078700811532,0,0,0.03,0.0607937718274608,1.14216298019962
TCGA-DD-AACP-01A,0.309841581950597,0,0,0.301270761596024,0.0246938238304533,0,0.0712459223494774,0.086997044908604,0.162595054109698,0,0.0433558112551465,0,0,0.08,0.0315085112519829,1.06693584857239
TCGA-G3-A7M5-01A,0.198282184713556,0.0597429243801578,0.0351423766724282,0,0,0,0.243272080871084,0.0707487275663805,0.364123664709478,0.00143144530664559,0.0272565957802695,0,0,0.04,0.0567953513222558,1.07443968829648
TCGA-DD-A4NS-01A,0,0,0.0240163446191513,0,0.0516151194788473,0.013902119142218,0.114687603668141,0.566492940298671,0.200286178135784,0,0.028999694657187,0,0,0,0.25864485658601,1.0764438231497
TCGA-WX-AA46-01A,0.0456950149567382,0,0,0,0.0261336747554382,0,0.196847997801788,0.261496721039258,0.440396913574603,0,0.0294296778721738,0,0,0.02,0.0939398994290482,1.09446472463794
TCGA-O8-A75V-01A,0.0793715795681507,0.0367958739720834,0,0,0,0,0.0938790694840732,0.293454196388889,0.454572160145823,0,0.0419271204409798,0,0,0.02,0.101742450376049,1.08232608747061
TCGA-DD-AACH-01A,0.0697923680290003,0.0308270560426992,0,0,0,0,0.0904601546528395,0.344450651145244,0.413265998980959,0,0.0512037711492578,0,0,0.02,0.108213251498167,1.09092340604483
TCGA-DD-AAVQ-01A,0.196568655642976,0.0731143022158849,0.0899156003433946,0,0.158799032995061,0.000983400074618821,0.0344609240914959,0.140438982485273,0.287130110969963,0,0.0185889911813331,0,0,0.03,0.089751163959199,1.0355319516632
TCGA-RC-A7S9-01A,0.418562802150493,0,0.0262692805301915,0.0511811164465701,0.027632316755565,0,0.150086026012115,0.0405980084353795,0.246737610881704,0,0.038932838787982,0,0,0.0600000000000001,0.040794918948285,1.07588950629759
TCGA-BC-A8YO-01A,0.0211314188019279,0.0980704923662924,0.181869244467266,0,0.0844827001944811,0,0.118965690281752,0.0933440389859734,0.399484538383958,0,0.00265187651834917,0,0,0,0.142574844704891,1.02632759388005
TCGA-DD-A4NR-01A,0.0338977630743548,0.0722387809579731,0.1788521165249,0,0.0724266782281797,0,0.0247992052365071,0.176401324618139,0.402258781863155,0,0.0391253494967913,0,0,0.02,0.114445249571844,1.04399192528861
TCGA-CC-A8HU-01A,0.212679805189914,0,0,0,0,0,0.0903795751399543,0.27700058956086,0.367582586080967,0,0.0523574440283053,0,0,0.03,0.0636140360154052,1.09164593900902
TCGA-DD-AAVS-01A,0.140725703364521,0,0.0118805909616881,0,0.047082024355342,0,0.157516675015388,0.317332860199521,0.298163833892877,0,0.0272983122106625,0,0,0.01,0.120601523714293,1.07493227741656
TCGA-CC-A7IH-01A,0.227109385236955,0,0,0.038107300448543,0,0.0212374389141114,0.431202284522206,0.153859389913703,0.116401755347822,0.00385065693002035,0.00823178868663956,0,0,0.03,0.0650674477176376,1.13353437138537
TCGA-FV-A3I0-01A,0.119740221375788,0,0,0,0.0353261061079006,0,0.0826667639807951,0.48774448899349,0.250398475104191,0,0.0241239444378346,0,0,0,0.220269809318573,1.06360008384064
TCGA-MI-A75H-01A,0.119973577764649,0.0115862652128835,0.0725171365619873,0,0.0587314910171159,0,0.32207603031832,0.131950750045819,0.255633864822536,0,0.0275308842566901,0,0,0.02,0.0962182010000318,1.07564027282844
TCGA-CC-A9FV-01A,0,0,0.0417903359252757,0,0.0580807824436538,0,0.00853959335104324,0.392421432644059,0.467731426346915,0.0314364292890535,0,0,0,0,0.290213011806558,0.99837312004606
TCGA-BC-A217-01A,0.309905458425925,0.0606455003236669,0.132691184229863,0.00380106744134657,0,0,0.0731157281446483,0.0601995367359393,0.336252292410553,0,0.0233892322880574,0,0,0.03,0.0851019791242884,1.04820775194913
TCGA-DD-AAD5-01A,0.0605609463721051,0.151597263906421,0,0,0,0,0.0461794633606616,0.0707095813818805,0.574539935871217,0,0.0964128091077151,0,0,0.02,0.0987935326383006,1.07259187831019
TCGA-2Y-A9H0-01A,0.280127993446732,0.0448696496158111,0.116922894518319,0,0,0,0.0896250013378174,0.0868822481585875,0.35204410519615,0,0.0295281077265829,0,0,0.03,0.073793927746433,1.05407768045274
TCGA-DD-AAD8-01A,0.291984369429252,0,0,0,0,0.0269661419172914,0.113168432327879,0.280815283792794,0.24709825350559,0,0.0399675190271928,0,0,0.03,0.0593930332394282,1.09088546671001
TCGA-CC-A3MB-01A,0.200581772556714,0,0,0.0167530306033789,0.0100541856518941,0,0.122625437356387,0.335675752739512,0.28868123503098,0,0.0256285860611341,0,0,0.03,0.0837257375377905,1.09394852524375
TCGA-DD-A4NE-01A,0.140397077020786,0,0,0,0,0,0.146153278488705,0.47462998942404,0.227977357794661,0,0.0108422972718082,0,0,0.03,0.089938919033635,1.14652982773157
TCGA-5R-AAAM-01A,0.0291244132662414,0,0,0,0.0239502077607252,0.0321288365661688,0.134253693471879,0.402477245306092,0.355580008705289,0,0.0224855949236049,0,0,0.02,0.102055338631475,1.11390665291946
TCGA-DD-AADY-01A,0.331892791977881,0,0,0,0.0226510986365332,0.0268305815456749,0.250194809073848,0.243572429060897,0.119965071422857,0,0.00489321828230915,0,0,0.03,0.0765283728562821,1.09796501078726
TCGA-MI-A75I-01A,0.133926820325551,0.0735548326841528,0,0,0,0,0.173020622061925,0.18944462801393,0.370796899030539,0,0.0592561978839021,0,0,0.03,0.0892857797667768,1.06840135133796
TCGA-G3-A3CI-01A,0.137328234352898,0.000224749537412438,0,0,0,0,0.213494674662746,0.148156171003954,0.453836831901959,0,0.0469593385410299,0,0,0,0.148005887957121,1.05099218769553
TCGA-CC-A5UC-01A,0.0831934989669313,0.0088348849909727,0.00589948590803939,0,0.0228134312789091,0,0.0845584101058499,0.467307638652909,0.277933575734807,0,0.0494590743615813,0,0,0.03,0.0736615604931081,1.14431230545873
TCGA-FV-A496-01A,0.418003242886775,0,0,0.0453733622459033,0,0,0.27737243536092,0.0844815018791482,0.147312235259648,0,0.0274572223676052,0,0,0.08,0.0347787498641168,1.10223922024299
TCGA-DD-AACK-01A,0.151993927447674,0.0645957583912085,0.0556462755567779,0,0.00379786998621379,0,0.22555435777135,0.185205284733235,0.301355505758304,0,0.0118510203552368,0,0,0.04,0.0518827283471293,1.08305382758663
TCGA-XR-A8TE-01A,0.0770526940485787,0,0,0,0.00195329392960092,0.0582870436047053,0.254247965006431,0.41358812157608,0.19128524191485,0,0.00358563991975353,0,0,0.03,0.06563758379067,1.15903861310851
TCGA-DD-A3A4-01A,0.282177333599941,0,0,0.0943773457260309,0,0,0.398702250435984,0.103244420990653,0.112421538829032,0,0.00907711041835896,0,0,0.03,0.082722933770328,1.10502225358368
TCGA-RC-A6M4-01A,0.159189913766963,0.0181295316896913,0.0665624755888596,0,0,0,0.269308833281557,0.240358486912668,0.23600936335517,0,0.0104413954050913,0,0,0.04,0.0530830537042082,1.10637362204201
TCGA-ED-A7PY-01A,0.389750655496498,0,0,0.00220515053123277,0.00501521012504691,0,0.177151543429507,0.0962549533802192,0.282755273915521,0,0.046867213121974,0,0,0.02,0.0931526356077418,1.06318056781182
TCGA-DD-AADL-01A,0.0955898571626735,0,0,0.15956254136606,0.0673310792705608,0.0307302946465813,0.299484026165455,0.114356435052433,0.196510796424957,0,0.0364349699112795,0,0,0.03,0.0833236843001554,1.07082257933967
TCGA-UB-A7MC-01A,0.2494816399347,0,0,0.0195655439632995,0,0.0606887987795622,0.339133073095336,0.091524250940442,0.231812059361251,0,0.0077946339254093,0,0,0.09,0.0275367078169073,1.10779173702968
TCGA-ED-A82E-01A,0.0819495476649627,0,0,0,0.0592753994188135,0,0.0824929913208321,0.554727166526252,0.204259068261071,0,0.0172958268080686,0,0,0,0.206605206688314,1.09754822206484
TCGA-CC-A9FS-01A,0.261309253842266,0.0623624291167917,0,0,0.0212842120825475,0,0.15209601787393,0.200162592347602,0.28202281857262,0,0.0207626761642431,0,0,0.03,0.0595239187910634,1.07259138602159
TCGA-T1-A6J8-01A,0.171562254272586,0.0264145313859234,0,0,0,0,0.126471631587992,0.344416561117885,0.299561988595881,0,0.0315730330397324,0,0,0.03,0.0796903302164317,1.0991584279529
TCGA-DD-AAW0-01A,0.05785588982262,0.0701163083259288,0.0112256178769224,0,0.0766873012248293,0,0.0754877700639693,0.403313974400043,0.287703678903813,0,0.017609459381874,0,0,0.02,0.113614267620954,1.08815139324411
TCGA-BC-A216-01A,0.117168115476406,0.0754599442853322,0.149330575262638,0,0,0,0.0988388511975758,0.197605685358778,0.302962166554298,0,0.0586346618649723,0,0,0.03,0.0667973767164137,1.06391763763467
TCGA-DD-AACG-01A,0.185727347468887,0.124746237555636,0,0.0126950553588694,0.0732841980842343,0,0.0772015469475847,0.030197887681162,0.449630266361691,5.06136604941114e-05,0.0464668468814415,0,0,0.03,0.0695746751119992,1.05632397554209
TCGA-CC-A123-01A,0.226027609016562,0.0652818733938377,0.0328374465067308,0.00927772242428646,0.00178517726955769,0,0.096104548554249,0.159645419842295,0.371026967728689,0,0.0380132352637912,0,0,0.03,0.0757955201907954,1.05826312187249
TCGA-DD-A1EE-01A,0.123605426080743,0.0320696866991382,0,0,0,0,0.332720317308534,0.164078905212324,0.315121428946425,0,0.032404235752836,0,0,0.03,0.0608170234644069,1.10871506362993
TCGA-FV-A3I1-01A,0.0634344055866443,0.0499421773012255,0,0,0.0216803324917601,0,0.0514424203122493,0.393120594047604,0.376756398292896,0,0.0436236719676206,0,0,0.02,0.0985455080028376,1.10082266778298
TCGA-G3-A5SJ-01A,0.0918229517380845,0.0672152353678956,0,0.0167534718164291,0.142225672669314,0.0115265806408288,0.114868138612468,0.178459585633406,0.293874630864517,0,0.0832537326570572,0,0,0.03,0.0717833827197479,1.06129672402145
TCGA-BC-A3KG-01A,0.301669676422662,0,0,0.0518472277744457,0,0,0.141935083216755,0.159313750293805,0.279269177511602,0,0.0659650847807306,0,0,0.03,0.0767009192763918,1.06672787846894
TCGA-ZS-A9CF-01A,0.0778763238628236,0.112437757014475,0,0,0,0.00369017247046911,0.340369075111154,0.162866715549682,0.281657253859065,0,0.021102702132331,0,0,0.03,0.0899332750983709,1.09030191772794
TCGA-RC-A6M6-01A,0.238325814258824,0,0,0.0911650368523503,0.0490369140994943,0,0.0621464576601934,0.194850194614459,0.316359725391013,0,0.0481158571236657,0,0,0.1,0.0244853756113641,1.07982570150228
TCGA-DD-AACI-01A,0.19293026949769,0.0834408818855117,0.0605963563075981,0,0.0595430861683938,0,0.0629936216804247,0.110666204385676,0.367780426290682,0,0.0605910782168382,0.00145807556718554,0,0,0.142019089272975,1.02582082501002
TCGA-EP-A3JL-01A,0.136978828197559,0.0450817123963315,0.0322520232596178,0,0.0149094145647947,0,0.0938646324508349,0.214279994460754,0.412122932203669,0,0.0505104624664382,0,0,0.04,0.0526227896560531,1.08162903419465
TCGA-CC-A5UD-01A,0.131388635314316,0,0,0.0293148461923836,0,0,0.397097306296892,0.178431407553672,0.25098087224036,0,0.012786932402376,0,0,0.03,0.0648062186050766,1.12902582869377
TCGA-ES-A2HS-01A,0.18372817505512,0,0,0.00391040137501589,0,0,0.218749586245239,0.255396369206905,0.30893615406899,0,0.0292793140487305,0,0,0.0600000000000001,0.0408133330462646,1.11148260359651
TCGA-BC-A10U-01A,0.280772031661537,0.0662811233352151,0,0.0192920096668348,0,0,0.0702335530969173,0.124291092412908,0.408260920620612,0,0.0308692692059762,0,0,0.03,0.0775835679129625,1.05733250363454
TCGA-DD-A119-01A,0.24967934013234,0,0,0,0.0161757257895559,0,0.0869536739150218,0.327662095769151,0.281948610841871,0,0.0375805535520605,0,0,0.03,0.0742293241801449,1.09349355705212
TCGA-2Y-A9H1-01A,0.218128449477497,0.0991536618956578,0.0446034229427266,0.00176827413445069,0.0447475464202996,0,0.144173130703061,0.0512316040366838,0.336187411137068,0,0.0600064992525547,0,0,0.04,0.0573267543739585,1.0585177067478
TCGA-G3-A5SK-01A,0.203014985418586,0.0414329007317472,0.0847104512414791,0,0.0502651469015224,0,0.156228209399253,0.110412953065549,0.323568167307503,0,0.0303671859343608,0,0,0.04,0.054916903576812,1.06138931353881
TCGA-BC-A10Y-01A,0.0868985337266635,0.0440612731837652,0.104929782551349,0,0.0401548665503364,0,0.266891689530852,0.182772614058142,0.255059132752261,0,0.0192321076466315,0,0,0.03,0.0762650607271712,1.07881819630088
TCGA-DD-AAE1-01A,0.162208089274539,0.050065441757263,0.0327715507756132,0,0.0986992942553236,0,0.220996387993579,0.110478251528872,0.315181769281414,0,0.00959921513339563,0,0,0.07,0.0368329031673689,1.07427070106915
TCGA-DD-AADN-01A,0.230733781932507,0.0862369697028219,0.165088750363796,0.003828050099684,0.101103094884384,0,0.0213564312021197,0.000854931303379588,0.333160417807113,0,0.0399664545135568,0.0176711181906382,0,0.03,0.0807099645305019,1.04827693591158
TCGA-CC-A3M9-01A,0.00577284978424064,0.0172581582672061,0.208795789690392,0,0.163472666975226,0,0,0.217353038998066,0.374444852187794,0,0.0129026440970762,0,0,0,0.420556119409448,0.907382412442292
TCGA-DD-A73C-01A,0.079913286484446,0,0.00669581109076741,0,0,0,0.361228711931487,0.248536705239696,0.301367149129949,0,0.00225833612365449,0,0,0.02,0.0999314981055448,1.12023796621311
TCGA-BW-A5NP-01A,0.412146456771153,0,0,0.0425727348387626,0,0,0.183132306105495,0.166385219963505,0.170448352921696,0,0.0253149293993883,0,0,0.08,0.0336594146864025,1.09542579477254
TCGA-CC-A7IL-01A,0.36646981705872,0,0,0,0,0,0.300194559510634,0.0361079301665755,0.278672447924941,0,0.018555245339129,0,0,0.08,0.0351050001533062,1.10190345871513
TCGA-DD-AACV-01A,0.248181674308341,0,0,0.104381293174737,0,0.0163703371222332,0.311932171577348,0.0577690932110737,0.246059250720988,0,0.0153061798852785,0,0,0.03,0.0664080373402084,1.07896199322119
TCGA-DD-AAD1-01A,0.0339433386855355,0.0350371502721636,0.0272647500202056,0,0.0911118636420936,0.0419095445549236,0.0507983848341774,0.550252711441127,0.162709305565688,0,0.00697295098408621,0,0,0.03,0.0918406341602677,1.15426500188344
TCGA-DD-AAVV-01A,0.078463119271173,0.0345421740474249,0,0,0.0912917664719111,0,0.0939983151648586,0.334277097913576,0.317889703044143,0,0.0495378240869137,0,0,0.01,0.124107257531027,1.0700047277673
TCGA-ED-A8O5-01A,0.224045560231478,0,0,0,0.00995937793936295,0.048260932623845,0.318885185436375,0.298822542775056,0.0972981503080982,0,0.00272825068578558,0,0,0.03,0.0755186627092186,1.12962117294214
TCGA-ED-A97K-01A,0.027559389254714,0.0476816860949396,0,0,0.0416587933905622,0,0.095028902885526,0.530800961265578,0.197492068641493,0,0.059778198467187,0,0,0.02,0.115758972874177,1.14895510663844
TCGA-2V-A95S-01A,0.253950885559541,0.150296972086041,0.117093188627434,0,0.0839415793377909,0,0.0346237122111053,0.0470932498695787,0.191178470706169,0,0.111474500445769,0.0103474411565712,0,0.03,0.0748175426095629,1.05037874211166
TCGA-UB-A7MB-01A,0.211734857643736,0,0,0.0835259170665151,0,0,0.355141802935221,0.0916710534326555,0.227111371758552,0,0.0308149971633206,0,0,0.03,0.090741660207819,1.08403806097282
TCGA-CC-5264-01A,0.163587286361419,0.0497642142727585,0,0,0.119871099205727,0,0.0747155494169429,0.292885941782335,0.288806461015243,0,0.010369447945575,0,0,0.02,0.0953474512939734,1.06214992198802
TCGA-ED-A66Y-01A,0.367013919340512,0,0,0.0124529882002283,0,0,0.118520334264771,0.381288678728427,0.1120780582311,0,0.00864602123496137,0,0,0.11,0.0235828135738518,1.14645208060469
TCGA-ED-A627-01A,0.0229864982058451,0.0159353908645412,0.0708688854753152,0,0.0320005945270051,0,0.0933653539099584,0.46137752313774,0.24499110176238,0,0.0584746521172148,0,0,0.01,0.141339029927057,1.1043684303722
TCGA-DD-AACC-01A,0.145971644643286,0.0671268377569729,0.188427396210146,0,0.138631996953933,0,0.0405012298741132,0.0765722393915245,0.30764349086119,0,0.0351251643088345,0,0,0.04,0.0542383457840006,1.04974156311598
TCGA-DD-A4NB-01A,0,0.0118378476507663,0,0,0,0.041993196699959,0.0394885755969854,0.766397563044513,0.140282817007776,0,0,0,0,0,0.294187368616316,1.1354574433022
TCGA-ED-A66X-01A,0.0477927107710259,0.0400213452554236,0,0,0.0479045555243745,0,0.0208232477278158,0.537268101291433,0.301039783503597,0,0.00515025592633067,0,0,0,0.14901353945669,1.1173928578108
TCGA-DD-A114-01A,0.0766971039546895,0.066793009682789,0.0568631976152406,0,0.128224231463303,0,0.0971573341844379,0.302365460903085,0.252516932818684,0.00165944016342306,0.0177232892143479,0,0,0,0.261674460322298,0.987602495137535
TCGA-DD-A3A9-01A,0.14311447813393,0,0.00583151839034737,0,0.000225288765351762,0,0.10172316485233,0.47470782248843,0.253090606135659,0.000268448675704602,0.0210386725582475,0,0,0.03,0.0833869687843581,1.14188479675
TCGA-XR-A8TG-01A,0.0755839513289784,0,0,0,0,0.0258843916548598,0.213281350893553,0.32867455096976,0.211596473709443,0,0.144979281443406,0,0,0.03,0.0851931806130515,1.13008069457789
TCGA-ES-A2HT-01A,0.311722672171405,0,0,0.0170112222964569,0,0,0.128395822378379,0.231587960729316,0.269155444279494,0,0.04212687814495,0,0,0.03,0.0630290224409021,1.08247109755905
TCGA-2Y-A9H3-01A,0.288068730467034,0.0074980008249062,0.0796710354778919,0,0.0274515684545156,0,0.0679874084289127,0.125928125727791,0.261830220583191,0.109755971154704,0.0247640861177576,0.00704485276329519,0,0.01,0.119016293908624,1.03991267692026
TCGA-2Y-A9HB-01A,0.0984398180573045,0.0355002863040335,0.0732141127624727,0,0.0490325128820234,0,0.124288863951461,0.268481469104208,0.351042936938497,0,0,0,0,0.01,0.133038292871309,1.0499750573083
TCGA-FV-A495-01A,0.113806692186765,0.0923582709628534,0.0229631437769653,0,0.0228824035294586,0,0.0527801005942055,0.366507863142244,0.294498626892643,0,0.034202898914866,0,0,0,0.155504164502372,1.05384861757401
TCGA-G3-AAV4-01A,0.164658734667405,0.0114309738147201,0,0,0,0.0127050866879301,0.412789201982827,0.0958337380787988,0.283421841684017,0,0.0191604230843011,0,0,0.03,0.0630110356370971,1.11866536034272
TCGA-BC-A10W-01A,0.033203459093713,0.149274459002564,0,0,0.0795674513265477,0,0.11877175367428,0.250829503221529,0.338106580631568,0,0.0302467930497993,0,0,0.03,0.0779803051613975,1.06821628244524
TCGA-DD-A1EK-01A,0.0499383547663563,0.0674509527327568,0,0,0,0,0.127923071440752,0.20545009858393,0.501056592334548,0,0.0481809301416568,0,0,0.03,0.088606120859435,1.07896409416718
TCGA-DD-AAD6-01A,0.257211353163803,0.139199134544756,0,0,0.0169262298199953,0,0.12742753020166,0.0343313716064184,0.400980436342463,0,0.0239239443209037,0,0,0.05,0.045103167786781,1.06421237686865
TCGA-G3-A3CH-01A,0.0605514870842295,0.0331982499526831,0.0222496323489823,0,0,0,0.309466818011235,0.203983987207321,0.350111874578213,0,0.0204379508173362,0,0,0.01,0.137322847541544,1.07464129801498
TCGA-KR-A7K2-01A,0.182342598051397,0.0264271834759132,0.00114473507118546,0,0.0255568566396483,0,0.149286686277423,0.31426244267847,0.27406171826703,0,0.0269177795389322,0,0,0.02,0.107274320731866,1.07775424539011
TCGA-DD-AAEG-01A,0.205876494502535,0,0,0.0217912102775196,0,0,0.197463065694728,0.323693963145117,0.168109622601731,0,0.0830656437783685,0,0,0.03,0.0890389131608231,1.10598334336535
TCGA-ZS-A9CD-01A,0.0632233943429224,0.0778225623271675,0,0,0.00264113122935012,0.0336362324989072,0.170649008965756,0.317629775212945,0.242751637502465,0,0.0916462579204862,0,0,0.05,0.0449668709920887,1.11916109092
TCGA-2Y-A9GV-01A,0.0596630430558841,0.0462670765512905,0,0,0,0,0.193368449368422,0.138206512721202,0.542145368796243,0,0.0203495495069581,0,0,0.04,0.0530675008135767,1.09641498604624
TCGA-BC-A10T-01A,0.0502672236839419,0,0.00177032667558506,0,0.0386382199248093,0,0.227540771762173,0.51922227675889,0.162561181194601,0,0,0,0,0,0.156955201286054,1.14705487162057
TCGA-DD-AAEI-01A,0.00238057247662263,0.109978721608973,0,0,0.0926487201905006,0,0.172028011205225,0.121653564459449,0.490526800653375,0,0.0107836094058552,0,0,0.01,0.129291556551983,1.04677456104369
TCGA-FV-A2QQ-01A,0.178104900153717,0.0312731052411841,0.00405306614288569,0,0.0100708229418687,0,0.138199281535204,0.166423343768179,0.416610123130177,0,0.0552653570867842,0,0,0.03,0.0755906503315659,1.07145910655557
TCGA-PD-A5DF-01A,0.0457101457584383,0.0708560532635514,0,0,0.0131739004845267,0,0.0544286551952556,0.460544011252203,0.32965440000712,0,0.0256328340389049,0,0,0.02,0.103362423994572,1.11817349565571
TCGA-EP-A2KC-01A,0.175612191001255,0.0555365848082619,0.0245602440004667,0,0,0,0.252527474214099,0.201873663427853,0.276343665587512,0,0.0135461769605527,0,0,0.03,0.0837142905827937,1.07889697015728
TCGA-CC-A7IG-01A,0.294820343200622,0,0,0.0392663639009583,0,0,0.0352140429673815,0.210710020253177,0.336198213132822,0,0.0837910165450384,0,0,0.03,0.0905712722496142,1.06704813499994
TCGA-DD-A3A3-01A,0.37104398338351,0.019215355618838,0.0324920746151698,0.0108373588689767,0.00543891885264036,0,0.141945778561942,0.0748921420048623,0.290843700691193,0,0.0532906874028683,0,0,0.0600000000000001,0.0411994117039508,1.07668006251552
TCGA-4R-AA8I-01A,0.182479865548749,0,0,0.129587150304059,0,0,0.25648592474201,0.129507530384469,0.25320827056356,0,0.048731258457152,0,0,0.02,0.1152779648051,1.05562930630191
TCGA-G3-AAV3-01A,0.291384845707838,0.0352417940559879,0.100486193816626,0,0.0111637054441125,0,0.0760449213268097,0.225184608281602,0.237863836374612,0,0.0226300949924127,0,0,0.03,0.0893103337645965,1.05621324023837
TCGA-G3-A3CJ-01A,0.192285636332291,0.0316343993358407,0.037260405096562,0.00564036436990111,0.028907648483266,0,0.235744230875184,0.18348963418372,0.264528058903249,0,0.0205096224199866,0,0,0.04,0.057193860805355,1.08258364872236
TCGA-DD-A4NG-01A,0.0185025076901523,0.107550948013665,0.0321662412349471,0,0.0172332013515783,0,0.229596377167165,0.212472817521273,0.202605257235295,0.000278307242147519,0.179594342543777,0,0,0.03,0.0795468180091454,1.11090976819719
TCGA-DD-A4NP-01A,0.152577520015229,0.0351653971952786,0.0117870478635849,0.00117454256844494,0.0047798702514125,0,0.369089759388733,0.086019758489055,0.273289361517197,0.0442641506771308,0.0218525920339345,0,0,0.17,0.0177964313789105,1.12088593734537
TCGA-5R-AA1D-01A,0.000200718425603347,0.0149582223644999,0,0,0.00502669851780252,0.0403883912058893,0.181384667557894,0.597547319853266,0.160493982075045,0,0,0,0,0,0.206981186537757,1.14068389219704
TCGA-ED-A5KG-01A,0.0554095654306059,0.0693087924303247,0.253959834366587,0,0.203573864974378,0.06825169750391,0.0397965921447063,0.122274664905458,0.176241115266837,0,0.0111838729771922,0,0,0,0.146721645902557,1.01137944369846
TCGA-DD-AAW2-01A,0.111676574659148,0.00369064240965712,0.032188275206184,0,0,0,0.368682770828899,0.277813145200258,0.195243108848452,0,0.0107054828474021,0,0,0.03,0.0743882283672945,1.14094356869423
TCGA-2Y-A9GW-01A,0.130148827336658,0.0433509314187286,0.039195413713305,0,0.0675889223767838,0,0.0341089502270697,0.292844671552843,0.346008771911783,0,0.0467535114628287,0,0,0.04,0.0466962611877818,1.08848492469177
TCGA-DD-A116-01A,0.195541761953436,0.0154345381262285,0,0.0571644020163911,0,0,0.287403204590803,0.140392759794729,0.265052569417483,0.00819227681578272,0.0308184872851461,0,0,0.04,0.0531247306774956,1.090751735768
TCGA-CC-A1HT-01A,0.00759529177344076,0.0627043839405819,0.0838686706606121,0,0.154334725112537,0,0.0386351993679959,0.206521233115579,0.364928646511605,0,0.0814118495176481,0,0,0,0.242659071335646,0.993573254310385
TCGA-DD-AAC8-01A,0.241700890128681,0,0,0.069156836611464,0,0,0.220352811692283,0.0742580934764024,0.362765379009493,0,0.0317659890816767,0,0,0.03,0.0797745273434527,1.06414000867305
TCGA-G3-AAUZ-01A,0.177185487479878,0.0360979194155986,0.0928701460671089,0,0.00167468351136701,0,0.118176988166832,0.20982265562348,0.34144843352006,0,0.0227236862156755,0,0,0.03,0.0900049132572745,1.05844703908912
TCGA-DD-AAD2-01A,0.0336472020098174,0.0106113492033327,0,0,0,0,0.0593557659997363,0.552613241703001,0.321873170633823,0,0.0218992704502896,0,0,0.02,0.097958594556571,1.16765831030423
TCGA-BD-A3EP-01A,0.144478881433263,0.067118213620877,0,0,0.056258493507669,0.0335667626043788,0.0732088412309884,0.353706218080606,0.26360939795655,0,0.00805319156566782,0,0,0.04,0.0582718386636301,1.09463649878644
TCGA-DD-AADR-01A,0.173935856063644,0.0433913041007521,0.0482910743341512,0,0.0280470170323537,0,0.245650905835248,0.111912003456382,0.32765358094835,0,0.0211182582291179,0,0,0.03,0.0781898937482652,1.06635807799273
TCGA-DD-AAVU-01A,0.315443629998704,0.0549332503208638,0.0263717569446288,0,0,0,0.114211767444278,0.0997592345080862,0.367461362591946,0,0.0218189981914935,0,0,0.03,0.0625711451658517,1.06338045659856
TCGA-QA-A7B7-01A,0.440215054894081,0.0392627598360291,0.0367083565718936,0,0,0,0.0979844236521522,0.195028638251694,0.175163578233626,0,0.0156371885605242,0,0,0.03,0.0667329776959838,1.07619058535589
TCGA-UB-AA0U-01A,0.00466552640540663,0.0445565274626785,0,0,0.0902724454715348,0.0190318161623757,0.0547125428755523,0.465897494489395,0.299245728001112,0,0.0216179191319447,0,0,0.02,0.109341145695239,1.11488136744939
TCGA-CC-A9FU-01A,0.325821066863562,0,0.102449994402704,0.0071305019825292,0.0893172349769085,0,0.107681238911123,0.0845789972095864,0.256193587783364,0,0.0268273778702228,0,0,0.11,0.0217367603925255,1.07019717958456
TCGA-DD-A113-01A,0.154464421148058,0.0930458077624112,0,0,0.0112992155327754,0,0.134921867300526,0.253186982101537,0.347396635104415,0,0.0056850710502778,0,0,0.02,0.100021535011851,1.06241605476083
TCGA-KR-A7K0-01A,0.0852994039050243,0.0328004089753508,0,0,0,0.017129159099172,0.245037303105972,0.331583501793103,0.238322958054308,0,0.0498272650670694,0,0,0.03,0.0833808301217152,1.1181008189588
TCGA-DD-A4NL-01A,0.0279355546849567,0.0586975227123769,0,0,0.0205966680254725,0.0117667229311494,0.271078201700729,0.300192052246307,0.27101107116502,0.00174115870044879,0.03698104783354,0,0,0.08,0.0318541751424812,1.14100537972234
TCGA-DD-AADW-01A,0.10416694837852,0,0,0,0,0.0128306850558599,0.0993448115382771,0.607317520492355,0.176340034534988,0,0,0,0,0.03,0.0828378152814346,1.20664317530885
TCGA-DD-A39X-01A,0.162417005789626,0,0,0,0.016985843198379,0,0.169362718265384,0.21024248587741,0.395966245700029,0,0.0450257011691722,0,0,0.03,0.0706302746313417,1.0842148730171
TCGA-DD-AAEE-01A,0.218260355980395,0,0,0.0954979970778609,0.0167882197736173,0,0.282391426367289,0.187071557731135,0.182732077840452,0,0.0172583652292522,0,0,0.03,0.0634618944322647,1.0925814171219
TCGA-2Y-A9GU-01A,0.310892154567137,0.00910043643441476,0.0563923149436537,0,0,0,0.153496755412219,0.222704665673353,0.234747251534908,0,0.0126664214343149,0,0,0.03,0.0869780756785687,1.0684606243643
TCGA-CC-A7IE-01A,0.230295035820248,0.0549044004686147,0.0355952215099038,0,0.0732085555071593,0,0.0667772063976808,0.188952970022909,0.311629241076767,0,0.0386373691967176,0,0,0.04,0.0516357851523982,1.06456643658745
TCGA-WX-AA44-01A,0.128420495534041,0.0539907874219784,0,0.0688775467605259,0.0327979692487252,0,0.0842377643614214,0.22707658358887,0.350806930570326,0,0.0537919225141132,0,0,0.02,0.116575764127949,1.04822143984279
TCGA-G3-A7M8-01A,0.123283259958678,0,0,0,0.00806956351486034,0,0.242116634847259,0.210477073027035,0.386068176116109,0,0.0299852925360579,0,0,0.02,0.0947068675620804,1.08506448149966
TCGA-ED-A7XP-01A,0.0928640820695583,0,0,0,0.0331887583276691,0.0104997400280743,0.214235551433524,0.347033180550453,0.28078798407271,0,0.0213907035180111,0,0,0.07,0.0364578133119751,1.13961492783576
TCGA-BW-A5NQ-01A,0.085568844133537,0.123010134977834,0.191698736498357,0,0.0982063886006163,0,0.0645994753685345,0.110659550661031,0.305426131709619,0,0.0208307380504711,0,0,0.03,0.0793922150421586,1.04058000067428
TCGA-DD-A73G-01A,0.301255065447205,0,0.00046775186711386,0,0,0,0.0809498846541186,0.18709875768889,0.383900385679005,0.00569527652841817,0.0406328781352488,0,0,0.03,0.0676168633427248,1.07414972799157
TCGA-RG-A7D4-01A,0.243150678068088,0.0663620191498783,0.156815703698083,0.00154788117033097,0.0599608883337046,0,0.0617030948278066,0.0382841161416294,0.334153673764033,0,0.0380219448464457,0,0,0.03,0.0920404119103785,1.0415863370834
TCGA-DD-A3A6-01A,0.00104879720312616,0.0290907156561697,0.0324242768369694,0,0.00497135386554322,0,0.164333022311377,0.610147059262348,0.147577912224223,0.0104068626402433,0,0,0,0,0.167737747888475,1.16896474839285
TCGA-BW-A5NO-01A,0.266257165377655,0.033420529522847,0.00841947506961178,0,0,0,0.183144757163764,0.14250987664377,0.335125570292325,0,0.0311226259300277,0,0,0.01,0.125114841705669,1.04578262343408
TCGA-CC-A3MA-01A,0.0788987788677782,0,0,0,0.0400037550303798,0,0.0822104427567993,0.713548278647743,0.0794511656641265,0,0.00588757903317293,0,0,0,0.331240133242023,1.08475467519229
TCGA-DD-AADC-01A,0.161645063132451,0,0,0.17469060181146,0.0221504432015533,0.0307196149491792,0.139891217504417,0.20809479375125,0.235519168018461,0,0.0272890976312288,0,0,0.04,0.0513963362101209,1.07171807993916
TCGA-G3-AAV0-01A,0.312870204310926,0.0617171217847121,0,0,0,0,0.182705042226107,0.161354485614463,0.262173165672718,0,0.0191799803910742,0,0,0.03,0.0700025553554299,1.06916759262287
TCGA-DD-AAE3-01A,0.0801261190191745,0,0,0,0.0207933026197495,0,0.264495539026927,0.284915080314651,0.310139886367496,0,0.0395300726520012,0,0,0.03,0.0680340715668057,1.12042895837269
TCGA-DD-A118-01A,0.223037570432137,0,0,0,0.0175512969064023,0,0.157916697014938,0.387340828187158,0.204613453576181,0,0.00954015388318414,0,0,0.03,0.0802494898188917,1.11754035625115
TCGA-DD-A1EF-01A,0.140261650897913,0.0833271860522392,0.00774797614924392,0,0.11459420979785,0,0.0979254744543842,0.310344795285979,0.245798707362391,0,0,0,0,0.03,0.0649247951008968,1.07861213624047
TCGA-DD-A11D-01A,0.0829751888042208,0.0162005248180158,0.0366863942208067,0,0,0,0.294449141903583,0.313137734080761,0.237915244371243,0,0.01863577180137,0,0,0.03,0.0647640842502677,1.13382748599371
TCGA-G3-A6UC-01A,0.192084907556302,0.0222095727184339,0,0,0,0,0.436411449495916,0.0724309310402611,0.266562847230448,0,0.0103002919586383,0,0,0.04,0.0486446946013848,1.12992063973872
TCGA-WJ-A86L-01A,0.357836885589328,0.00203458311588335,0,0,0,0,0.12294625324246,0.0516796520452133,0.401519643797762,0,0.0639829822093533,0,0,0.03,0.0627346796151003,1.07706121905452
TCGA-CC-5263-01A,0.122847529255168,0,0,0.00140612066034138,0.215822710059838,0.0148190380479075,0.0202274776667758,0.235664377525978,0.326656411704555,0,0.0625563350794362,0,0,0,0.145718988944509,1.03420933865459
TCGA-DD-AAE6-01A,0.308294931451268,0,0,0.0456625445814001,0,0.0195363442703968,0.208026423397187,0.0328262812329347,0.336847275472668,0,0.0488061995941452,0,0,0.28,0.0118062088060189,1.09134571549432
TCGA-K7-A6G5-01A,0.173400756022046,0.0486450258109385,0.0170313667861295,0,0.0340902230501709,0,0.133580816251182,0.191391787035334,0.356327781352974,0,0.0455322436912252,0,0,0.04,0.055373426031596,1.0745401631386
TCGA-DD-A1EL-01A,0.240561227455124,0.0717405393692707,0.0436075073423092,0,0.045496885524697,0,0.107516341552189,0.105380523910875,0.362698120609701,0,0.0229988542358352,0,0,0.02,0.0975887981162051,1.04250544266749
TCGA-G3-A7M6-01A,0.0259571685124095,0.0228399021635859,0,0.0834786999331439,0.0714264839722323,0,0.157402609467289,0.393440231498047,0.162005799020687,0,0.0834491054326045,0,0,0,0.150835625378653,1.08670273661877
TCGA-DD-AAE4-01A,0.162602010563662,0.050112964263493,0.0844602022153799,0,0.0989142199736704,0,0.15818284152895,0.10452583783372,0.312951544687474,0,0.0244164209753462,0.0038339579583035,0,0.03,0.0651642608646903,1.05328121012507
TCGA-MI-A75G-01A,0.259903559833531,0.0179345394500145,0,0.00505026197226103,0,0,0.319164546688195,0.114122278390025,0.247846321735737,0,0.0359784919302361,0,0,0.04,0.0577916622530241,1.09647331359142
TCGA-DD-AACQ-01A,0.435558933107033,0,0,0.0147880121619124,0,0,0.14814782010829,0.13928545959865,0.206880869937497,0,0.0553389050866173,0,0,0.04,0.0535204756921679,1.0844261527047
TCGA-DD-AADV-01A,0.0486552699545303,0,0,0.0507720591339908,0.014972138608297,0,0.190880432502531,0.407412201551643,0.276886370075806,0,0.0104215281732021,0,0,0.02,0.110163668676837,1.11945454912915
TCGA-LG-A9QD-01A,0.137090628917418,0,0.0214174816504007,0,0.0613007314161526,0,0.27920920407728,0.212658626550288,0.252688579879088,0,0.0356347475093725,0,0,0.22,0.0153651501960009,1.12159704719249
TCGA-DD-A3A2-01A,0.216225664951798,0.0444110428423105,0,0,0,0,0.158467145472282,0.178001515388879,0.380906707807237,0,0.0219879235374927,0,0,0.03,0.0658236856876273,1.07323874788868
TCGA-DD-A115-01A,0.109567588503029,0,0.0529494116605206,0,0.000325678927302218,0,0.199490965161182,0.378697698368437,0.236175089312313,0,0.0227935680672165,0,0,0.02,0.109405370347744,1.10749631249896
TCGA-DD-A1EG-01A,0.0620926908892398,0.0542776206346331,0.00544202219395223,0,0.0817745268446235,0,0.0745094659166924,0.281644046667527,0.381917905296702,0,0.0583417215566299,0,0,0.01,0.127120315780003,1.05862841726945
TCGA-DD-AADO-01A,0.204797257094414,0.0760662479260085,0.124993664020856,0.0070060821761961,0.073382598419337,0,0.0401139240417126,0.0710380001321591,0.348275954281177,0.00410747442506527,0.0502187974830748,0,0,0.03,0.0610966874724045,1.05270921971165
TCGA-5C-A9VH-01A,0.0824625958338433,0.00336093460220792,0,0,0.0144549596712513,0.0181377520368153,0.12859627316195,0.62144928536066,0.125663991536535,0,0.00587420779673628,0,0,0.03,0.0705600001014769,1.22928185582637
TCGA-DD-AACS-01A,0.217828582924549,0,0,0,0,0.0561539280051617,0.253328992402497,0.111820558956589,0.286276107313778,0,0.0745918303974254,0,0,0.03,0.0700933816202236,1.07852769836797
TCGA-DD-AAE7-01A,0.0779147336754124,0,0.0301365065104693,0,0.0412745078511071,0,0.190005868685726,0.30362270197317,0.33263541507769,0,0.0244102662264254,0,0,0.08,0.034617250899632,1.12180581034919
TCGA-DD-AADJ-01A,0.308254518279974,0.00337563983740317,0,0.0154345782198026,0.0844867467309464,0,0.261140874747355,0.04798380019785,0.231553717559715,0,0.0477701244269543,0,0,0.05,0.0430482668493121,1.0814381665866
TCGA-UB-A7MD-01A,0.0313252518841445,0.03670607659855,0,0,0.0583467400798628,0,0.253625188940247,0.219778011962665,0.32896484635375,0,0.0712538841807809,0,0,0.02,0.092818364806212,1.09122879680393
TCGA-CC-5259-01A,0.344021425426574,0.0791289710475134,0.0730523391910422,0.00350064083495681,0,0,0.148859547842919,0.0704866969167379,0.229122815786289,0.000952721295314651,0.050874841658653,0,0,0.04,0.058547392092355,1.06129657777658
TCGA-HP-A5MZ-01A,0.0498238499527508,0.0314964114302497,0.0127536330008962,0,0,0,0.0953201417278829,0.394473424663187,0.376152282229406,0,0.0399802569956279,0,0,0.03,0.077174501436448,1.11986895845157
TCGA-EP-A2KB-01A,0.0979993631607288,0.0148831996770157,0.124271323304568,0,0.0241908764618198,0,0.257095251631032,0.191128663502638,0.277371909323903,0,0.0130594129382947,0,0,0.07,0.0376025687493377,1.09815371750817
TCGA-ED-A7PX-01A,0.125639612820678,0,0,0,0.0307157562439789,0,0.0464604241538816,0.629636794037185,0.161980489222749,0,0.00556692352152745,0,0,0,0.374848258835697,1.00590021955201
TCGA-G3-A5SM-01A,0.119552755628777,0.0204818317018912,0.076516806327693,0,0.0255896572898244,0,0.0727823802942179,0.396089057086147,0.262719466908522,0,0.0262680447629267,0,0,0.03,0.0596473120563675,1.11344538207751
TCGA-DD-AAEB-01A,0.198161227691902,0,0.00835592620557165,0,0.000128361841530208,0,0.421049933732034,0.13778650449154,0.213279535461342,0,0.0212385105760805,0,0,0.07,0.0376058026728739,1.14218115559608
TCGA-BC-A5W4-01A,0.38905081401655,0,0,0.217970541477118,0,0.0088326959493334,0.136622258744328,0.022502292436549,0.197449262854165,0,0.0275721345219561,0,0,0.04,0.0512059039763622,1.06433230334071
TCGA-DD-A73B-01A,0.2045092522753,0,0,0.147543856084917,0.00256366352014999,0.0422864834523893,0.254822048881786,0.0883575314589841,0.242022108497592,0,0.0178950558288812,0,0,0.03,0.0601129626564059,1.06884227350172
TCGA-DD-A1EI-01A,0.0274728016053405,0.0180891282905257,0,0,0.0252956201217946,0,0.109455136463235,0.527162346872643,0.264918802658064,0,0.0276061639883982,0,0,0.02,0.107002332704359,1.15609161935657
TCGA-K7-A5RF-01A,0.0610301421515421,0.038330476196098,0,0,0.0313791290766734,0,0.127835302035777,0.247785644038033,0.452818236466565,0,0.0408210700353119,0,0,0.02,0.105468950219253,1.07344420971969
TCGA-DD-AACT-01A,0.0761833663621592,0,0.0184986318338682,0,0.00150140479708816,0,0.14317992311845,0.285129329026363,0.42978914530262,0,0.045718199559452,0,0,0.02,0.105864838568951,1.08504986369632
TCGA-DD-A4NO-01A,0.169475894595131,0,0,0,0,0.0293386805603177,0.215715097136443,0.325752394738921,0.217700082181689,0,0.0420178507874981,0,0,0.03,0.0857968183305556,1.10635541343268
TCGA-2Y-A9H8-01A,0.221741407854372,0.046851393681908,0.110552296662708,0,0,0,0.0299282202389411,0.171417364950542,0.370521208573974,0,0.048988108037554,0,0,0.04,0.0554938074841236,1.0671751611773
TCGA-DD-A3A8-01A,0.201413876159608,0,0,0.0506943927789788,0,0,0.48460079628491,0.0604358193790815,0.172086738225778,0,0.030768377171644,0,0,0.05,0.0450201193426092,1.14732615188801
TCGA-LG-A9QC-01A,0.205319368762328,0,0,0.0114187696925151,0,0.0227482480421737,0.388397458964134,0.205041419256116,0.155134329986722,0,0.0119404052960113,0,0,0.03,0.0612811050932111,1.13259467462119
TCGA-BC-A10S-01A,0.039284711507663,0.0383356560655432,0,0,0.00600097280346571,0.0287167828727306,0.165331183766171,0.244507803620418,0.426921106171544,0,0.0509017831924645,0,0,0.03,0.0760767219623909,1.09146269855157
TCGA-DD-AACN-01A,0.0765675448185415,0.0535939517953833,0,0,0.0410179244132846,0.0495403375097215,0.125277601754618,0.462228161803519,0.169979720317342,0,0.0217947575875905,0,0,0.03,0.0897847994451529,1.12938496486435
TCGA-DD-A1ED-01A,0.039994161513099,0,0,0,0.0238594246529437,0.034123104567496,0.338561822634984,0.0741131058149585,0.370236511920219,0.0697998630594446,0.0493120058368554,0,0,0.26,0.0130503756652537,1.12655572030426
TCGA-BC-A10Q-01A,0.014591452281922,0.0806526403042341,0,0,0.140205311754497,0.00447433750969753,0.0264378599075536,0.50743932940327,0.218563486335053,0,0.00763558250377335,0,0,0,0.148176443101032,1.09899561770812
TCGA-BC-A110-01A,0.0214165466629871,0.0192947144134399,0,0,0.0555826482973624,0.0182176495420226,0.134278353240125,0.371586998697962,0.277251327795721,0,0.102371761350381,0,0,0.02,0.093391560038475,1.11493210719865
TCGA-DD-AAW3-01A,0.0777632943698995,0,0,0.00423749333970053,0.0324839180664646,0.013089014687072,0.441462018089216,0.179431656381777,0.225301129665348,0,0.0262314754005231,0,0,0.03,0.0758656086539417,1.13978325484638
TCGA-2Y-A9H7-01A,0.36180934333134,0,0.0702893546782963,0,0.166834221625225,0,0.118679657740099,0.065779177420758,0.189531064648033,0,0.0270771805562479,0,0,0.11,0.0222625252089607,1.06857007050241
TCGA-CC-5260-01A,0.0221011625440185,0,0.0046019130790022,0,0.0720435348534695,0,0.0199365941790171,0.660774432799018,0.209582611062001,0,0.0109597514834741,0,0,0,0.36285730170003,1.02546935881376
TCGA-DD-AAD3-01A,0.0395615959070761,0.0802719586036632,0,0,0.0244930453271564,0.0366910828051364,0.0928249433503893,0.472515404330556,0.239276636572493,0,0.0143653331035297,0,0,0.03,0.0843023942361922,1.13264915481482
TCGA-G3-AAV7-01A,0.0918117029689145,0,0,0,0.169574824406579,0,0.0620382358313267,0.274905195935273,0.36809019334217,0,0.0335798475157363,0,0,0.02,0.0969095521026041,1.06583725169317
TCGA-DD-A39Y-01A,0.19496363209008,0,0,0.0915622981534234,0,0,0.026031698600502,0.15566137871118,0.453134366243072,0,0.0786466262017422,0,0,0.03,0.0772260776470262,1.0693947902032
TCGA-K7-A5RG-01A,0.111136657143701,0.133007059688929,0.20431497330178,0,0.100009561171046,0,0.0587534270555932,0.10320239030876,0.277947665656406,0,0.0116282656737849,0,0,0,0.179046918753917,1.00176680709414
TCGA-G3-A25Y-01A,0.106332423054867,0.0606405452028056,0,0,0.0636851386952117,0,0.0818516274563235,0.456977588957792,0.212636146690449,0,0.017876529942551,0,0,0.03,0.0774108080311088,1.12649528519187
TCGA-DD-AACF-01A,0.190293865564147,0.0910123871946384,0.022414548449597,0,0.0111108519046217,0,0.179596946313399,0.0603007343529025,0.378820464178682,0,0.0664502020420123,0,0,0.02,0.109823764801051,1.04655436173888
TCGA-DD-A39Z-01A,0.408109112203223,0,0,0.106354985997906,0,0,0.223521391789349,0.0743671976544389,0.131260430433655,0,0.0563868819214276,0,0,0.08,0.033019568037898,1.09001087607438
TCGA-DD-AACB-01A,0.227282556074431,0.0388041941483943,0.0792350588337625,0.0149642847581021,0.0626777322521758,0,0.112181386735766,0.0659853532413633,0.36058432519709,0,0.0382851087589145,0,0,0.03,0.0912385786914997,1.04408598926528
TCGA-DD-AADG-01A,0.206820698197728,0,0,0,0,0,0.444623822117811,0.195044457460431,0.153291110319073,0,0.000219911904957327,0,0,0.04,0.0550002638907298,1.15707855276421
TCGA-DD-AAW1-01A,0.155386542704005,0.0517442769478663,0.00924881057269224,0,0.00696324296307383,0,0.478419371976144,0.0821399859204307,0.202569005383721,0,0.0135287635320662,0,0,0.03,0.077536149413744,1.12822679433818
TCGA-DD-AAC9-01A,0.122657157462668,0.0298709857996632,0,0,0.0621605653833457,0,0.0777448563418903,0.344953316282934,0.289719007725707,0,0.0728941110037917,0,0,0.1,0.0242977710147883,1.12193329672928
TCGA-G3-A25Z-01A,0.147384277191934,0.0706420373989349,0,0,0.013008365697826,0,0.12653288824539,0.285634254755831,0.316843453452881,0,0.0399547232572031,0,0,0.03,0.0643552932361686,1.08729497459102
TCGA-DD-A4NF-01A,0.204725035348934,0,0,0.06345174022088,0,0.0135777623508533,0.530186659220345,0.0635959693227419,0.11391995041367,0,0.0105428831225755,0,0,0.02,0.103287638177365,1.13409523691241
TCGA-G3-A25V-01A,0.0669141372814957,0.0404535554066006,0,0,0,0.00573253155494271,0.187744929289876,0.296374129108212,0.310784842014671,0,0.0919958753442024,0,0,0.04,0.0514498550331707,1.12059120473385
TCGA-G3-AAV5-01A,0.120798671654405,0.0744070073134479,0.051305761399499,0.0015122156626807,0.00531928922288862,0,0.17717598541455,0.148676628560327,0.396413688392527,0,0.0243907523796742,0,0,0.03,0.0681805654051456,1.0681859746548
TCGA-BD-A2L6-01A,0.162656527722557,0.0465372941907909,0.0497474176934275,0,0,0,0.167488916670012,0.252880375630121,0.300250695548741,0,0.0204387725443509,0,0,0.03,0.0601960899631062,1.08511624026747
TCGA-XR-A8TF-01A,0.296109690395911,0.0245019015771604,0.0701413390651297,0,0.018657732557826,0,0.231859378966148,0.119412465589086,0.228637786760494,0,0.0106797050882458,0,0,0.0600000000000001,0.0400075873885259,1.08105755008595
TCGA-DD-AAEH-01A,0.117367938103892,0.0221326006831695,0.22269825741929,0,0,0,0.191213172530644,0.133841426136272,0.28155612498953,0,0.0311904801372019,0,0,0.02,0.0974053726214264,1.05199469405801
TCGA-GJ-A6C0-01A,0.0641873088201927,0,0,0,0.0573387187948059,0,0.0961807507527375,0.160868287375707,0.51317548474898,0,0.108249449507576,0,0,0.02,0.116276777573632,1.07417641451159
TCGA-UB-AA0V-01A,0.0283007453676217,0,0,0,0.0274494808450534,0.0250333918327994,0.246140573914767,0.388041298468301,0.279317139403356,0,0.00571737016810054,0,0,0.02,0.111220649965901,1.12505104551283
TCGA-RC-A6M5-01A,0.0342565008604193,0,0,0,0,0.0138088751039198,0.206998028998614,0.618140147875401,0.121271909227147,0,0.00552453793449932,0,0,0.02,0.0975621120156803,1.23533394253608
TCGA-BC-A69H-01A,0.0749045461762993,0.104036945742506,0.0212055259373166,0.00782332956592416,0.0377489081089055,0,0.0317675750595666,0.191268719986123,0.464744867409358,0,0.066499582014001,0,0,0.04,0.0499098822034753,1.08102565820249
TCGA-CC-5258-01A,0.0471151523129106,0.0149669425994275,0,0,0.0480408195954637,0,0.0839668926429789,0.382784315137607,0.352326399651865,0,0.0707994780597471,0,0,0.03,0.0641769319104884,1.12421964061523
TCGA-BC-A69I-01A,0.184090047755649,0,0,0,0,0,0.315976328727799,0.227860243540642,0.232682508059862,0.00272643953875795,0.0366644323772908,0,0,0.04,0.0582877562212899,1.11928789820673
TCGA-G3-A7M9-01A,0.0921370746833984,0,0,0.150985343122329,0.0376640510799881,0.0120290854706651,0.0506011153275176,0.315074588757246,0.271984236063009,0,0.0695245054958467,0,0,0.02,0.0988308653392435,1.07406144229431
TCGA-G3-AAV6-01A,0.324726388454591,0,0,0.169239303133843,0,0,0.0500333758015951,0.260568632477104,0.163354579227964,0,0.0320777209049031,0,0,0.08,0.0313753886889126,1.09091620053299
TCGA-CC-A8HT-01A,0.0677778590078075,0.0815584574368741,0.0338267904070787,0,0.0998696367975394,0,0.0393680511486178,0.108388331119386,0.453656517887535,0,0.115554356195162,0,0,0.02,0.0963879429571244,1.06549615607677
TCGA-CC-A8HV-01A,0.280529692536276,0,0,0,0,0,0.039565651708661,0.48751054892168,0.123313037413927,0,0.0690810694194549,0,0,0.03,0.0778268362132775,1.14782046204003
TCGA-GJ-A9DB-01A,0.0316469315973401,0,0,0,0,0.00888554358762401,0.210399908609787,0.348258553606679,0.38082579691384,0,0.0199832656847293,0,0,0.01,0.120731972177273,1.10440039805913
TCGA-BD-A3ER-01A,0.0507626416300086,0.0841143358215503,0,0,0.0100642081772371,0.00563827076612785,0.0696608891631569,0.456930948069481,0.267044321532831,0,0.055784384839608,0,0,0.04,0.0517992608854369,1.14632143334343
TCGA-ZP-A9CV-01A,0.0633023018760057,0.0856291400753445,0,0,0.0350084468859429,0.0779901201543041,0.127007815820373,0.256337642175684,0.283411328093078,0,0.0713132049192674,0,0,0.03,0.0858309218323996,1.06967177297632
