,loss,mae,root_mean_squared_error,val_loss,val_mae,val_root_mean_squared_error,epoch
0,0.11360247433185577,0.09764512628316879,0.1494142711162567,0.04484250023961067,0.031236935406923294,0.05851932615041733,0
1,0.03870538994669914,0.02408190444111824,0.053488172590732574,0.03308429569005966,0.019420329481363297,0.04683656617999077,1
2,0.03142270818352699,0.018902260810136795,0.044118210673332214,0.02890750765800476,0.017941037192940712,0.039970993995666504,2
3,0.023361504077911377,0.016020501032471657,0.03110763058066368,0.018373822793364525,0.013426179066300392,0.023372316733002663,3
4,0.018273815512657166,0.013213444501161575,0.023418880999088287,0.014911826699972153,0.011175647377967834,0.01867511495947838,4
5,0.01593034341931343,0.011647038161754608,0.0202663354575634,0.012805450707674026,0.009734389372169971,0.015896907076239586,5
6,0.014528363011777401,0.01063399575650692,0.01846284046769142,0.012070942670106888,0.009072606451809406,0.015089455991983414,6
7,0.013540107756853104,0.00990145280957222,0.01720917597413063,0.011048959568142891,0.008329902775585651,0.013782448135316372,7
8,0.012847940437495708,0.00939007755368948,0.016337919980287552,0.011315837502479553,0.008417841978371143,0.0142288813367486,8
9,0.012254868634045124,0.008953902870416641,0.01559023279696703,0.010836515575647354,0.007927344180643559,0.0137580381706357,9
10,0.011714664287865162,0.008562593720853329,0.014895708300173283,0.009680146351456642,0.007374592591077089,0.011999517679214478,10
11,0.011262444779276848,0.00821672659367323,0.014333296567201614,0.009862611070275307,0.0074084047228097916,0.012329896911978722,11
12,0.010865910910069942,0.007919233292341232,0.013844158500432968,0.008820260874927044,0.006615359336137772,0.011037156917154789,12
13,0.010543358512222767,0.007684149779379368,0.013432644307613373,0.008689363487064838,0.006619455758482218,0.010771132074296474,13
14,0.010147607885301113,0.007387594785541296,0.012934865429997444,0.008708582259714603,0.006475019734352827,0.010955790057778358,14
15,0.009866862557828426,0.0071785589680075645,0.012583731673657894,0.008880369365215302,0.006550488993525505,0.01122270803898573,15
16,0.009556509554386139,0.006950507406145334,0.012185867875814438,0.007855089381337166,0.00581138301640749,0.009910334832966328,16
17,0.009356336668133736,0.006793323438614607,0.011944223195314407,0.007743776775896549,0.005833731964230537,0.009665105491876602,17
18,0.009039534255862236,0.006571086123585701,0.011536206118762493,0.008821791969239712,0.006518551614135504,0.01114081684499979,18
19,0.008873704820871353,0.006442752201110125,0.011332095600664616,0.007231856696307659,0.005451285745948553,0.009021587669849396,19
20,0.008725601248443127,0.006318225059658289,0.011157206259667873,0.007489980198442936,0.005563782062381506,0.009425438940525055,20
21,0.00848084595054388,0.006151669193059206,0.010835191234946251,0.0070488485507667065,0.0052670626901090145,0.008838844485580921,21
22,0.008317854255437851,0.006025287788361311,0.010634072124958038,0.007000139448791742,0.005246536340564489,0.008762110956013203,22
23,0.008089001290500164,0.005869761575013399,0.010330392979085445,0.007477778475731611,0.005470034200698137,0.009493361227214336,23
24,0.008017794229090214,0.005802161060273647,0.010259443894028664,0.008296946063637733,0.005884959362447262,0.010720910504460335,24
25,0.007880118675529957,0.005703134462237358,0.010082859545946121,0.007948149926960468,0.005713941529393196,0.010190813802182674,25
26,0.007701248861849308,0.005575960967689753,0.009848738089203835,0.007365115452557802,0.00529440538957715,0.009444373659789562,26
27,0.007610035594552755,0.005500039551407099,0.009746009483933449,0.006679564714431763,0.00490161357447505,0.008467615582048893,27
28,0.007441136986017227,0.005386919714510441,0.009517175145447254,0.006352943368256092,0.004722649231553078,0.007990658283233643,28
29,0.007246509660035372,0.0052485391497612,0.009263685904443264,0.006270787212997675,0.004610056988894939,0.007939563132822514,29
30,0.007243153173476458,0.005229714792221785,0.009280502796173096,0.006335086189210415,0.004642684478312731,0.008036919869482517,30
31,0.007130553480237722,0.005146396812051535,0.009136971086263657,0.0060471100732684135,0.0044456287287175655,0.0076592364348471165,31
32,0.007149532437324524,0.005147384945303202,0.009173968806862831,0.007194865494966507,0.0051289815455675125,0.009272993542253971,32
33,0.00692481454461813,0.004997330252081156,0.008873061276972294,0.006582088302820921,0.004712649621069431,0.008459254167973995,33
34,0.006843570154160261,0.004937709309160709,0.0087714409455657,0.006195130757987499,0.004472465720027685,0.007925753481686115,34
35,0.0067441826686263084,0.004859574604779482,0.00865124724805355,0.0059147607535123825,0.004277439787983894,0.007560548838227987,35
36,0.006649500224739313,0.0047965627163648605,0.008522406220436096,0.0054055070504546165,0.003976226318627596,0.006843830458819866,36
37,0.006631267722696066,0.00477495277300477,0.008507687598466873,0.005930603947490454,0.004343196749687195,0.007527534384280443,37
38,0.006514439359307289,0.0046937549486756325,0.008356128819286823,0.005640886258333921,0.004083664156496525,0.007207022979855537,38
39,0.006447136867791414,0.004644810687750578,0.008271586149930954,0.0055741178803145885,0.004069680348038673,0.00708764186128974,39
40,0.0063500963151454926,0.004573790822178125,0.008146187290549278,0.005455920472741127,0.004014758393168449,0.006905919406563044,40
41,0.006402373313903809,0.0045919232070446014,0.008234472945332527,0.006194510497152805,0.00439890380948782,0.007997444830834866,41
42,0.006328221410512924,0.0045365821570158005,0.008141694590449333,0.005534285679459572,0.003998127765953541,0.0070780375972390175,42
43,0.006152877118438482,0.004426951985806227,0.007897692732512951,0.005561145953834057,0.004030972253531218,0.007098931819200516,43
44,0.006107840221375227,0.00439138850197196,0.007842526771128178,0.005309912841767073,0.003892249194905162,0.006735507398843765,44
45,0.006098984740674496,0.004376041237264872,0.007842078804969788,0.005377855151891708,0.003944541327655315,0.006819668225944042,45
46,0.006113758310675621,0.004376614466309547,0.007872042246162891,0.005055791698396206,0.0036507579497992992,0.006469216663390398,46
47,0.005971864331513643,0.004284636117517948,0.007677485700696707,0.005474111996591091,0.003933916334062815,0.007021874189376831,47
48,0.005898877512663603,0.00423057284206152,0.00758630083873868,0.0054284678772091866,0.0038784996140748262,0.006987341213971376,48
49,0.005885936785489321,0.004215192049741745,0.007576161064207554,0.0055070919916033745,0.003922427538782358,0.007098603527992964,49
50,0.0058467150665819645,0.004187269601970911,0.007525865454226732,0.005519308615475893,0.003934416454285383,0.00711287185549736,50
51,0.005791185889393091,0.004149361047893763,0.0074505931697785854,0.005145902745425701,0.0037034524139016867,0.006595519371330738,51
52,0.005710762459784746,0.004092160612344742,0.0073472000658512115,0.004903953522443771,0.0035362979397177696,0.006278913468122482,52
53,0.005722030531615019,0.0040907906368374825,0.007371003273874521,0.005209075286984444,0.0036958663258701563,0.006730691064149141,53
54,0.00568041019141674,0.004055879544466734,0.007322751451283693,0.004855684004724026,0.0035157538950443268,0.006202437449246645,54
55,0.005600995849817991,0.0040081269107759,0.0072115520015358925,0.004996462259441614,0.003604528494179249,0.006396458949893713,55
56,0.005589145701378584,0.0039919414557516575,0.007203258108347654,0.004787903279066086,0.0034754753578454256,0.006108763627707958,56
57,0.005579845979809761,0.003978717140853405,0.007198788225650787,0.004913926124572754,0.0035202065482735634,0.006315889768302441,57
58,0.005490183364599943,0.003924054559320211,0.007073223125189543,0.005108340177685022,0.003600071417167783,0.006623184308409691,58
59,0.005544217303395271,0.003947047982364893,0.007162276189774275,0.005033093970268965,0.0035884997341781855,0.006484933663159609,59
60,0.005432392004877329,0.003872205736115575,0.007009947672486305,0.004991751629859209,0.0035510046873241663,0.006439392454922199,60
61,0.005389540456235409,0.0038435410242527723,0.006950387265533209,0.005454281810671091,0.0038209587801247835,0.0070943101309239864,61
62,0.005361548159271479,0.003823329461738467,0.006918248254805803,0.0046943784691393375,0.003341112518683076,0.006055309437215328,62
63,0.0053516561165452,0.003811593633145094,0.0069084628485143185,0.00476735970005393,0.0034275974612683058,0.0061142100021243095,63
64,0.005300044547766447,0.003776534693315625,0.006838460452854633,0.004651959985494614,0.003308410756289959,0.006002816371619701,64
65,0.005323180928826332,0.0037862262688577175,0.006879052612930536,0.004967080894857645,0.0035215483512729406,0.0064219157211482525,65
66,0.005313055589795113,0.003768708324059844,0.0068742954172194,0.004513741936534643,0.0032325705979019403,0.005801531486213207,66
67,0.0051798089407384396,0.0036885058507323265,0.0066878823563456535,0.005084749311208725,0.003603061195462942,0.006573462393134832,67
68,0.005215654149651527,0.0037024093326181173,0.006746864877641201,0.004637770354747772,0.0032821190543472767,0.0060022990219295025,68
69,0.005163883790373802,0.0036739204078912735,0.0066716535948216915,0.005030027590692043,0.0035010657738894224,0.00656649935990572,69
70,0.005154312122613192,0.003661627182736993,0.006663946900516748,0.004640784114599228,0.0032722584437578917,0.0060181934386491776,70
71,0.005110444035381079,0.003630835795775056,0.006606097333133221,0.005194358993321657,0.0035774719435721636,0.006816443987190723,71
72,0.005099521484225988,0.0036216278094798326,0.006592981517314911,0.004306053277105093,0.003077771747484803,0.005541801918298006,72
73,0.00509194890037179,0.0036102936137467623,0.0065912967547774315,0.0049195364117622375,0.0034477643202990294,0.00639803521335125,73
74,0.005111063830554485,0.0036183425690978765,0.006621831096708775,0.0047286818735301495,0.0033223289065063,0.006142724771052599,74
75,0.004996637813746929,0.0035467674024403095,0.006461856886744499,0.004740299191325903,0.0033177619334310293,0.006169470492750406,75
76,0.005065646953880787,0.003583098528906703,0.006565396673977375,0.004668769426643848,0.0032765159849077463,0.006070361472666264,76
77,0.004959288984537125,0.0035213162191212177,0.0064109452068805695,0.004712779074907303,0.0033020051196217537,0.006133187096565962,77
78,0.004999700002372265,0.0035404227674007416,0.006475546397268772,0.004301442299038172,0.0030665697995573282,0.005544220097362995,78
79,0.004956055898219347,0.003509923117235303,0.006417515687644482,0.004692551214247942,0.0032589866314083338,0.006135665345937014,79
80,0.004952949471771717,0.0035031032748520374,0.006419751327484846,0.004387716297060251,0.003071378218010068,0.005712124984711409,80
81,0.004912062082439661,0.0034778756089508533,0.0063622756861150265,0.004537033848464489,0.0031625668052583933,0.0059202504344284534,81
82,0.004833363927900791,0.0034247718285769224,0.006256703287363052,0.004794980864971876,0.0033870150800794363,0.006209849379956722,82
83,0.0048601930029690266,0.0034380073193460703,0.0062996139749884605,0.005097440909594297,0.003462608437985182,0.006739343050867319,83
84,0.004823827184736729,0.0034159375354647636,0.006245967000722885,0.004476932343095541,0.0031259777024388313,0.005836187396198511,84
85,0.004813213367015123,0.0034025725908577442,0.006241238676011562,0.0045171743258833885,0.0031680928077548742,0.005874998401850462,85
86,0.004775377456098795,0.003377264365553856,0.006193747278302908,0.005004062782973051,0.003510146401822567,0.0065062567591667175,86
87,0.004791946616023779,0.0033833133056759834,0.006216010078787804,0.004576603416353464,0.003177673788741231,0.005982599686831236,87
88,0.004774252884089947,0.0033743572421371937,0.0061882054433226585,0.004373397212475538,0.003069881349802017,0.005684109404683113,88
89,0.004774358589202166,0.0033711823634803295,0.0061933924444019794,0.0040803756564855576,0.002888235030695796,0.0052799866534769535,89
90,0.004745854064822197,0.003351012710481882,0.006155442912131548,0.004923072177916765,0.00338165694847703,0.0064722043462097645,90
91,0.004706591367721558,0.003325224621221423,0.006104493048042059,0.0045120627619326115,0.0031239045783877373,0.005907404702156782,91
92,0.004699014592915773,0.003316685790196061,0.0060979933477938175,0.004601462744176388,0.0031640876550227404,0.006046415772289038,92
93,0.004660921171307564,0.003291223431006074,0.006045957561582327,0.004352370277047157,0.003037696937099099,0.00567603250965476,93
94,0.00466934172436595,0.0032956067007035017,0.006056943442672491,0.004261884838342667,0.002966333879157901,0.005565503612160683,94
95,0.004618329927325249,0.003260218072682619,0.0059907520189881325,0.004360784776508808,0.003016307484358549,0.005712421145290136,95
96,0.004622033331543207,0.003260875353589654,0.005996936000883579,0.0043418691493570805,0.003026650520041585,0.005665567237883806,96
97,0.004581550136208534,0.0032339724712073803,0.005946408025920391,0.004701788537204266,0.003220224054530263,0.006191994063556194,97
98,0.004621090833097696,0.0032540776301175356,0.00600695563480258,0.004609649069607258,0.0031828288920223713,0.006042337976396084,98
99,0.004553624894469976,0.0032102451659739017,0.005911130923777819,0.004658681806176901,0.0032173835206776857,0.006108060944825411,99
100,0.0046626790426671505,0.0032646087929606438,0.006097015459090471,0.004463723860681057,0.0030767584685236216,0.005859135650098324,100
101,0.004572251345962286,0.0032198226545006037,0.00594185758382082,0.004246810916811228,0.0029450629372149706,0.005556880496442318,101
102,0.004525762051343918,0.003189405892044306,0.005876707378774881,0.0044301096349954605,0.00304777710698545,0.005821517203003168,102
103,0.0045193033292889595,0.003182999324053526,0.005870718043297529,0.004004173446446657,0.002801551716402173,0.005213866010308266,103
104,0.004511285573244095,0.003175554797053337,0.005862272810190916,0.004355334676802158,0.0030136031564325094,0.005703703500330448,104
105,0.004470649175345898,0.0031494221184402704,0.005808051209896803,0.004533527884632349,0.003151871031150222,0.005922425072640181,105
106,0.004494057968258858,0.0031622147653251886,0.005842041689902544,0.004540345165878534,0.003098695771768689,0.005991055630147457,106
107,0.0044800275936722755,0.0031496952287852764,0.005827666260302067,0.004288621246814728,0.003006911836564541,0.005576613359153271,107
108,0.004469229839742184,0.003143243258818984,0.005810217000544071,0.00470757158473134,0.003228509798645973,0.006194595713168383,108
109,0.004503989592194557,0.003160402411594987,0.005867366213351488,0.004260255955159664,0.002950033638626337,0.005578332114964724,109
110,0.004418820142745972,0.0031095854938030243,0.005747155752032995,0.0041597639210522175,0.0028810231015086174,0.005445712246000767,110
111,0.004376804921776056,0.0030833773780614138,0.005683039780706167,0.004136195406317711,0.0028313344810158014,0.00544794462621212,111
112,0.0043988898396492004,0.0030907311011105776,0.005725620314478874,0.00401264289394021,0.002807141048833728,0.005224971100687981,112
113,0.00438450463116169,0.003083790885284543,0.005699212662875652,0.004154222086071968,0.0028664120472967625,0.005448289681226015,113
114,0.004392434377223253,0.0030859140679240227,0.005714120343327522,0.004200309980660677,0.0029057308565825224,0.005503358319401741,114
115,0.004322757478803396,0.0030436553061008453,0.005614069290459156,0.004337817430496216,0.002965769497677684,0.005718173459172249,115
116,0.00436099898070097,0.0030631290283054113,0.005677320994436741,0.004177822265774012,0.002881687367334962,0.005481284577399492,116
117,0.004271785728633404,0.0030064017046242952,0.005550578702241182,0.004638212732970715,0.003118960652500391,0.006164036691188812,117
118,0.004313398152589798,0.003033550688996911,0.005605166312307119,0.004491729196161032,0.003105335868895054,0.005886773578822613,118
119,0.0042942664586007595,0.0030153640545904636,0.005586602725088596,0.00433254474774003,0.0029631243087351322,0.005708636250346899,119
120,0.004280633758753538,0.0030093672685325146,0.005563633516430855,0.003916214685887098,0.002714276546612382,0.005125666037201881,120
121,0.004309014417231083,0.003024439327418804,0.005607628263533115,0.004360196180641651,0.0029995087534189224,0.005728237796574831,121
122,0.004313953686505556,0.0030233454890549183,0.005620867479592562,0.004394938703626394,0.0030124324839562178,0.00578452181071043,122
123,0.004263848997652531,0.0029968649614602327,0.005543708801269531,0.004363424610346556,0.003007179358974099,0.005726946983486414,123
124,0.004249627701938152,0.0029842203948646784,0.0055267903953790665,0.004194795154035091,0.0028700504917651415,0.005527548957616091,124
125,0.004274408798664808,0.002992593916133046,0.005576929543167353,0.004115042742341757,0.0028405252378433943,0.005398034583777189,125
126,0.004232186358422041,0.0029707043431699276,0.005506758112460375,0.0041325450874865055,0.002870593685656786,0.005400991998612881,126
127,0.00420323945581913,0.0029550036415457726,0.005466815084218979,0.003929704427719116,0.0027038457337766886,0.005164419766515493,127
128,0.0041810693219304085,0.0029349420219659805,0.00543987937271595,0.004696937743574381,0.00318400701507926,0.006215725094079971,128
129,0.004241076298058033,0.002974314382299781,0.005521868355572224,0.0039964341558516026,0.00274001550860703,0.0052605681121349335,129
130,0.004151653498411179,0.0029157474637031555,0.0054005528800189495,0.004329148214310408,0.0029457928612828255,0.005718864034861326,130
131,0.004207467194646597,0.002946097869426012,0.005482422653585672,0.004758118651807308,0.003163870656862855,0.006360217463225126,131
132,0.004191265907138586,0.002937165554612875,0.005459030158817768,0.004173542372882366,0.0028930671978741884,0.005460279993712902,132
133,0.004147992003709078,0.002909829607233405,0.005399370566010475,0.004498625639826059,0.0030492146033793688,0.005953850224614143,133
134,0.004176553804427385,0.0029264260083436966,0.005440876819193363,0.004131341353058815,0.0028189518488943577,0.0054513015784323215,134
135,0.0041167717427015305,0.002887502545490861,0.005358459893614054,0.004313297104090452,0.00292797083966434,0.00570535846054554,135
136,0.004139824770390987,0.0029003876261413097,0.005391931161284447,0.004216166213154793,0.0029014786705374718,0.005536551121622324,136
137,0.004134969785809517,0.0028983852826058865,0.005385149735957384,0.0037384703755378723,0.0026001902297139168,0.00488493125885725,137
138,0.004137425683438778,0.002896977588534355,0.005392789375036955,0.0037014519330114126,0.002565093571320176,0.004845100454986095,138
139,0.0040871137753129005,0.0028648944571614265,0.005322988610714674,0.004021856933832169,0.002743213903158903,0.005308104213327169,139
140,0.004090384114533663,0.0028659405652433634,0.005329371429979801,0.004032211843878031,0.0027443422004580498,0.005327381193637848,140
141,0.004075559787452221,0.002859430620446801,0.0053041065111756325,0.004675503354519606,0.003171267220750451,0.006186954211443663,141
142,0.004105874337255955,0.0028731171041727066,0.005354461260139942,0.004475492984056473,0.0030678955372422934,0.0058904653415083885,142
143,0.004095664247870445,0.002866326132789254,0.0053376504220068455,0.004067452624440193,0.0027827091980725527,0.005359844770282507,143
144,0.004050960764288902,0.002838750137016177,0.005276137497276068,0.0037493801210075617,0.0025960959028452635,0.004909940529614687,144
145,0.004097259137779474,0.002863712375983596,0.005349009297788143,0.003860552329570055,0.0026586244348436594,0.005070467013865709,145
146,0.0040735178627073765,0.0028501111082732677,0.005309856031090021,0.004284839611500502,0.0029094908386468887,0.005665951874107122,146
147,0.004038066137582064,0.0028256617952138186,0.00526809087023139,0.0038471755106002092,0.0026487221475690603,0.005052756983786821,147
148,0.004093293100595474,0.002857367042452097,0.005342109128832817,0.0037368382327258587,0.002588955219835043,0.004891895689070225,148
149,0.003999666310846806,0.0028030823450535536,0.005208220332860947,0.004283431451767683,0.0029080864042043686,0.005666760727763176,149
150,0.004026620648801327,0.0028128197882324457,0.005260187666863203,0.004058383405208588,0.0027739079669117928,0.0053506153635680676,150
151,0.004050704650580883,0.002830591518431902,0.005285248160362244,0.003839115146547556,0.002631952753290534,0.005053491797298193,151
152,0.003988069947808981,0.002793647814542055,0.005194775760173798,0.0039703501388430595,0.0027156793512403965,0.005232635419815779,152
153,0.004013268742710352,0.0028064486104995012,0.00523377675563097,0.003883806988596916,0.0026449011638760567,0.005129734054207802,153
154,0.003972903359681368,0.0027819364331662655,0.005175297614187002,0.004361348692327738,0.002936949720606208,0.005791652016341686,154
155,0.003944741562008858,0.0027622003108263016,0.005142305511981249,0.003815506352111697,0.0026083572302013636,0.005030705127865076,155
156,0.0039764223620295525,0.0027819182723760605,0.005185727961361408,0.003924814984202385,0.002688261214643717,0.005167942959815264,156
157,0.003963929135352373,0.0027749640867114067,0.005165566224604845,0.003947378136217594,0.002681912388652563,0.005219936370849609,157
158,0.004000554792582989,0.0027905006427317858,0.005224172491580248,0.004092278424650431,0.0027832493651658297,0.005408603232353926,158
159,0.003910707775503397,0.0027389617171138525,0.005097824148833752,0.0039087324403226376,0.002682736376300454,0.0051421793177723885,159
160,0.0039833467453718185,0.002781307091936469,0.005198734812438488,0.0041940221562981606,0.002851430093869567,0.00554373674094677,160
161,0.003955633379518986,0.0027630378026515245,0.005159925203770399,0.003905249759554863,0.002654012758284807,0.005163260269910097,161
162,0.0038933921605348587,0.0027279730420559645,0.005068968050181866,0.004422042053192854,0.002960632788017392,0.005889594089239836,162
163,0.0039017354138195515,0.0027271066792309284,0.005088053178042173,0.0038759312592446804,0.002621610648930073,0.005138114560395479,163
164,0.003908745013177395,0.0027337491046637297,0.005095371976494789,0.003947496879845858,0.0026930435560643673,0.005208367481827736,164
165,0.0038920841179788113,0.0027235003653913736,0.00507415970787406,0.004133304581046104,0.0027909926138818264,0.005481802858412266,165
166,0.0039091226644814014,0.00273118051700294,0.005099150817841291,0.004228421952575445,0.0028477334417402744,0.005616710986942053,166
167,0.0038817047607153654,0.00271264067851007,0.0050641195848584175,0.004241493064910173,0.0028271805495023727,0.005662539042532444,167
168,0.0038929146248847246,0.002717586699873209,0.005080697126686573,0.0037523105274885893,0.0025570725556463003,0.0049555953592062,168
169,0.003889450104907155,0.002717460971325636,0.005073090549558401,0.0038517608772963285,0.002597908489406109,0.005113287828862667,169
170,0.003834950737655163,0.0026832043658941984,0.004999167285859585,0.004071403294801712,0.0027557900175452232,0.005393150728195906,170
171,0.003916877321898937,0.0027311884332448244,0.005117048509418964,0.004102861974388361,0.0027469685301184654,0.005465254187583923,171
172,0.0038444092497229576,0.0026891815941780806,0.005010882392525673,0.003889350453391671,0.002652496099472046,0.005133673548698425,172
173,0.0038074092008173466,0.002665616339072585,0.004959678277373314,0.004094339907169342,0.0027666823007166386,0.005428754258900881,173
174,0.0038571537006646395,0.002693326212465763,0.0050344583578407764,0.0036931438371539116,0.0025133993476629257,0.004879595246165991,174
175,0.0038444409146904945,0.002682729624211788,0.005016088951379061,0.0038585972506552935,0.002620162209495902,0.005104672163724899,175
176,0.0038389984983950853,0.0026809857226908207,0.0050089480355381966,0.003614414483308792,0.002471048152074218,0.004765801597386599,176
177,0.00380562711507082,0.002660202095285058,0.004961963277310133,0.0037897960282862186,0.002550385659560561,0.005038034170866013,177
178,0.003786973189562559,0.0026483244728296995,0.0049388837069272995,0.004427700769156218,0.0029830208513885736,0.005879831500351429,178
179,0.0038520165253430605,0.0026838744524866343,0.005032923072576523,0.003997790161520243,0.0026882626116275787,0.005314398556947708,179
180,0.0038224731106311083,0.002667322289198637,0.004989585839211941,0.0041154432110488415,0.0027456763200461864,0.005492171738296747,180
181,0.0037780795246362686,0.002636434743180871,0.0049313330091536045,0.0038410767447203398,0.0026160948909819126,0.005073323845863342,181
182,0.0038123885169625282,0.0026603075675666332,0.004978242330253124,0.0037055599968880415,0.0025035792496055365,0.004913955926895142,182
183,0.0037650770973414183,0.002630810020491481,0.004910383839160204,0.003840971039608121,0.0026329264510422945,0.005057481117546558,183
184,0.0037599513307213783,0.0026296956930309534,0.004900175146758556,0.003615826368331909,0.0024657882750034332,0.004773510154336691,184
185,0.003745191264897585,0.0026137293316423893,0.004890905227512121,0.0035591735504567623,0.0024393992498517036,0.00468530273064971,185
186,0.003765018889680505,0.0026275261770933867,0.004914882592856884,0.003663473529741168,0.0025088454131036997,0.004826602526009083,186
187,0.003793187439441681,0.0026446457486599684,0.004955096170306206,0.003749478841200471,0.002550531178712845,0.004956181161105633,187
188,0.003758097067475319,0.0026202688459306955,0.0049093314446508884,0.004055684432387352,0.002731545129790902,0.0053868223913013935,188
189,0.0037457458674907684,0.002610541181638837,0.004895246587693691,0.003692987374961376,0.002527673961594701,0.004864320158958435,189
190,0.0037373637314885855,0.002608275506645441,0.004878718871623278,0.0037821976002305746,0.002581575885415077,0.0049902512691915035,190
191,0.003718101419508457,0.002596976701170206,0.004850668832659721,0.0037452243268489838,0.002528303535655141,0.004968829918652773,191
192,0.0037542441859841347,0.0026137062814086676,0.004906076472252607,0.003768471535295248,0.0025393743999302387,0.005004212260246277,192
193,0.0037443905603140593,0.002609575167298317,0.004891700576990843,0.004170756321400404,0.00280342111364007,0.005545624066144228,193
194,0.003699085209518671,0.0025836643762886524,0.004826421849429607,0.0035639668349176645,0.00243389536626637,0.004701496567577124,194
195,0.003718387568369508,0.0025915370788425207,0.004857269115746021,0.0036963820457458496,0.002495601074770093,0.00490605179220438,195
196,0.003668675199151039,0.002563738962635398,0.004784442950040102,0.0038857371546328068,0.002612343290820718,0.0051651159301400185,196
197,0.0037056580185890198,0.0025811316445469856,0.004849681630730629,0.003659086301922798,0.0024768917355686426,0.004848189651966095,197
198,0.003719900967553258,0.0025920914486050606,0.004860578570514917,0.0035640480928122997,0.002409897046163678,0.004725611303001642,198
199,0.0036803658585995436,0.002567703602835536,0.004802467301487923,0.0036491737700998783,0.002460276475176215,0.004845538642257452,199
200,0.0036775616463273764,0.0025665026623755693,0.00479993736371398,0.0036794475745409727,0.002479004906490445,0.004887855611741543,200
201,0.0036999396979808807,0.002578063402324915,0.004833919461816549,0.0038049507420510054,0.0025576618500053883,0.005059998948127031,201
202,0.0036773739848285913,0.002562121953815222,0.0048041557893157005,0.0037045765202492476,0.0024997026193886995,0.004917116370052099,202
203,0.003653537482023239,0.002547633834183216,0.0047714668326079845,0.004045418463647366,0.002722029807046056,0.005374944303184748,203
204,0.00368091044947505,0.0025637082289904356,0.004809483420103788,0.0036965187173336744,0.002489459700882435,0.0049115377478301525,204
205,0.003685903502628207,0.0025686975568532944,0.004814521409571171,0.004140311852097511,0.002753329696133733,0.005535909906029701,205
206,0.003637489629909396,0.002537764608860016,0.004748214036226273,0.003766321111470461,0.0025631405878812075,0.004977846052497625,206
207,0.003630472579970956,0.00253534154035151,0.004737378563731909,0.003980877343565226,0.002651984803378582,0.005317130126059055,207
208,0.003660310758277774,0.0025457600131630898,0.004793123807758093,0.003781948471441865,0.002554591977968812,0.005017319228500128,208
209,0.0036443425342440605,0.002540155779570341,0.004760549403727055,0.003652188926935196,0.002465481637045741,0.004846830852329731,209
210,0.003653718624264002,0.002542228437960148,0.00478746322914958,0.003629698185250163,0.002450125990435481,0.0048155346885323524,210
211,0.0036031585186719894,0.002515865257009864,0.004702169913798571,0.0038331563118845224,0.002584633184596896,0.005088902078568935,211
212,0.0036224510986357927,0.002526950091123581,0.004727704916149378,0.003480970859527588,0.002363599603995681,0.004605102818459272,212
213,0.003632061881944537,0.002530148020014167,0.004746615421026945,0.003772713942453265,0.0025397201534360647,0.005013605579733849,213
214,0.0036306260153651237,0.0025293929502367973,0.004744199104607105,0.0034730187617242336,0.002359701320528984,0.004593773279339075,214
215,0.003625690471380949,0.0025239347014576197,0.004741811193525791,0.0035110386088490486,0.0023893280886113644,0.004639922641217709,215
216,0.00363820418715477,0.0025284485891461372,0.004764994606375694,0.0038779769092798233,0.0025881235487759113,0.005174102261662483,216
217,0.0035909577272832394,0.0025051014963537455,0.004687442444264889,0.0035415049642324448,0.0024013493675738573,0.004687958862632513,217
218,0.0035989456810057163,0.002506319899111986,0.004702306818217039,0.0038352268747985363,0.002542187925428152,0.00513557018712163,218
219,0.00356524926610291,0.0024878568947315216,0.004653732758015394,0.0037369003985077143,0.0025073043070733547,0.0049735805951058865,219
220,0.0036130256485193968,0.0025157099589705467,0.00472192233428359,0.0037447663489729166,0.0025341894943267107,0.0049620382487773895,220
221,0.0035796475131064653,0.0024940604344010353,0.004676381126046181,0.003748315153643489,0.0025238743983209133,0.004980442579835653,221
222,0.003579027485102415,0.0024929263163357973,0.004677549470216036,0.003547602565959096,0.002400642028078437,0.004702161997556686,222
223,0.0035565628204494715,0.0024780661333352327,0.004645420238375664,0.0037896865978837013,0.002538893837481737,0.005047522950917482,223
224,0.003598917741328478,0.002505264012143016,0.004705185070633888,0.003797137411311269,0.0025384237524122,0.005062879528850317,224
225,0.003560192883014679,0.0024804736021906137,0.0046524787321686745,0.0037303841672837734,0.0025083147920668125,0.004959853366017342,225
226,0.003539063734933734,0.002467497019097209,0.004623314365744591,0.0035725291818380356,0.002415769500657916,0.004736590199172497,226
227,0.003540417179465294,0.0024646040983498096,0.004628386348485947,0.003681751200929284,0.002476116642355919,0.0048946188762784,227
228,0.003533030627295375,0.0024629556573927402,0.00461304048076272,0.0035724956542253494,0.0024157895240932703,0.004737514536827803,228
229,0.0035436786711215973,0.0024700863286852837,0.004628872498869896,0.003888326231390238,0.0026056135538965464,0.005177427548915148,229
230,0.0035299942828714848,0.002459658309817314,0.004610295873135328,0.003705238690599799,0.0024749916046857834,0.004942732397466898,230
231,0.003530112560838461,0.0024587528314441442,0.004613404627889395,0.0036204648204147816,0.002425604034215212,0.004822295159101486,231
232,0.0035093033220618963,0.0024461818393319845,0.0045832181349396706,0.004051633179187775,0.0026771763805299997,0.005432507488876581,232
233,0.0035074902698397636,0.002444300800561905,0.004582282621413469,0.004155253060162067,0.002742199460044503,0.005575292743742466,233
234,0.0035225593019276857,0.002451833337545395,0.004604615271091461,0.0037511757109314203,0.0025283971335738897,0.004979872144758701,234
235,0.0034956515301018953,0.002438034163787961,0.0045637087896466255,0.0035809222608804703,0.002396235940977931,0.0047738696448504925,235
236,0.0035139224492013454,0.0024456940591335297,0.004596663638949394,0.003531426889821887,0.002385843778029084,0.004684542305767536,236
237,0.0035204703453928232,0.0024469979107379913,0.0046049244701862335,0.0036495053209364414,0.0024375831708312035,0.004870222415775061,237
238,0.0035631568171083927,0.00247260183095932,0.004666272085160017,0.003626969875767827,0.0024094893597066402,0.004852498881518841,238
239,0.003478707978501916,0.002421318320557475,0.004547391086816788,0.0036458740942180157,0.0024389498867094517,0.0048595005646348,239
240,0.003504578722640872,0.0024366353172808886,0.004583294969052076,0.0035751324612647295,0.002391375135630369,0.0047669499181210995,240
241,0.0034875781275331974,0.0024258054327219725,0.004560378845781088,0.0036732128355652094,0.002460525603964925,0.00489405682310462,241
242,0.0034979640040546656,0.0024303870741277933,0.004575999919325113,0.0037853221874684095,0.002557203406468034,0.00502141984179616,242
243,0.003498826641589403,0.0024320923257619143,0.004579426720738411,0.0036732342559844255,0.0024520771112293005,0.00490191113203764,243
244,0.003471523988991976,0.0024171769618988037,0.004535252694040537,0.003548947861418128,0.0023867294657975435,0.004718703683465719,244
245,0.0034870451781898737,0.0024247467517852783,0.00456027640029788,0.0036619030870497227,0.0024695738684386015,0.004861767869442701,245
246,0.0034802155569195747,0.0024214100558310747,0.004551454447209835,0.0035039170179516077,0.002356451703235507,0.004658978898078203,246
247,0.0035097755026072264,0.0024343999102711678,0.004599898122251034,0.0038548556622117758,0.002551517216488719,0.0051655820570886135,247
248,0.0034479389432817698,0.0024021209683269262,0.004504519049078226,0.0039011698681861162,0.0025697946548461914,0.005239186342805624,248
249,0.00347914663143456,0.0024170971009880304,0.004554162733256817,0.003371358383446932,0.0022962396033108234,0.004453490488231182,249
250,0.0034625076223164797,0.0024100919254124165,0.0045270114205777645,0.0035618655383586884,0.002388474764302373,0.004742546007037163,250
251,0.00345591246150434,0.0024019116535782814,0.004524377640336752,0.0038361011538654566,0.0025764445308595896,0.0051041548140347,251
252,0.0034215031191706657,0.0023807187099009752,0.004474550019949675,0.0036445842124521732,0.0024521409068256617,0.004843458067625761,252
253,0.003424539929255843,0.002383445156738162,0.004479632247239351,0.003676746040582657,0.002467185491696,0.004892745055258274,253
254,0.0034389770589768887,0.0023900086525827646,0.004503563512116671,0.0037326805759221315,0.0025215698406100273,0.004950661212205887,254
255,0.0034533245489001274,0.002402413869276643,0.004515929613262415,0.003441240405663848,0.0023277720902115107,0.004561485256999731,255
256,0.0034171852748841047,0.0023802868090569973,0.004464057274162769,0.0036140906158834696,0.0024199967738240957,0.004814722575247288,256
257,0.003395447274670005,0.0023635372053831816,0.0044406382367014885,0.003708565840497613,0.0024696209002286196,0.004954145289957523,257
258,0.0034269134048372507,0.0023828591220080853,0.004481819458305836,0.003513101954013109,0.0023295008577406406,0.004705298691987991,258
259,0.0034535168670117855,0.0023977262899279594,0.0045205214992165565,0.003537754761055112,0.0023773328866809607,0.004705545958131552,259
260,0.0034088909160345793,0.002372052986174822,0.004455871880054474,0.003991978242993355,0.002634991193190217,0.005354977212846279,260
261,0.003411285812035203,0.00236941478215158,0.004464421421289444,0.0037563571240752935,0.0025173304602503777,0.005002009682357311,261
262,0.00343019375577569,0.002382555278018117,0.0044912914745509624,0.003609056118875742,0.0024102351162582636,0.004814707208424807,262
263,0.0033915922977030277,0.0023598880507051945,0.004433534108102322,0.003567199222743511,0.0023953707423061132,0.004745987243950367,263
264,0.003362096380442381,0.0023414273746311665,0.004399066790938377,0.0034760895650833845,0.0023258442524820566,0.0046334583312273026,264
265,0.0034049388486891985,0.002363564446568489,0.004458088427782059,0.0036226471420377493,0.0024130402598530054,0.004839257337152958,265
266,0.0033906418830156326,0.002357457298785448,0.004435764625668526,0.0035610604099929333,0.0023983647115528584,0.004730761516839266,266
267,0.0033475894015282393,0.0023322675842791796,0.004372709430754185,0.0035860806237906218,0.002389688976109028,0.004789396654814482,267
268,0.003395283129066229,0.0023610112257301807,0.004440833814442158,0.00337045406922698,0.0022858837619423866,0.00446243304759264,268
269,0.003383994335308671,0.00235396483913064,0.004425501450896263,0.0033989620860666037,0.002301982371136546,0.004502910654991865,269
270,0.0033488720655441284,0.002332438947632909,0.0043751210905611515,0.0035221308935433626,0.0023561560083180666,0.004696424584835768,270
271,0.0033914833329617977,0.0023584654554724693,0.004435302689671516,0.003687809454277158,0.0024374513886868954,0.004947377368807793,271
272,0.003381177084520459,0.0023483659606426954,0.004424309358000755,0.0036008625756949186,0.002399120246991515,0.004810521844774485,272
273,0.003369849408045411,0.002340838545933366,0.004410249181091785,0.003405757946893573,0.0022801535669714212,0.0045376005582511425,273
274,0.003422938985750079,0.0023727654479444027,0.00448792427778244,0.003594010602682829,0.002415057271718979,0.004779666196554899,274
275,0.0033482855651527643,0.0023284575436264277,0.004380126018077135,0.00382084958255291,0.0025289717596024275,0.005119222681969404,275
276,0.003376559354364872,0.0023463743273168802,0.004417496733367443,0.0035783867351710796,0.002399375895038247,0.004764091223478317,276
277,0.0033421216066926718,0.002323429798707366,0.004371102433651686,0.0035173767246305943,0.0023627097252756357,0.004678982775658369,277
278,0.0033404254354536533,0.0023229955695569515,0.004369527567178011,0.003689368022605777,0.0024464831221848726,0.004940774757415056,278
279,0.0033355143386870623,0.00232021720148623,0.00436162855476141,0.0035584163852036,0.002395038725808263,0.004728807136416435,279
280,0.0033382766414433718,0.002320473315194249,0.0043667699210345745,0.003888131817802787,0.0025888648815453053,0.005193589720875025,280
281,0.0033696081954985857,0.002339316997677088,0.004412086680531502,0.003809394082054496,0.0025044865906238556,0.005120072979480028,281
282,0.0033512867521494627,0.002331047086045146,0.004381215665489435,0.003719753585755825,0.0024636846501380205,0.004982705228030682,282
283,0.0033122017048299313,0.002305318135768175,0.004329051822423935,0.0036426314618438482,0.002466864651069045,0.004825157579034567,283
284,0.0033349147997796535,0.0023159077391028404,0.004366396460682154,0.0034946880768984556,0.002348466543480754,0.004648540634661913,284
285,0.00330135109834373,0.0022985415998846292,0.004313834942877293,0.0033356810454279184,0.002240518108010292,0.004438519477844238,285
286,0.003333964152261615,0.0023143647704273462,0.004364844877272844,0.0037899992894381285,0.002488226629793644,0.005100380629301071,286
287,0.0033251415006816387,0.0023080462124198675,0.004352322313934565,0.003591305110603571,0.0024025212042033672,0.004786141682416201,287
288,0.003309299936518073,0.002301454544067383,0.004327291157096624,0.003558865049853921,0.0023551147896796465,0.004771464969962835,288
289,0.0032879433128982782,0.002285939874127507,0.0042996155098080635,0.0036565784830600023,0.0024645673111081123,0.004854599479585886,289
290,0.003271949477493763,0.002278429688885808,0.004276802763342857,0.0037811240181326866,0.0025381254963576794,0.00503123551607132,290
291,0.003308356972411275,0.002299163257703185,0.004328252747654915,0.0035629086196422577,0.0023672604002058506,0.004765232093632221,291
292,0.0032952495384961367,0.0022904190700501204,0.00431131711229682,0.003610992105677724,0.0024015638045966625,0.004826555028557777,292
293,0.0032754170242697,0.0022788001224398613,0.0042817313224077225,0.0035352951381355524,0.002355013508349657,0.004722787998616695,293
294,0.0033125728368759155,0.0023008431307971478,0.004335864447057247,0.003772517666220665,0.0025054628495126963,0.005046215374022722,294
295,0.0033064568415284157,0.002295704558491707,0.004330025054514408,0.00336494785733521,0.002255246276035905,0.00448282714933157,295
296,0.003267917549237609,0.0022731886710971594,0.004272462800145149,0.003635718487203121,0.0024353540502488613,0.004841296933591366,296
297,0.003301257034763694,0.0022876267321407795,0.004340034909546375,0.0035680439323186874,0.002378379460424185,0.004764182027429342,297
298,0.0033051983918994665,0.0022927583195269108,0.004328769166022539,0.0033979881554841995,0.002289877273142338,0.004512514919042587,298
299,0.00327361305244267,0.0022754590027034283,0.004282426089048386,0.003863910213112831,0.0025617405772209167,0.0051728724502027035,299
300,0.0032741997856646776,0.00227583316154778,0.004283065441995859,0.0034802777227014303,0.002334575168788433,0.004633293021470308,300
301,0.0032412989530712366,0.0022568698041141033,0.004236061591655016,0.0036437164526432753,0.002422275021672249,0.004872915800660849,301
302,0.003263753140345216,0.0022675716318190098,0.004271250683814287,0.0034634971525520086,0.002298943232744932,0.004635217133909464,302
303,0.0032494827173650265,0.0022603499237447977,0.004248134326189756,0.0034128734841942787,0.002272009616717696,0.004560540430247784,303
304,0.003274417482316494,0.0022741002030670643,0.004285452421754599,0.0037442208267748356,0.0024695766624063253,0.005025824066251516,304
305,0.003253332804888487,0.002261299639940262,0.004255896899849176,0.003696061670780182,0.0024531239178031683,0.00494571216404438,305
306,0.0032854084856808186,0.002278310479596257,0.004305664915591478,0.0034381672739982605,0.002299283631145954,0.004583079367876053,306
307,0.0032525479327887297,0.002258076099678874,0.004273206926882267,0.003542564110830426,0.00236395001411438,0.004727640654891729,307
308,0.003223848296329379,0.0022425975184887648,0.00421411357820034,0.0035985831636935472,0.0023816796019673347,0.004822756629437208,308
309,0.003266660263761878,0.0022671581245958805,0.0042775413021445274,0.0036103413440287113,0.002399846212938428,0.004827094729989767,309
310,0.0032519965898245573,0.0022545577958226204,0.004276679828763008,0.0034535976592451334,0.002293741563335061,0.004619405139237642,310
311,0.0032454333268105984,0.0022523330990225077,0.004249123390763998,0.0035614799708127975,0.0023558640386909246,0.004774944856762886,311
312,0.003219994017854333,0.00224079261533916,0.004209608305245638,0.003428529715165496,0.0022925655357539654,0.004571700002998114,312
313,0.003238939680159092,0.002248740755021572,0.004242425784468651,0.0035375412553548813,0.0023473454639315605,0.004733998328447342,313
314,0.003191886004060507,0.0022206143476068974,0.0041716452687978745,0.0036368872970342636,0.0024069729261100292,0.00487477658316493,314
315,0.003245406784117222,0.002252743812277913,0.00424934271723032,0.003624215256422758,0.00240682577714324,0.004848665092140436,315
316,0.0032127059530466795,0.002231200924143195,0.004204843193292618,0.0034384941682219505,0.0023052531760185957,0.004577990155667067,316
317,0.0032035086769610643,0.002227982971817255,0.004188581835478544,0.004033575300127268,0.002602448919788003,0.005470696371048689,317
318,0.003230138448998332,0.0022437255829572678,0.0042257606983184814,0.0034371577203273773,0.002278511179611087,0.004602882079780102,318
319,0.0032013405580073595,0.002224953379482031,0.004188000690191984,0.0036064281594008207,0.002369867404922843,0.004849606193602085,319
320,0.0032310006208717823,0.0022440238390117884,0.004229390062391758,0.0035327868536114693,0.0023257292341440916,0.004747536964714527,320
321,0.003198158461600542,0.0022203479893505573,0.004185833502560854,0.003471546107903123,0.0023129205219447613,0.004637603648006916,321
322,0.0031858375295996666,0.0022155181504786015,0.0041656289249658585,0.003644064301624894,0.00241049169562757,0.004883457440882921,322
323,0.0032240955624729395,0.0022367159835994244,0.0042223138734698296,0.0034651104360818863,0.002299674553796649,0.0046395063400268555,323
324,0.0032130908221006393,0.002228401368483901,0.004209520760923624,0.003534977789968252,0.0023476036731153727,0.004729462321847677,324
325,0.003199229948222637,0.002219131449237466,0.004194465931504965,0.0035105422139167786,0.002359100617468357,0.0046682353131473064,325
326,0.0031795422546565533,0.002209615195170045,0.004158916417509317,0.003587529296055436,0.0023644824977964163,0.004817587323486805,326
327,0.0032023978419601917,0.0022236090153455734,0.004190599080175161,0.003474354511126876,0.00229814276099205,0.004658167250454426,327
328,0.0032050753943622112,0.0022251273039728403,0.004196053370833397,0.003691647667437792,0.0024211399722844362,0.004969618283212185,328
329,0.0031569041311740875,0.0021972719114273787,0.004125999286770821,0.003527980763465166,0.0023520998656749725,0.0047111609019339085,329
330,0.003176033729687333,0.00220642052590847,0.004155097063630819,0.003557514166459441,0.002379479119554162,0.004742502700537443,330
331,0.0031608124263584614,0.0021967925131320953,0.004133833106607199,0.0032903573010116816,0.0021843647118657827,0.00440303236246109,331
332,0.003178536891937256,0.002207882469519973,0.004160249140113592,0.003556133946403861,0.00236800336278975,0.0047513460740447044,332
333,0.0031684853602200747,0.002200217917561531,0.004146323073655367,0.003317776834592223,0.0022208834998309612,0.004421750083565712,333
334,0.003223756793886423,0.002229567850008607,0.004233991261571646,0.0037319320254027843,0.0024627684615552425,0.00500779552385211,334
335,0.0031568282283842564,0.002191227627918124,0.004136153031140566,0.00398948322981596,0.002607970731332898,0.005377654917538166,335
336,0.0031454525887966156,0.0021868532057851553,0.004113898146897554,0.0034523310605436563,0.0023064082488417625,0.004606026690453291,336
337,0.0031475252471864223,0.0021851356141269207,0.004119709599763155,0.0034694646019488573,0.002294351113960147,0.0046518766321241856,337
338,0.003155950689688325,0.0021898536942899227,0.00413089944049716,0.0034012673422694206,0.0022646160796284676,0.004545325879007578,338
339,0.00315932952798903,0.002192979445680976,0.0041358633898198605,0.003414758015424013,0.0022715686354786158,0.004563832655549049,339
340,0.00316407298669219,0.002192335668951273,0.004146236460655928,0.00355737772770226,0.0023503266274929047,0.004773279651999474,340
341,0.0031134295277297497,0.002165774814784527,0.00407017907127738,0.003506363369524479,0.0023242055904120207,0.00469657126814127,341
342,0.003145428141579032,0.0021829484030604362,0.004118736367672682,0.003446468384936452,0.002297215163707733,0.004602652508765459,342
343,0.00314586260356009,0.0021779427770525217,0.004141706041991711,0.0034013940021395683,0.0022441912442445755,0.004566842690110207,343
344,0.0031335519161075354,0.0021767120342701674,0.004100120160728693,0.0033879466354846954,0.002242754679173231,0.0045408206060528755,344
345,0.003157723229378462,0.002189074410125613,0.004136207979172468,0.003439475316554308,0.0022668216843158007,0.004620568361133337,345
346,0.0031426665373146534,0.0021786862052977085,0.004120896570384502,0.0034279045648872852,0.0022669138852506876,0.004595433361828327,346
347,0.003141260240226984,0.0021798592060804367,0.00411298917606473,0.003382507711648941,0.0022428545635193586,0.004529491998255253,347
348,0.003136973362416029,0.002175376983359456,0.00410950044170022,0.003358321264386177,0.002223619958385825,0.004499698989093304,348
349,0.0030920919962227345,0.002151899505406618,0.004041485488414764,0.0033600006718188524,0.0022400810848921537,0.004487296100705862,349
350,0.0031402797903865576,0.0021787805017083883,0.0041122580878436565,0.003387587843462825,0.002255620900541544,0.004527475219219923,350
351,0.003103664144873619,0.002156962873414159,0.004059947095811367,0.0034314326476305723,0.0022678314708173275,0.004601826425641775,351
352,0.0031582072842866182,0.002183756325393915,0.004165042657405138,0.0037055755965411663,0.002447213279083371,0.004972247406840324,352
353,0.0030960123986005783,0.002153790555894375,0.004047440830618143,0.0033406554721295834,0.0022286302410066128,0.00446010148152709,353
354,0.0031284885480999947,0.0021690321154892445,0.004099003039300442,0.0035189499612897635,0.002309720264747739,0.004735520575195551,354
355,0.0031483808998018503,0.0021814927458763123,0.004126271232962608,0.003411896526813507,0.0022891939152032137,0.00454085785895586,355
356,0.003087446792051196,0.0021465581376105547,0.0040362062864005566,0.0034427838400006294,0.002278848784044385,0.004612396005541086,356
357,0.0030922475270926952,0.002145737176761031,0.0040497914887964725,0.003629174316301942,0.0024129152297973633,0.004851294215768576,357
358,0.003088825847953558,0.0021465227473527193,0.004040837753564119,0.003545584389939904,0.0023380881175398827,0.0047594825737178326,358
359,0.0031074376311153173,0.0021536292042583227,0.004073754418641329,0.0033894279040396214,0.0022396487183868885,0.004546521231532097,359
360,0.0030711726285517216,0.0021342753898352385,0.004016959574073553,0.003443584544584155,0.0022864306811243296,0.004607452545315027,360
361,0.0030794835183769464,0.0021384062711149454,0.004030555486679077,0.0035754702985286713,0.00236009294167161,0.004798073321580887,361
362,0.003121346002444625,0.002162280958145857,0.004094147589057684,0.0036699736956506968,0.002399114426225424,0.004949415102601051,362
363,0.0031119948253035545,0.00215843110345304,0.004077395889908075,0.003423103829845786,0.0022729788906872272,0.004580383189022541,363
364,0.0030989160295575857,0.0021497742272913456,0.004058165941387415,0.003461061744019389,0.0022853089030832052,0.0046449382789433,364
365,0.003101921174675226,0.0021494864486157894,0.004064315930008888,0.0037359478883445263,0.0024709822610020638,0.005007018800824881,365
366,0.0031264526769518852,0.002165804849937558,0.004097000230103731,0.003583851270377636,0.0023731791879981756,0.004801686387509108,366
367,0.0030708478298038244,0.0021344730630517006,0.004015493672341108,0.0034548144321888685,0.002301425440236926,0.004615177866071463,367
368,0.0030884069856256247,0.0021413685753941536,0.004047256428748369,0.0035328445956110954,0.002353303600102663,0.004718605428934097,368
369,0.003077879548072815,0.0021340171806514263,0.00403144396841526,0.003515401389449835,0.002341588493436575,0.004696805961430073,369
370,0.0030912470538169146,0.002144237980246544,0.00404782872647047,0.0033848618622869253,0.002244697418063879,0.00453107338398695,370
371,0.003040537005290389,0.00211452622897923,0.0039766510017216206,0.0035057433415204287,0.0023443452082574368,0.004673678427934647,371
372,0.0030649336986243725,0.0021298492792993784,0.0040104272775352,0.003319749841466546,0.002204000949859619,0.004441739059984684,372
373,0.00307471607811749,0.0021333813201636076,0.004026374313980341,0.0033749286085367203,0.0022447356022894382,0.004511431325227022,373
374,0.0030343779362738132,0.002108755987137556,0.0039693149738013744,0.003436475759372115,0.0022580698132514954,0.00462187547236681,374
375,0.0030365153215825558,0.002111912937834859,0.003970535937696695,0.0033543789759278297,0.002212484600022435,0.004503653384745121,375
376,0.003056952962651849,0.0021215614397078753,0.004001712892204523,0.003444543806836009,0.002289068652316928,0.0046071624383330345,376
377,0.003056525019928813,0.0021224559750407934,0.003999763634055853,0.0033439933322370052,0.002201671013608575,0.004494649823755026,377
378,0.0030489773489534855,0.002117705997079611,0.003989003598690033,0.0033583855256438255,0.002217769855633378,0.0045065199956297874,378
379,0.003080819034948945,0.0021357033401727676,0.004036035388708115,0.003572804620489478,0.002350226743146777,0.004802059382200241,379
380,0.003041272982954979,0.002108665881678462,0.003987547010183334,0.0033074039965867996,0.0021829274483025074,0.004439508076757193,380
381,0.003062597941607237,0.0021217709872871637,0.004016680642962456,0.0035751366522163153,0.0023705936037003994,0.004786461126059294,381
382,0.003016641130670905,0.0020967735908925533,0.003944869618862867,0.0033788466826081276,0.002249169861897826,0.004514977801591158,382
383,0.0030943744350224733,0.0021406710147857666,0.004062277730554342,0.0034262901172041893,0.0022479360923171043,0.0046120984479784966,383
384,0.0030130778905004263,0.0020950566977262497,0.003939659334719181,0.003340021939948201,0.002198372734710574,0.004488538485020399,384
385,0.0030422951094806194,0.00210835924372077,0.003985632210969925,0.0034126690588891506,0.002262682421132922,0.004570164252072573,385
386,0.0030338468495756388,0.0021077569108456373,0.00396926561370492,0.003361488226801157,0.0022209971211850643,0.00450989929959178,386
387,0.003028766019269824,0.0021013489458709955,0.003965967334806919,0.0036103760357946157,0.0023604941088706255,0.004867184441536665,387
388,0.0030440951231867075,0.002110468689352274,0.003987364005297422,0.0032103252597153187,0.002132089575752616,0.004295908845961094,388
389,0.0030267329420894384,0.00210180738940835,0.0039605689235031605,0.0034003735054284334,0.002239295281469822,0.004568580538034439,389
390,0.0030324950348585844,0.0021048029884696007,0.0039697024039924145,0.0034218693617731333,0.0022586421109735966,0.004591602366417646,390
391,0.003000552300363779,0.0020847406703978777,0.003925015218555927,0.0036719730123877525,0.0023813515435904264,0.004968670662492514,391
392,0.0030050131026655436,0.0020846305415034294,0.003936688881367445,0.003477223217487335,0.002309187548235059,0.004652214236557484,392
393,0.0030335758347064257,0.0021033373195677996,0.0039765071123838425,0.0033552050590515137,0.00222964258864522,0.004486480262130499,393
394,0.0030348023865371943,0.0021052230149507523,0.003972995560616255,0.0033263585064560175,0.0022075832821428776,0.004452538676559925,394
395,0.002988184103742242,0.002075579948723316,0.0039131781086325645,0.003555718343704939,0.002348599722608924,0.004770256113260984,395
396,0.003013152629137039,0.002090064575895667,0.003944981377571821,0.0035136062651872635,0.0023146625608205795,0.004720476921647787,396
397,0.0030028629116714,0.0020831762813031673,0.003932314924895763,0.0033624153584241867,0.0022294456139206886,0.004503610078245401,397
398,0.0030045064631849527,0.002087827306240797,0.003930352162569761,0.00347533798776567,0.0023059293162077665,0.004651784896850586,398
399,0.0029996787197887897,0.0020831034053117037,0.003924589604139328,0.0035709000658243895,0.00232590246014297,0.0048228297382593155,399
400,0.0029779113829135895,0.0020688397344201803,0.0038971034809947014,0.00335693615488708,0.0022176962811499834,0.004503579344600439,400
401,0.0029988421592861414,0.002082030288875103,0.003926492296159267,0.003420813474804163,0.002260505687445402,0.004587412811815739,401
402,0.0029987937305122614,0.0020836300682276487,0.003922250587493181,0.003529506968334317,0.002333163982257247,0.004734314978122711,402
403,0.0029820839408785105,0.0020743890199810266,0.003898841328918934,0.0032704765908420086,0.002180516254156828,0.004366873763501644,403
404,0.0030208532698452473,0.002092507667839527,0.003963266499340534,0.0034236565697938204,0.0022322700824588537,0.004622930660843849,404
405,0.0029672631062567234,0.0020618485286831856,0.00388153875246644,0.0034145412500947714,0.002248743548989296,0.004588470794260502,405
406,0.002988420194014907,0.002074258169159293,0.003911491949111223,0.003282543970271945,0.0021706758998334408,0.004402060993015766,406
407,0.002987306099385023,0.0020741901826113462,0.0039094965904951096,0.0035610671620815992,0.0023572812788188457,0.004771930165588856,407
408,0.002955336356535554,0.0020536126103252172,0.0038681793957948685,0.0033687003888189793,0.0022281031124293804,0.004516457207500935,408
409,0.0029623592272400856,0.0020573968067765236,0.003877083770930767,0.003317962633445859,0.00218600919470191,0.004456155467778444,409
410,0.0030127293430268764,0.0020866859704256058,0.003948830999433994,0.0035329642705619335,0.0023239923175424337,0.004750691819936037,410
411,0.002980381017550826,0.0020661428570747375,0.003908213227987289,0.0033537871204316616,0.002227671444416046,0.004487635102123022,411
412,0.002971520647406578,0.0020642546005547047,0.003888151841238141,0.0035271060187369585,0.0023061807733029127,0.0047552986070513725,412
413,0.0029553337953984737,0.0020543078426271677,0.0038646745961159468,0.003446121932938695,0.002286340808495879,0.00461232103407383,413
414,0.002963898703455925,0.0020550203043967485,0.003881938988342881,0.0032932350877672434,0.002176359063014388,0.00441664969548583,414
415,0.0029557475354522467,0.002053895266726613,0.0038666988257318735,0.0033024523872882128,0.0021829071920365095,0.004429251421242952,415
416,0.003003530204296112,0.0020785885863006115,0.00393964909017086,0.00366345071233809,0.0023918284568935633,0.004942391067743301,416
417,0.0029721588362008333,0.002059380989521742,0.0038965451531112194,0.003319347044453025,0.002197318011894822,0.004448461811989546,417
418,0.002965307794511318,0.0020554624497890472,0.003887499449774623,0.003369362326338887,0.002218610839918256,0.004526319447904825,418
419,0.0029450200963765383,0.00204037269577384,0.003869905835017562,0.003491101786494255,0.0022835582494735718,0.00470760278403759,419
420,0.0029326227959245443,0.0020410928409546614,0.003832527669146657,0.003450722899287939,0.0022582425735890865,0.004649990238249302,420
421,0.0029372351709753275,0.0020428223069757223,0.003839985467493534,0.0035021957010030746,0.002314790617674589,0.00469777500256896,421
422,0.002934721065685153,0.002040969207882881,0.0038378708995878696,0.0034232079051434994,0.0022671460174024105,0.004588116426020861,422
423,0.002941983286291361,0.0020431196317076683,0.003849952481687069,0.003537904703989625,0.0023348776157945395,0.004747012630105019,423
424,0.002964329207316041,0.002055549994111061,0.0038826833479106426,0.003334964392706752,0.00220725336112082,0.0044692521914839745,424
425,0.002968701533973217,0.0020587784238159657,0.0038903781678527594,0.0035454186145216227,0.0023205887991935015,0.004775820299983025,425
426,0.002940289443358779,0.002041332656517625,0.0038497752975672483,0.003409879980608821,0.0022493437863886356,0.0045779310166835785,426
427,0.002942705526947975,0.002045543398708105,0.0038477773778140545,0.003612593514844775,0.00235067680478096,0.0048813181929290295,427
428,0.002933070296421647,0.0020367593970149755,0.0038396697491407394,0.0034296405501663685,0.0022454215213656425,0.004621140658855438,428
429,0.002930728252977133,0.0020390418358147144,0.003832034533843398,0.0036534916143864393,0.002367614069953561,0.004946340806782246,429
430,0.002935432130470872,0.002039513550698757,0.00384000432677567,0.0032665389589965343,0.002167676342651248,0.004372450523078442,430
431,0.002915376564487815,0.002023256616666913,0.003816216019913554,0.0034373500384390354,0.0022496141027659178,0.004631975665688515,431
432,0.0029452985618263483,0.002042952459305525,0.003857820061966777,0.0032991592306643724,0.002173098735511303,0.004432287998497486,432
433,0.0029379967600107193,0.0020390041172504425,0.00384689262136817,0.003221489256247878,0.0021268429700285196,0.004323256202042103,433
434,0.002948420587927103,0.0020423338282853365,0.0038729687221348286,0.0034011779353022575,0.002253379439935088,0.004555736668407917,434
435,0.002930284943431616,0.0020322552882134914,0.003840414807200432,0.0033036498352885246,0.0021862450521439314,0.0044281259179115295,435
436,0.0029505782295018435,0.002045991597697139,0.003863835707306862,0.003424176014959812,0.0022564083337783813,0.004598157946020365,436
437,0.002893446246162057,0.0020098048262298107,0.0037919541355222464,0.0033107008785009384,0.0021915920078754425,0.0044367508962750435,437
438,0.0029212927911430597,0.002029312774538994,0.003823647042736411,0.0034315490629523993,0.0022740147542208433,0.004595570731908083,438
439,0.002894966397434473,0.002012713812291622,0.0037847026251256466,0.003434382611885667,0.002253994345664978,0.004621764644980431,439
440,0.0029300027526915073,0.002032197080552578,0.003837683703750372,0.0034057826269418,0.0022323138546198606,0.004587462171912193,440
441,0.002916463650763035,0.0020248261280357838,0.003825019346550107,0.0033188636880367994,0.0021987841464579105,0.0044456361792981625,441
442,0.0029176361858844757,0.002025040565058589,0.0038201704155653715,0.0032496482599526644,0.002150152577087283,0.004355737008154392,442
443,0.0028882273472845554,0.0020075382199138403,0.003778567537665367,0.0035027728881686926,0.0023024023976176977,0.004708608612418175,443
444,0.0029201891738921404,0.0020275874994695187,0.0038229371421039104,0.003396525513380766,0.002233512932434678,0.004567802883684635,444
445,0.0029260895680636168,0.0020291670225560665,0.0038337339647114277,0.0032864424865692854,0.002153059234842658,0.004427675157785416,445
446,0.002892272314056754,0.002008603187277913,0.0037845370825380087,0.003499564016237855,0.002298623090609908,0.004707857966423035,446
447,0.0029235873371362686,0.002027865033596754,0.0038285732734948397,0.003644378622993827,0.0023737484589219093,0.0049224309623241425,447
448,0.0028732705395668745,0.0019979567732661963,0.0037568018306046724,0.0032672530505806208,0.0021507611963897943,0.004391964059323072,448
449,0.002884987508878112,0.002003706758841872,0.0037743342109024525,0.003364450763911009,0.002219865331426263,0.00451632821932435,449
450,0.0029080077074468136,0.002018057508394122,0.0038080611266195774,0.003276621922850609,0.0021695371251553297,0.004392208065837622,450
451,0.0028862289618700743,0.0020020357333123684,0.0037808821070939302,0.0033507896587252617,0.002205552300438285,0.004503270145505667,451
452,0.0028808615170419216,0.0020032175816595554,0.0037671285681426525,0.003583909710869193,0.0023603655863553286,0.004813943989574909,452
453,0.002901171101257205,0.0020128118339926004,0.0037988817784935236,0.0033692980650812387,0.002216210588812828,0.004530062898993492,453
454,0.002907422138378024,0.0020158265251666307,0.00381039478816092,0.0034991982392966747,0.0022844921331852674,0.004721522331237793,454
455,0.00290291546843946,0.002010402036830783,0.0038151610642671585,0.00329899531789124,0.0021853086072951555,0.004419602453708649,455
456,0.002886272966861725,0.0020054690539836884,0.0037777628749608994,0.0032981575932353735,0.002165596466511488,0.004438864532858133,456
457,0.0028650565072894096,0.00199320912361145,0.003745430149137974,0.00347845908254385,0.0022994994651526213,0.004663769155740738,457
458,0.0028950998093932867,0.0020099026151001453,0.0037898484151810408,0.003375674830749631,0.0022272781934589148,0.0045319595374166965,458
459,0.0028754612430930138,0.0019972408190369606,0.003763306885957718,0.003632106352597475,0.0023586496245115995,0.004912171978503466,459
460,0.0028557260520756245,0.001982336398214102,0.0037404713220894337,0.0032369778491556644,0.002136130118742585,0.004345976747572422,460
461,0.0028667000588029623,0.001992356963455677,0.003748705144971609,0.003287904430180788,0.002159730065613985,0.004423114471137524,461
462,0.002891972428187728,0.002002295106649399,0.003813480492681265,0.0032761699985712767,0.002152598462998867,0.004406673368066549,462
463,0.002856167498975992,0.0019830975215882063,0.0037415409460663795,0.0034485836513340473,0.002284117043018341,0.004619714803993702,463
464,0.0028593307361006737,0.001987098716199398,0.0037401393055915833,0.0034864016342908144,0.0022781051229685545,0.004701605532318354,464
465,0.0028704777359962463,0.0019950217101722956,0.003756070276722312,0.003247619140893221,0.0021451772190630436,0.004356459714472294,465
466,0.0028583724051713943,0.0019835459534078836,0.0037423670291900635,0.0032751259859651327,0.002145553706213832,0.004411414731293917,466
467,0.002891951473429799,0.0020072394981980324,0.003784666769206524,0.0036114638205617666,0.0023473789915442467,0.0048821717500686646,467
468,0.002871117787435651,0.0019925320520997047,0.0037616195622831583,0.003305255202576518,0.0021642630454152822,0.00445319339632988,468
469,0.002842577639967203,0.001976913074031472,0.0037170087452977896,0.0035590725019574165,0.0023274507839232683,0.004799607675522566,469
470,0.002898497972637415,0.0020067247096449137,0.0038003711961209774,0.003285858081653714,0.002165732439607382,0.004412587266415358,470
471,0.0028718712273985147,0.0019916791934520006,0.0037623520474880934,0.003260887460783124,0.0021652919240295887,0.004363887012004852,471
472,0.002835705876350403,0.001972036436200142,0.003709315788000822,0.003343877848237753,0.002181170741096139,0.004514205735176802,472
473,0.002814985578879714,0.001958369743078947,0.0036796052008867264,0.0034445449709892273,0.002243362134322524,0.004653542302548885,473
474,0.0028632800094783306,0.001985343638807535,0.0037500031758099794,0.003236747346818447,0.002126812469214201,0.004354499280452728,474
475,0.0028597277123481035,0.001985134556889534,0.003743081586435437,0.00339272222481668,0.0022314395755529404,0.004561018198728561,475
476,0.002878698753193021,0.0019938850309699774,0.003775975201278925,0.0033760436344891787,0.0022234017960727215,0.0045354729518294334,476
477,0.0028294578660279512,0.0019672007765620947,0.0037010074593126774,0.0033755905460566282,0.0022221701219677925,0.004535694606602192,477
478,0.00283241830766201,0.0019690750632435083,0.003703309688717127,0.0032479374203830957,0.00214117462746799,0.004361873026937246,478
479,0.0028296206146478653,0.0019653753843158484,0.003701775101944804,0.0034360706340521574,0.0022621434181928635,0.004615759011358023,479
480,0.00283923652023077,0.001973047386854887,0.0037150841671973467,0.003231846960261464,0.0021291368175297976,0.004341294057667255,480
481,0.002867418574169278,0.0019845359493047,0.0037695164792239666,0.003399366745725274,0.002226622309535742,0.004578799474984407,481
482,0.0028307579923421144,0.001968210795894265,0.003700480330735445,0.0032955340575426817,0.002169535029679537,0.00442836107686162,482
483,0.0028406307101249695,0.0019730422645807266,0.0037186515983194113,0.0034676403738558292,0.002268881304189563,0.004673102404922247,483
484,0.002835117746144533,0.001968068303540349,0.0037135514430701733,0.0033763202372938395,0.002227615099400282,0.00453164242208004,484
485,0.00283516151830554,0.001963829854503274,0.00373740098439157,0.003295468632131815,0.0021601805929094553,0.004438707605004311,485
486,0.0028173227328807116,0.0019576759077608585,0.003687427146360278,0.0032781455665826797,0.0021656439639627934,0.00439774664118886,486
487,0.002848879201337695,0.001974123762920499,0.003741821041330695,0.00357558554969728,0.0023231273517012596,0.004835157189518213,487
488,0.002857700688764453,0.001980802044272423,0.0037434569094330072,0.0035805271472781897,0.0023585099261254072,0.004809558391571045,488
