Mixture,T cells CD8,T cells CD4,Fibroblast,Macrophage,B cell,Malignant,Mast,Dendritic,Myocyte,Endothelial,P-value,Correlation,RMSE
TCGA-TQ-A7RO-01A,0,0,0.234703327988509,0,0,0,0,0.064454271287135,0,0.700842400724356,0,0.187370227830012,0.990313806810401
TCGA-CS-6670-01A,0,0,0.253647445472704,0.0438051450399892,0,0,0,0.00242297979329634,0,0.70012442969401,0,0.22517659641995,0.97895263260576
TCGA-QH-A6X5-01A,0.00321888468423438,0,0.261848299167814,0.242597070858849,0,0,0,0.000670304826999807,0,0.491665440462103,0,0.199388915533804,0.984191991517584
TCGA-HW-7493-01A,0,0.027179993114541,0.38511216106862,0.316836711374681,0,0,0,0.010921051399447,0,0.259950083042711,0,0.179706360034755,0.989525584323869
TCGA-CS-6667-01A,0,0,0.174055793112755,0.181004007104927,0,0,0,0,0,0.644940199782317,0,0.182544173175261,0.990916020104798
TCGA-DU-6406-01A,0,0.00346777262156532,0.280813408722948,0.0198364130277937,0,0,0,0.0123314591724279,0,0.683550946455265,0,0.329270346508422,0.944151952966713
TCGA-DU-A7TA-01A,0.0150368661182655,0.0285135126677953,0.182312669309237,0.460974400759982,0.000249749436761081,0,0,0.0110945994476406,0,0.301818202260319,0.02,0.119492415912638,1.01104981492496
TCGA-QH-A6X4-01A,0,0,0.184456896437237,0.105919842324444,0,0,0,0.0178521954502883,0,0.691771065788031,0.01,0.131706815154481,1.00730944170815
TCGA-TQ-A7RR-01A,0,0,0.153814914923687,0.451168757066156,0,0,0,0,0,0.395016328010157,0.01,0.150329160855483,1.00290241787099
TCGA-HT-8104-01A,0,0,0.340301916870731,0.0888157712831317,0,0,0,0.0219149356669467,0,0.548967376179191,0,0.261301141337742,0.965854145802902
TCGA-HT-A74K-01A,0,0,0.319604159372643,0.19313660801591,0,0,3.01895170440917e-05,0,0,0.487229043094403,0,0.19844992396913,0.984518104963821
TCGA-DB-A64X-01A,0,0,0.259064701562665,0.0955766084672596,0,0,0,0.04847627654998,0,0.596882413420096,0.01,0.136882132406482,1.00292267565137
TCGA-HT-8107-01A,0,0,0.348484199779325,0.160747275937704,0,0,0,0,0,0.490768524282971,0,0.168469448507834,0.993645039785062
TCGA-FG-A710-01A,0.00161655283045776,0.00551429974334601,0.522160422897503,0.197586643004435,0,0,0,0.000138920902899303,0,0.272983160621359,0,0.19897917510834,0.984983393212632
TCGA-QH-A6CX-01A,0.000135044129543642,0,0.524079881613864,0.19704280859295,0,0,1.16143275551633e-05,0,0,0.278730651336087,0.01,0.162718654447526,0.99617338212251
TCGA-CS-6666-01A,0,0,0.384954168390984,0.0983453074360708,0,0,0,0.0109449587721906,0,0.505755565400754,0,0.231623624561713,0.975030365291421
TCGA-TM-A7CA-01A,0,0,0.229240247404395,0.310859772643554,0,0,0,0,0,0.459899979952051,0.02,0.112342475175913,1.01047347696345
TCGA-HW-7486-01A,0,0,0.171277954733402,0.322798629229795,0,0,0,0,0,0.505923416036803,0,0.236504117341876,0.973732163380266
TCGA-QH-A6X8-01A,0,0,0.187912995661641,0.251836211397261,0,0,0,0,0,0.560250792941098,0,0.188567247953786,0.988216807753734
TCGA-DU-A76K-01A,0,0,0.394698894158666,0.00858312360632678,0,0,0,0.0346095122617978,0,0.562108469973209,0.01,0.14679125472949,1.00249540585995
TCGA-DB-A4XD-01A,0,0,0.25668265510696,0.20968498248279,0,0,0,0.0322945775300677,0,0.501337784880183,0,0.189434282663705,0.986506100779178
TCGA-DH-A669-01A,0,0,0.335544479168846,0.116049081240657,0.00188277544645473,0,0,0.0371893306262943,0,0.509334333517748,0.01,0.159840520353943,0.995464854349382
TCGA-WY-A858-01A,0,0.00189171079377643,0.11132127694013,0.365088656717119,0,0,0,0,0,0.521698355548975,0,0.188736098833741,0.98960811073595
TCGA-DU-7294-01A,0,0,0.367493847887548,0.162921436977241,0,0,0,0,0,0.469584715135211,0,0.215492721928347,0.979553887329442
TCGA-TM-A7C3-01A,0,0.00250658342602421,0.290698882646823,0.0201196629989783,0,0,0,0,0,0.686674870928175,0,0.276693694243136,0.961989377384508
TCGA-WY-A85E-01A,0.00657695603793906,0,0.235993969812364,0.0116314439614158,0,0,0,0.0668028015159789,0,0.678994828672303,0,0.174650286805685,0.993460170916802
TCGA-FG-A6J1-01A,0.0036308753009361,0,0.331722856658733,0.19365064859033,0,0,0,0.00205019923486343,0,0.468945420215137,0.02,0.125373973256879,1.00568695918866
TCGA-QH-A65Z-01A,0.00359105219857207,0,0.297268716345656,0.113080385371896,0,0,0,0.00957030455288518,0,0.576489541530991,0,0.215519822747607,0.979980777595191
TCGA-VM-A8CD-01A,0,0,0.485104852160856,0.105082789232952,0,0,0,0.0444890889873589,0,0.365323269618833,0,0.228304820343499,0.975598536132302
TCGA-HT-8019-01A,0,0,0.34409379577586,0.0616110789573143,0,0,0,0.00559195581806441,0,0.588703169448762,0.01,0.144383331567085,1.00300872762816
TCGA-QH-A6CV-01A,0,0.00862832134528788,0.355022553638678,0.18724976692401,0,0,0,0.0167658349752382,0,0.432333523116785,0,0.234603142342019,0.973295520831899
TCGA-FG-A6IZ-01A,0,0,0.232574627765889,0.28013641696759,0,0,0,0.00454219828201249,0,0.482746756984508,0.02,0.109530793892249,1.01084529565525
TCGA-P5-A5F1-01A,0,0,0.287678577672079,0.142366433409379,0,0,0,0,0,0.569954988918542,0.01,0.165815432982575,0.995106683787884
TCGA-P5-A72U-01A,0,0.00113979794608603,0.474828504910498,0.0594021577823188,0,0,0.000560412955959257,0,0,0.464069126405138,0,0.241947270354483,0.972569867842918
TCGA-CS-4943-01A,0,0,0.234583243497835,0.276642557256066,0,0,0,0.00175235576720388,0,0.487021843478895,0.01,0.149467736470241,0.999238505677841
TCGA-P5-A5EW-01A,0,0,0.114947987066221,0.409837644847623,0,0,0,0,0,0.475214368086156,0.01,0.160488778389275,0.999222959175953
TCGA-E1-5322-01A,0,0,0.14157777504259,0.475000324502617,0,0,0,0.000428299351371871,0,0.382993601103421,0.01,0.154907974836616,1.00239775888607
TCGA-HT-A4DS-01A,0,0.00210201622033538,0.396984844844557,0.128063336491139,0,0,0,0.0428133870773608,0,0.430036415366608,0,0.176848818793408,0.990117876906991
TCGA-FG-7634-01A,0,0,0.325864003299352,0.259162154749297,0,0,0,0.00646081845337531,0,0.408513023497975,0,0.265808147267012,0.964181088842609
TCGA-DU-7306-01A,0,0,0.359826126946652,0.209146675253612,0.000344615431753226,0,0.000409124084280838,0,0,0.430273458283702,0.01,0.151158974363039,0.998224153869494
TCGA-FG-7636-01A,0,0.0113261599534647,0.292143446826487,0.104726974878984,0,0,0,0.0145903676871165,0,0.577213050653948,0,0.193330616236288,0.986493748521589
TCGA-S9-A7J3-01A,0,0,0.17539228253182,0.160761218824517,0,0,0,0.00172647245679725,0,0.662120026186865,0,0.235273832044929,0.974584910184901
TCGA-DU-A6S7-01A,0,0.00555879632092102,0.215793327710544,0.419386082740536,0,0,0,0,0,0.359261793227999,0.01,0.139705211034829,1.00438240320778
TCGA-DU-6396-01A,0.00292691234717789,0.0134365247465287,0.348187897021647,0.437768449167172,0,0,0,0,0,0.197680216717474,0,0.171643091624042,0.994864216325001
TCGA-S9-A7QW-01A,0.000764342116812711,0,0.260368055818123,0.228011997571733,0,0,0,0.00540957953227935,0,0.505446024961052,0.01,0.140167313932684,1.00161134148235
TCGA-FG-7643-01A,0,0,0.27801000783338,0.0734138177798291,0,0,0,0.0051414572062862,0,0.643434717180505,0,0.263749328390892,0.965635701622391
TCGA-S9-A7R4-01A,0,0,0.253838169056929,0.313148187734639,0,0,0,0.0165158502388325,0,0.4164977929696,0,0.220216840101567,0.977907171430422
TCGA-DU-A6S8-01A,0,0,0.304219820349355,0.131599114485121,0,0,0,0,0,0.564181065165524,0.01,0.144349821372343,1.00162431890749
TCGA-HT-7601-01A,0,0,0.303436512806893,0.470390129203737,0,0,0,0.00227347327241648,0,0.223899884716954,0,0.201544656090973,0.98639157646098
TCGA-HT-7854-01A,0.00499517629812536,0.000489075304889931,0.448088881673288,0.223250493604427,0,0,1.52147492679183e-05,0.025463230060466,0,0.297697928309535,0,0.220941987566073,0.977403387918891
TCGA-QH-A6X3-01A,0.00229304444863726,0,0.0906277542644703,0.470226948256908,0,0,0,0.0268854224605794,0,0.409966830569405,0.02,0.128910903090644,1.01060216360268
TCGA-P5-A5F0-01A,0,0,0.220026547608877,0,0,0,0,0,0,0.779973452391123,0.01,0.137012984692993,1.0107545275729
TCGA-CS-5395-01A,0,0,0.323610160905587,0.0744683807642747,0,0,0,0.0185468186697984,0,0.583374639660339,0,0.275573741765273,0.961552452152027
TCGA-DU-6402-01A,0,0.00478912499536907,0.501605448097181,0.113977519671847,0,0,0,0,0,0.379627907235602,0,0.246025303080852,0.970802495025722
TCGA-VM-A8CE-01A,0,0,0.366513281674384,0.180263415980781,0,0,0,0,0,0.453223302344835,0,0.225066206992023,0.976570531987096
TCGA-HT-7467-01A,0,0,0.2330139440332,0.118300372706312,0,0,0,0.00666911912669819,0,0.64201656413379,0,0.215724350268301,0.980545663618722
TCGA-DB-A4XC-01A,0,0.00683589951227088,0.427685373757956,0.0572198316457929,0,0,0,0.0109046526192643,0,0.497354242464716,0,0.222880842280315,0.978148526030409
TCGA-RY-A83X-01A,0,0,0.249619349555561,0.146906268886191,0,0,0,0,0,0.603474381558248,0,0.209826592346235,0.981991998710045
TCGA-HT-A5R9-01A,0,0,0.626788399107567,0.0363301314489078,0,0,0,0,0,0.336881469443525,0,0.198144349568037,0.988667568415128
TCGA-S9-A6WD-01A,0.007042785603753,0,0.149951944981098,0.197135050872916,0,0,0,0,0,0.645870218542232,0.01,0.137134573359424,1.00479861418124
TCGA-F6-A8O4-01A,0.000154211164714849,0,0.20685573343772,0.103870670918769,0,0,0,0.0102762887311503,0,0.678843095747646,0.02,0.124732336071741,1.00943163522629
TCGA-TQ-A7RV-01A,0,0,0.21187337030943,0.216491783475313,0,0,0,0.0152657348183702,0,0.556369111396886,0.02,0.110327937438011,1.01066779330397
TCGA-FG-7637-01A,0.000526095718671905,0,0.500088796965628,0.0194128868397186,0,0,0,0,0,0.479972220475981,0,0.26409938881564,0.965982190239518
TCGA-FG-6689-01A,0,0,0.196100464628907,0.306728603121987,0,0,0,0,0,0.497170932249106,0,0.207838617985735,0.98228631738667
TCGA-E1-A7YO-01A,0,0,0.342471137389622,0.0188221462058229,0,0,0,0.00572969014434768,0,0.632977026260207,0,0.248870928542535,0.970960584765336
TCGA-FG-7638-01B,0,0,0.266500972206525,0.115616540830467,0,0,0,0.0113941923606027,0,0.606488294602405,0,0.207039647400782,0.982814287167307
TCGA-S9-A7QZ-01A,0.0020297409453976,0,0.298162834739672,0.0470365180512694,0,0,0,0,0,0.652770906263661,0,0.197816185089556,0.987282494386049
TCGA-P5-A5F2-01A,0.000513138513637966,0,0.162143909683787,0.113987662919485,0,0,0,0.0147916594934512,0,0.708563629389639,0,0.22746889140531,0.977499170900552
TCGA-R8-A6YH-01A,0,0,0.258078964089412,0.367015454884699,0,0,0,0,0,0.374905581025889,0.01,0.153529728391329,0.998823034724565
TCGA-E1-A7YS-01A,0,0,0.383136307621012,0.0765787173024712,0,0,0,0,0,0.540284975076516,0,0.191913032880819,0.987956303963666
TCGA-HT-7880-01A,0,0,0.183155357104881,0.085449342712109,0,0,0,0.0165074375351793,0,0.714887862647831,0,0.211265908054984,0.982919252241758
TCGA-DU-5852-01A,0,0.00255493520829867,0.355787962967349,0.0936398956817874,0,0,0,0.000496325008245331,0,0.54752088113432,0,0.336035138740334,0.942295557431641
TCGA-E1-A7Z4-01A,0,0,0.104012546312351,0.2846124442355,0,0,0,0.0937973896973628,0,0.517577619754786,0.02,0.121180223397954,1.00613821886431
TCGA-DU-7298-01A,0,0,0.145448061350942,0.35583076638334,0,0,0,0,0,0.498721172265719,0,0.216381315118478,0.980417708138074
TCGA-HT-7478-01A,0.0128727830713021,0,0.31944172830566,0.422087056957059,0,0,0,0.00917831997621928,0,0.23642011168976,0.01,0.158127538553485,0.99827103067673
TCGA-DU-A5TU-01A,0,0.0364277139016063,0.421365304535802,0.19551115024159,0,0,0,0,0,0.346695831321001,0,0.250598858901489,0.968543524987484
TCGA-DU-6399-01A,0,0.00503897969418008,0.320355040509505,0.331150979317071,0,0,0,0,0,0.343455000479244,0,0.186565552059315,0.98815991317639
TCGA-RY-A83Y-01A,0,0,0.263046380942443,0.154326886719337,0,0,0,0.0111796905810023,0,0.571447041757218,0.01,0.149076677684316,0.999660056871782
TCGA-DU-7300-01A,0,0,0.403043881618747,0.174679671621263,0,0,0,0,0,0.42227644675999,0,0.218395512343573,0.9786237353671
TCGA-S9-A7IX-01A,0,0,0.489869087485757,0.0751274417665801,0,0,0,0.0220328130248797,0,0.412970657722783,0,0.299230309672043,0.954060929007419
TCGA-HT-8558-01A,0,0,0.317217485663355,0.0419004183788645,0,0,0,0.0192757006017519,0,0.621606395356028,0.01,0.145883691942685,1.00279161945195
TCGA-S9-A7IY-01A,0,0,0.358016178898335,0.210004065299695,0,0,0,0.00442672157444681,0,0.427553034227523,0,0.203145143817013,0.982865680721693
TCGA-DB-A64W-01A,0,0,0.176071786381855,0,0,0,0,0,0,0.823928213618145,0.02,0.126742895693698,1.0156062992807
TCGA-S9-A7IZ-01A,0.00187779299152873,1.62786667992965e-05,0.25864404781909,0.0363068912853808,0,0,0,0.0845826154828626,0,0.618572373754339,0,0.322728596088722,0.946770620451586
TCGA-DU-6410-01A,0,0,0.363620104563534,0,0,0,0,0.000731062001345335,0,0.635648833435121,0.02,0.101338675304288,1.01949637643837
TCGA-R8-A6MO-01A,0.00310568019396006,0,0.288983452208464,0.247650578104496,0,0,0,0,0,0.46026028949308,0,0.201938260148578,0.983313465310564
TCGA-P5-A780-01A,0,0,0.283493916866111,0.243232782946591,0,0,0,0.00623537489794935,0,0.467037925289348,0,0.226316501376063,0.976036156139061
TCGA-QH-A6XC-01A,0,0,0.437610008789657,0.105362289810048,0,0,7.16353337170078e-06,0.00573056105206014,0,0.451289976814864,0,0.236442453239764,0.973615344348498
TCGA-E1-A7YD-01A,0,0.00397797108341183,0.215318797359489,0.0652325931818069,0,0,0,0.04077324442674,0,0.674697393948552,0,0.298439525467514,0.954336514285202
TCGA-E1-A7YI-01A,0,0,0.313318853523552,0.0502375528272667,0,0,0,0.0476571414619556,0,0.588786452187226,0,0.216295909816342,0.979765662424626
TCGA-DU-8158-01A,0,0,0.601172052875693,0.148693726482525,0,0,0,0.0288043058255751,0,0.221329914816207,0,0.172000099462532,0.994188759436775
TCGA-S9-A6WN-01A,0,0.00102239236716683,0.549966991548495,0.136201445178414,0,0,0,0.029210893894854,0,0.28359827701107,0,0.183225011352475,0.989849418093897
TCGA-HT-7855-01A,0,0,0.220513569145842,0.275641899614557,0,0,0,0,0,0.503844531239601,0,0.169440364789769,0.993536226097415
TCGA-HT-8111-01A,0,0,0.212206097462438,0.302462587352666,0,0,0,0.0700234179257315,0,0.415307897259164,0,0.212542379937526,0.979424159478709
TCGA-WY-A85C-01A,0,0,0.233482979049008,0.106055392996456,0,0,0,0,0,0.660461627954536,0,0.200661325146164,0.985730861781039
TCGA-CS-6290-01A,0,0.0215159918045832,0.26135012319792,0.361306960430275,0,0,0,0,0,0.355826924567223,0,0.193382010452274,0.986226769891274
TCGA-HT-8114-01A,0,0.0048984607271793,0.416213817620993,0.269514964977582,0,0,0.000131672409246079,0.0014841940019449,0,0.307756890263055,0,0.232848782064748,0.97416243282378
TCGA-S9-A6TU-01A,0.00295162545196832,0,0.240706183931768,0.385895454014365,0,0,0.00163794115843827,0,0,0.36880879544346,0.01,0.133958064647704,1.0050720115837
TCGA-HT-7616-01A,0,0,0.468319106409534,0.190895815246477,0.0216921638788163,0,0,0,0,0.319092914465172,0,0.298930577417099,0.954165976883826
TCGA-HT-8010-01A,0,0,0.209887607673448,0.154613672314367,0,0,0,0.00373710214289919,0,0.631761617869286,0,0.222367943763999,0.978290073189307
TCGA-DH-A7UU-01A,0,0,0.066169715768798,0.31054403064439,0,0,0,0,0,0.623286253586812,0.02,0.128089522373601,1.00948730507642
TCGA-E1-A7Z3-01A,0,0.000353505827935713,0.40077769339926,0.0652355133924466,0,0,0,0,0,0.533633287380357,0,0.225120940578324,0.977755734644684
TCGA-E1-A7YM-01A,0,0,0.377198506770867,0.119019753110247,0,0,0,0.00263392695160315,0,0.501147813167283,0,0.249053211869601,0.969634339170827
TCGA-S9-A6WG-01A,0.00301149886544545,0.00177232994173588,0.782200160594185,0.0879228576039107,0,0,0,0.00254415880947496,0,0.122548994185248,0,0.524102849996843,0.8690986500417
TCGA-HW-8319-01A,0,0,0.261861586662826,0.17155249245838,0,0,0,0,0,0.566585920878794,0,0.191673291739877,0.987101373954186
TCGA-TM-A84R-01A,0,0,0.434918559007994,0.0312419695098329,0,0,0,0.0064320879425813,0,0.527407383539592,0,0.195562925857675,0.987651628087275
TCGA-DH-A66D-01A,0,0.00626224130150881,0.276546750702179,0.228824512279029,0,0,0,0,0,0.488366495717284,0,0.169606915695085,0.992853529924816
TCGA-S9-A6WP-01A,0.000953053648471325,0,0.190504422183044,0.242824938929372,0,0,0,0.00963600009558123,0,0.556081585143531,0,0.173016962475756,0.992536575354156
TCGA-DU-A7TB-01A,0,0,0.271043620693479,0.187039725593674,0,0,0,0.0108938688333506,0,0.531022784879497,0.02,0.127464739293746,1.00538718542153
TCGA-DB-A64V-01A,0.00376815183494287,0,0.231292741391914,0.454044703306207,0,0,0,0.000456952013010044,0,0.310437451453926,0.01,0.148611866890859,1.00270808451707
TCGA-HT-8113-01A,0.0108015705637325,0,0.237750359536703,0.109316928040405,0,0,0,0.0180185332753458,0,0.624112608583814,0,0.182993627890218,0.989965444749335
TCGA-HT-7604-01A,0,0,0.199780156215662,0.403086503827669,0,0,0,0,0,0.39713333995667,0.01,0.153149787953365,1.00013599731522
TCGA-FG-A711-01A,0,0,0.11453624962554,0.0387154062173828,0,0,0,0.0151188246888504,0,0.831629519468227,0,0.220734336048207,0.9824517760578
TCGA-FG-A60L-01A,0,0,0.185692000687792,0.394265290681412,0,0,0,0,0,0.420042708630796,0.02,0.114652045870113,1.01186920529739
TCGA-E1-5307-01A,0,0.00209787982651061,0.101521347528583,0.312342167689053,0,0,0,0.0143058387908638,0,0.56973276616499,0.02,0.128573115221452,1.00744975738754
TCGA-DB-5279-01A,0,0,0.433415196554193,0.179961813797052,0,0,0,0,0,0.386622989648755,0,0.192761944339408,0.986351430056375
TCGA-DU-7018-01A,0,0,0.283370600656628,0.0634161304317019,0,0,0,0,0,0.65321326891167,0,0.208178345868829,0.983755490950364
TCGA-S9-A6TZ-01A,0,0.00341299970352321,0.467786220199128,0.22266126466743,0,0,0,0.00374947586385082,0,0.302390039566068,0,0.221555731159285,0.977689100963019
TCGA-HT-A61C-01A,0,0,0.429283299103882,0.1033209557493,0,0,0,0.0275654488287323,0,0.439830296318086,0,0.339721857598574,0.941493970305283
TCGA-HT-A5R7-01A,0,0,0.288894142531893,0.161509946748417,0,0,0,0.00897199196517619,0,0.540623918754514,0,0.203128667090779,0.983291267321716
TCGA-HW-7495-01A,0,0,0.329134251274473,0.0980086613204863,0,0,0,0,0,0.572857087405041,0,0.244281823698437,0.971442935393722
TCGA-HT-7677-01A,0,0,0.393737837185586,0.237488301280232,0,0,0,0,0,0.368773861534183,0,0.195800121210137,0.985145808742879
TCGA-F6-A8O3-01A,0,0,0.33860607757077,0.0126307268911643,0,0,0,0,0,0.648763195538066,0.02,0.123672549336152,1.01201697085125
TCGA-P5-A730-01A,0,0,0.443456648026553,0.125704752314718,0,0,0,0,0,0.430838599658729,0.01,0.147272720945438,1.00060705925507
TCGA-DU-A5TY-01A,0,0,0.290194280513201,0.418956144574745,0,0,0,0,0,0.290849574912054,0,0.228899961571282,0.976524586307624
TCGA-HT-8015-01B,0,0,0.457928164721267,0.187660578639697,0,0,0,0,0,0.354411256639036,0,0.221540055335725,0.977803066165857
TCGA-DU-6393-01A,0,0,0.290066965321464,0.0300886023594263,0,0,0,0,0,0.67984443231911,0.01,0.160864695612194,0.999951006553088
TCGA-TQ-A7RS-01A,0,0,0.26538359388809,0.153008920229379,0,0,0,0,0,0.581607485882531,0,0.200940900726308,0.984493513892361
TCGA-E1-A7YU-01A,0,0,0.155704804980629,0.115356922991546,0,0,0,0.00887235525780101,0,0.720065916770024,0,0.205028817006323,0.985015726949531
TCGA-CS-5394-01A,0,0,0.505736189653964,0.117156569800627,0,0,0,0,0,0.377107240545409,0.01,0.160318586739669,0.997353798287288
TCGA-HT-8018-01A,0,0.00454843437769004,0.543442163786724,0.182799876744417,0,0,0,0,0,0.269209525091169,0,0.320251004593486,0.947371011721484
TCGA-HT-7482-01A,0,0,0.21600071550319,0.393790978716996,0,0,0,0.0530327044890081,0,0.337175601290806,0,0.188607432837441,0.987760097937557
TCGA-E1-A7YY-01A,0,0,0.427094872988477,0.23443794899347,0,0,0,0,0,0.338467178018053,0,0.172146127635961,0.992284450131343
TCGA-DU-A5TR-01A,0.0107782683342924,0.0152415343766689,0.414142606293152,0.287988564778637,0.00167657552439838,0,0,0,0,0.270172450692851,0.01,0.1306171731974,1.0038275882415
TCGA-VM-A8CB-01A,0.00164225803321155,0,0.349283285853484,0.0804671466656185,0,0,0,0.0113310108092224,0,0.557276298638464,0.01,0.164546442300919,0.995867294851393
TCGA-E1-5311-01A,0.00345670554777231,0,0.185603224232591,0.133360335764289,0,0,0,0,0,0.677579734455347,0,0.208225304304112,0.98334934922384
TCGA-E1-A7Z2-01A,0,0,0.307446234796246,0.0930315474673452,0,0,0,0.0203567235276142,0,0.579165494208794,0,0.293907277212808,0.955726398630746
TCGA-DB-A75P-01A,0,0,0.575852514273385,0.0866955444864114,0,0,0,0,0,0.337451941240203,0,0.183910818422493,0.991472572281027
TCGA-TM-A84T-01A,0,0,0.154708080746907,0.315702677083664,0,0,0,0,0,0.529589242169429,0.01,0.140705606198865,1.0032893673394
TCGA-FG-A4MT-01A,0,0,0.395829741931131,0.230096919046655,0,0,0,0,0,0.374073339022214,0.01,0.156009770951507,0.996845753674014
TCGA-DU-A5TW-01A,0,0,0.209147838527024,0.165848341921147,0,0,0,0,0,0.625003819551829,0,0.188396608500806,0.988782122463405
TCGA-DU-A6S2-01A,0,0,0.44992221884438,0.100688422032193,0,0,0,0,0,0.449389359123427,0,0.245336046703889,0.971025079583235
TCGA-DU-6395-01A,0,0,0.254069961998936,0.454724779053736,0,0,0,0.00719822523379495,0,0.284007033713533,0.02,0.115946507395793,1.01276288393904
TCGA-FG-8189-01B,0,0,0.386702372922242,0.120720921476737,0,0,0,0,0,0.492576705601021,0.02,0.11080786892424,1.01140838561935
TCGA-CS-4941-01A,0,0,0.395933877502895,0.193252574658808,0.00183697551717347,0,0,0.0177611954580348,0,0.391215376863088,0,0.277924504721,0.960519738357313
TCGA-HT-7684-01A,0.000305095734183133,0,0.296790380733826,0.253453950388387,0,0,8.06302711664282e-05,0.00393239534679134,0.000155453149763923,0.445282094375882,0,0.172684319796412,0.991847928250904
TCGA-RY-A83Z-01A,0,0.010695934992366,0.230826152967069,0.16877906397326,0,0,0,0.0371615972220369,0,0.552537250845269,0.02,0.124838172207648,1.00517418777135
TCGA-S9-A6U9-01A,0.0112636185557708,0,0.194727543960402,0.428697265897624,0,0,0,0.0261244087402011,0,0.339187162846002,0,0.192977954240167,0.987571333614771
TCGA-DB-A4XH-01A,0.000753442246935327,0,0.171727116936628,0.0695663203121371,0,0,0,0.00484820351571002,0,0.753104916988589,0,0.209825572687248,0.984417741933987
TCGA-HT-7881-01A,0,0,0.325834891964792,0.110083277204978,0,0,0,0.00982474751005474,0,0.554257083320176,0,0.228465194593854,0.976008292290189
TCGA-HW-7491-01A,0,0.00859654558208738,0.316385274256972,0.0924672558257366,0,0,0,0.00267611546689393,0,0.579874808868311,0.01,0.14208301630336,1.00265150942573
TCGA-DB-A64Q-01A,0,0,0.288522351294097,0.164999290251463,0,0,0,0.00354865010528969,0,0.54292970834915,0,0.193830982309495,0.986205221838383
TCGA-DU-6542-01A,0,0,0.319082031140502,0.326533563107025,0,0,0,0.0610165889058452,0,0.293367816846627,0,0.189094238242374,0.98629797080015
TCGA-S9-A6WL-01A,0,0.000209166311470358,0.374754139915785,0.00760820454443764,0,0,0,0,0,0.617428489228307,0,0.270278259586692,0.964064343306718
TCGA-S9-A6TV-01A,0,0,0.647564230679781,0.117883423175728,1.89702601222555e-05,0,0,0.0194284862786626,0,0.215104889605707,0,0.302251410555612,0.953236192409485
TCGA-S9-A6WQ-01A,0,0,0.135693154914182,0.431177767255831,0,0.002405492263619,0,0,0,0.430723585566368,0.01,0.161330079609693,0.999014838920126
TCGA-HT-7472-01A,0,0,0.273724591381605,0.423458094109971,0,0,0,0.0110595898907561,0,0.291757724617669,0,0.173144795092635,0.993821589757049
TCGA-E1-A7YE-01A,0,0,0.229153704311401,0.421358903526926,0,0,0,0.00706789753245392,0,0.342419494629219,0,0.188896670252885,0.989091387618071
TCGA-CS-5393-01A,0,0.00177100763587832,0.140956810629013,0.364628397568915,0,0,0,0,0,0.492643784166193,0,0.213152749382934,0.981511918285544
TCGA-HT-7858-01A,0.0138361301587052,0.0108912409311126,0.195493117409133,0.516519186074364,0,0,0,0,0,0.263260325426686,0,0.1681420439752,0.99869456988574
TCGA-DU-A76L-01A,0,0,0.626528217304486,0.117880857654934,0,0,0,0.00495888108244883,0,0.250632043958131,0,0.483429076214254,0.89084787008887
TCGA-FG-8188-01A,0,0,0.120125083247145,0.488779682636624,0,0,0,0,0,0.39109523411623,0.01,0.153821796208092,1.00360348367766
TCGA-HT-7480-01A,0,0,0.224540942934277,0.070388451497467,0,0,0,0,0,0.705070605568256,0,0.242204044457739,0.973181161002946
TCGA-FG-5965-01B,0.020890136157297,0.0057188152703079,0.361437945584327,0.157362129838639,0,0,0,0.00656353163314115,0,0.448027441516289,0,0.215285345523805,0.978956102163566
TCGA-W9-A837-01A,0,0,0.175241261515266,0.0253179124820599,0,0,0,0.0381542501877298,0,0.761286575814944,0,0.218885268000029,0.981323693857159
TCGA-HT-7485-01A,0,0.050337437964471,0.194975670931716,0.375297671441075,0,0,0,0,0,0.379389219662738,0.01,0.144681360593111,1.0005911598777
TCGA-HT-8011-01A,0,0,0.263091301069486,0.059078220959332,0,0,0,0.0416466124549961,0,0.636183865516186,0,0.288251310779006,0.957552826105784
TCGA-DU-A7TC-01A,0,0,0.216964317973113,0.130861101644882,0,0,0,0.00132643044764077,0,0.650848149934364,0.02,0.122365401469257,1.00958888269209
TCGA-DU-A76R-01A,0,0.00392380098716979,0.595316015780831,0.0536903802548658,0,0,0,0,0,0.347069802977134,0,0.240590438783245,0.973797160692882
TCGA-DH-5140-01A,0,0,0.667595855564658,0.0476972353437391,0,0,0,0.0294492228630468,0,0.255257686228556,0,0.222870649081383,0.98022413518365
TCGA-TM-A84F-01A,0.0142392373752325,0.017919810127362,0.200235470007155,0.441046824695231,0.000169879867879257,0,0,0.0211651279658424,0,0.305223649961297,0,0.185796874605139,0.989779792156009
TCGA-HT-8563-01A,0.00132180649642221,0.00202406020235019,0.149754054430428,0.761561293474876,0,0,0,0.00268677864903992,0,0.0826520067468844,0,0.269065681041491,0.974501563194948
TCGA-HT-7691-01A,0.00572115509627017,0.00346356876108767,0.378711958768583,0.186987189224212,6.40815567021034e-05,0,8.94196541729699e-05,0.0327736477641266,5.59009905911189e-05,0.392133078184255,0,0.222890510858202,0.976476068169351
TCGA-P5-A72X-01A,0,0,0.332510043963702,0.0240830246843317,0,0,0,0.00906261344122735,0,0.634344317910739,0,0.176781449109233,0.994110563979952
TCGA-HT-8108-01A,0,0.0378048505337354,0.210747829380572,0.20930528863455,0,0,0,0.0388205328253292,0,0.503321498625813,0,0.217378397047384,0.977806623090287
TCGA-S9-A7J1-01A,0,0,0.237077403002844,0.397756925393897,0,0,0,0,0,0.365165671603259,0.01,0.155771648129358,0.998905489016613
TCGA-HT-A5R5-01A,0,0,0.44160944599129,0.204336476778088,0,0,0,0.0446707688843093,0,0.309383308346313,0,0.217473517217437,0.978182854194405
TCGA-P5-A781-01A,0,0,0.307628898448259,0.235064079316301,0,0,0,0,0,0.45730702223544,0,0.177858429134626,0.990447647957461
TCGA-FN-7833-01A,0.00281954132999598,0,0.203538389243729,0.565158229174114,0,0,0,0.000328692410434871,0,0.228155147841727,0,0.292699626514738,0.957538900192339
TCGA-E1-A7YV-01A,0,0,0.378075495926106,0,0,0,0,0.00252665746922731,0,0.619397846604667,0,0.30965574257026,0.950822941200659
TCGA-TQ-A7RM-01A,0,0,0.462946370023899,0.067739073468494,0,0,0,0,0,0.469314556507607,0.02,0.108550037963299,1.01394367097393
TCGA-DU-5849-01A,0,0,0.287558591856002,0.210749849182164,0,0,0,0.0024626119567279,0,0.499228947005106,0,0.228470673064182,0.975523841332484
TCGA-TQ-A8XE-01A,0,0,0.295469622009453,0.258267007708683,0,0,0,0.00503641204296217,0,0.441226958238902,0.01,0.155348493629236,0.996897683101703
TCGA-S9-A6WO-01A,0,0,0.179852538270373,0.277481740811657,0,0,0,0,0,0.54266572091797,0,0.176502093331056,0.991930154619008
TCGA-DU-A7TD-01A,0,0,0.41191856080126,0.196624351538671,0,0,0,0.00232752924029079,0,0.389129558419779,0,0.221850976504247,0.977471134888908
TCGA-TM-A84G-01A,0,0,0.42338892101722,0.0421810862915105,0,0,0,0,0,0.53442999269127,0,0.177757334106322,0.993225194105295
TCGA-DB-5273-01A,0,0,0.450279356244566,0.136965242043454,2.88708997537884e-05,0,0,0.0120988638665966,0,0.400627666945629,0,0.17131599300296,0.99285545379065
TCGA-DB-A4XB-01A,0,0,0.246762116426826,0.2647615966718,0,0,0,0.101708086352235,0,0.386768200549139,0,0.178877147340895,0.987984483792184
TCGA-HT-7620-01A,0,0.00694721159817546,0.168062746026964,0.232570869045343,0,0,0,0,0,0.592419173329518,0,0.206569908506666,0.982859295718316
TCGA-TM-A84B-01A,0.00100101307033453,0.0154699352278182,0.18708436506281,0,0,0,0,0.000828130861406545,0,0.795616555777631,0.01,0.131817882189502,1.01220345648501
TCGA-TM-A7CF-01A,0,0,0.418040100956657,0.0105945867048242,0,0,0,0.0211087697492677,0,0.550256542589251,0.01,0.159118564278671,0.999198251953539
TCGA-FG-5964-01A,0,0,0.219387033409315,0.287602153825621,0,0,0,0,0,0.493010812765064,0,0.228603259059706,0.975756460848213
TCGA-DU-5874-01A,0,0,0.381848678300768,0.0644959131592472,0,0,0,0,0,0.553655408539985,0.01,0.14518588879903,1.00273899219972
TCGA-DU-A5TT-01A,0.00336447180204792,0,0.33532046605164,0.102020655893354,0,0,0,0.049602458705009,0,0.509691947547949,0,0.295898662722037,0.955130169939593
TCGA-HT-7695-01A,0,0,0.240729368904984,0.174587954991054,0,0,0,0.0217101164218393,0,0.562972559682123,0,0.214066339543031,0.97988392626207
TCGA-S9-A7R2-01A,0,0.00567415904770918,0.357795540516079,0.376411433816325,0,0,0,0,0,0.260118866619887,0,0.212832868440977,0.980911086490173
TCGA-DU-8164-01A,0,0,0.290195896117872,0.0658925103114302,0,0,0,0,0,0.643911593570698,0,0.205259087484213,0.984561251449817
TCGA-TQ-A7RF-01A,0,0.0104198993217606,0.396539409495106,0.0454383559166275,0.000689736273354686,0,0,0.0637959759547996,0,0.483116623038352,0,0.210687500125119,0.980661895201528
TCGA-FG-6692-01A,0,0.0202387960371334,0.337165494009504,0.121502128264539,3.6020943407731e-05,0,0,0,1.67987331603526e-06,0.521055880872099,0,0.317857760288279,0.948311033006875
TCGA-DU-7013-01A,0,0,0.40320582273019,0.0899185539946235,0,0,0,0.0474795045321415,0,0.459396118743045,0,0.214596201789535,0.979501937434645
TCGA-P5-A733-01A,0,0,0.318734992542137,0.0702543452255149,0,0,0,0.0102044742072799,0,0.600806188025068,0,0.184232105290197,0.990412935167093
TCGA-CS-4938-01B,0,0,0.119119863749584,0.47404248841799,0,0,0,0,0,0.406837647832426,0.01,0.14682327483342,1.00536059181236
TCGA-DB-A64O-01A,0,0,0.445354913266806,0.213377592358464,0,0,0,0.00406416621465529,0,0.337203328160075,0,0.180886573894128,0.98972227498924
TCGA-HW-8320-01A,0.00254474046728637,0,0.313015652760766,0.401409581343581,0,0,0,0.00546723246444908,0,0.277562792963918,0.01,0.163150158276951,0.996406109683786
TCGA-HT-7694-01A,0,0,0.212002209352981,0.0932860483030965,0,0,0,0,0,0.694711742343922,0,0.23232172951712,0.97612496983341
TCGA-P5-A77W-01A,0,0,0.287707646584696,0.0507329842686257,0,0,0,0,0,0.661559369146678,0,0.171355012501564,0.995837018443387
TCGA-HT-7473-01A,0,0.00052341438776925,0.228641207629312,0.63840971479404,0,0,0,0.00507911666777772,0,0.1273465465211,0.01,0.164811273156568,1.00732431176321
TCGA-CS-5396-01A,0,0,0.260086503678892,0.115879908047066,0,0,0,0.0293889157197018,0,0.59464467255434,0,0.193588970654062,0.986377744804084
TCGA-CS-6669-01A,0,0,0.31518108685598,0.0110832743572797,0,0,0,0.0297403974223479,0,0.643995241364392,0.01,0.130342259281637,1.00838584532934
TCGA-FG-A70Y-01A,0,0,0.13503118602673,0.37376091309662,0,0,0,0,0,0.49120790087665,0.01,0.137601477611427,1.00529655173287
TCGA-FG-8185-01A,0,0,0.36600267222212,0.0337294648997261,0,0,0,0.0241686301366464,0,0.576099232741507,0,0.173305749892731,0.993969696249627
TCGA-QH-A6CY-01A,0.00461195301698328,0,0.226927953936606,0.165622396167569,0,0,0,0.0139854922914099,0,0.588852204587431,0,0.21499360726065,0.979875659596275
TCGA-S9-A6WE-01A,0,0,0.253058762142817,0.271669241264943,0,0,0,0.00270645233005304,0,0.472565544262187,0,0.197815250463118,0.984726290718607
TCGA-HT-7875-01A,0,0,0.298522503294418,0.0346066038368133,0,0,0,0,0,0.666870892868769,0,0.240398116630625,0.973831749901527
TCGA-DU-A5TS-01A,0,0,0.149453162826311,0.256891299397062,0,0,0,0,0,0.593655537776627,0.01,0.159626346023155,0.997634657110777
TCGA-CS-6668-01A,0,0,0.288550094575061,0.0981760958437243,0,0,0,0.0319950516579474,0,0.581278757923267,0.01,0.157874582460398,0.997056231076896
TCGA-DB-A4XA-01A,0,0,0.329495200685888,0.168730722806447,0,0,0,0,0,0.501774076507665,0,0.172320612550368,0.992469934318651
TCGA-P5-A5EZ-01A,0,0,0.212192959616901,0.36594464089059,0,0,0,0,0,0.421862399492508,0,0.214996581300618,0.9803799787185
TCGA-DU-5855-01A,0.00477383736461275,0.00102916067180352,0.190976414658399,0.329330301042542,0,0,0,0,0,0.473890286262643,0,0.185397887451331,0.989121243957462
TCGA-HW-A5KJ-01A,0.0334508988205646,0,0.267754268490743,0,0,0,0,0.00282548078452717,0,0.695969351904165,0,0.242487617248004,0.973111941122849
TCGA-R8-A6MK-01A,0,0,0.195792256105076,0.132691679849607,0,0,0,0.0169930049113007,0,0.654523059134016,0,0.226929469823446,0.97693065814771
TCGA-DH-A7UR-01A,0.000346307578554303,0,0.199223684444184,0.0292223379230058,0,0,0,0,0,0.771207670054256,0,0.21258172866485,0.984441831992381
TCGA-HT-7680-01A,0.0140432964338771,0.00517658007704921,0.540444071066731,0.144241206603725,0.00157345008057093,0,4.20617195633777e-05,0.0832826903040806,0.00010570220498273,0.21109094150942,0,0.19644369970487,0.984337239880585
TCGA-WY-A85D-01A,0,0,0.243404533971673,0.403415946201601,0,0,0,0,0,0.353179519826726,0.02,0.117668714953411,1.01060261757539
TCGA-FG-A4MU-01B,0,0.0133023946692762,0.540308488395014,0.118031890470661,0,0,0,0.0135196024737736,0,0.314837623991276,0,0.321055940368795,0.947149390434211
TCGA-S9-A6TY-01A,0,0,0.240296068176322,0.0333353268578351,0,0,0,0,0,0.726368604965843,0.01,0.159248681819129,1.00121649389452
TCGA-DU-7309-01A,0,0,0.367784218310563,0.148999229415049,0,0,0,0.0122221801576972,0,0.470994372116691,0,0.217313853357198,0.978845608467856
TCGA-TQ-A7RN-01A,0,0,0.301343143599473,0.0760032562517575,0,0,0,0.0431691251399599,0,0.579484475008809,0,0.198732148251603,0.98479936308591
TCGA-HT-A615-01A,0,0.0338259673925502,0.187729466301018,0.35163348679936,0,0,0,0,0,0.426811079507072,0,0.18234089301923,0.989546632039165
TCGA-E1-A7YL-01A,0,0,0.514597277648029,0.213459218751957,0,0,0,0.0100256256358092,0,0.261917877964205,0,0.269616295659003,0.963251601904438
TCGA-DH-A66B-01A,0,0.0281431509824086,0.211596348293398,0.337736656403076,0,0,0,0,0,0.422523844321117,0.02,0.124316643954279,1.00636749985812
TCGA-TQ-A7RW-01A,0,0,0.240504508783399,0.247773391367522,0,0,0,0.0784995825142119,0,0.433222517334867,0,0.189871300662884,0.985351067567987
TCGA-QH-A86X-01A,0.00467947855498572,0,0.388917165053547,0.159185010461622,0,0,0,0,0,0.447218345929846,0,0.191354960594009,0.986678811533589
TCGA-DB-A4XF-01A,0,0,0.335946700482174,0.0759851387555741,0,0,0,0.0455778436956495,0,0.542490317066602,0,0.205918310112566,0.982401026755134
TCGA-HT-7605-01A,0,0,0.237994902223246,0.229360680762791,0,0,0,0,0,0.532644417013963,0,0.210903478423226,0.9810492964661
TCGA-TQ-A7RK-01A,0,0,0.237795744450731,0.323823885721012,0,0,0,0,0,0.438380369828257,0.02,0.11664515703683,1.00924977664881
TCGA-E1-A7YK-01A,0,0,0.374449213427171,0.402063327802292,0,0,0,0,0,0.223487458770536,0,0.280158048843813,0.960207674494122
TCGA-CS-5397-01A,0,0,0.459404578931494,0.187067617081173,0,0,0,0.00846201693006698,0,0.345065787057266,0,0.279606324639225,0.96008449193995
TCGA-DU-5853-01A,0.00431155492752722,0,0.231025993935289,0.293289364396261,0,0,0,0.0663083124269673,0,0.405064774313955,0,0.1899104977767,0.985715912618089
TCGA-HT-7902-01A,0,0,0.24563654351725,0.150559310637503,0,0,0,0.00244396365436006,0,0.601360182190887,0,0.243532444956508,0.971500175841827
TCGA-HT-7479-01A,0.00241703285287866,0,0.119128663280346,0.578574476952674,0,0,0,0,0,0.299879826914101,0.01,0.160283351543757,1.0056338076296
TCGA-HT-7477-01B,0,0,0.243591268104663,0.0424904469845976,0,0,0,0,0,0.71391828491074,0,0.241231850185718,0.973861469411896
TCGA-TM-A84O-01A,0,0,0.326954615218546,0.115878530403598,0,0,0,0.0584111378272254,0,0.49875571655063,0,0.241005267296882,0.971352831555055
TCGA-DH-5141-01A,0.000735408580779727,0,0.298766851468171,0.144983188590756,0,0,0,0,0,0.555514551360293,0,0.206856867383019,0.982535267068357
TCGA-FG-8186-01A,0.00739951416824932,0,0.316316480534489,0.307345093444918,0,0,0,0.00312472913504662,0,0.365814182717297,0,0.190352164593324,0.986695749522892
TCGA-HT-8012-01A,0,0,0.260522882765979,0.201023476321222,0,0,0,0,0,0.5384536409128,0,0.213846462584178,0.980154529391924
TCGA-HT-7686-01A,0,0.00792157384801895,0.380695251078351,0.26472895422408,0,0,0,0,0,0.346654220849549,0,0.256561506674811,0.966961981771591
TCGA-HT-7475-01A,0,0,0.18608029496483,0.0887560620278485,0,0,0,0,0,0.725163643007321,0,0.184203656250814,0.992211759926522
TCGA-FG-A87Q-01A,0,0,0.387069565418491,0.353500811708863,0,0,0,0,0,0.259429622872647,0,0.212448486077602,0.980926803915488
TCGA-S9-A6TX-01A,0,0,0.336476098055774,0.149177136013657,0,0,0,0.0117218288640564,0,0.502624937066513,0,0.19247970644643,0.986305434357613
TCGA-HT-8013-01A,0,0.0284491641551738,0.249291276945965,0.371487005031409,0,0,0,0,0,0.350772553867453,0,0.243329038178641,0.971205850503372
TCGA-TM-A7C4-01A,0,0,0.24454253537849,0,0,0,0,0.047399126320146,0,0.708058338301364,0.01,0.142757810691546,1.00515611829003
TCGA-DH-5143-01A,0,0.00640815648575716,0.260606116510396,0.243640881061373,0,0,0,0,0,0.489344845942474,0,0.170767451083237,0.992575841096869
TCGA-HT-7606-01A,0,0,0.206131745308895,0.19537381627636,0,0,0,0.036761014640694,0,0.561733423774051,0,0.204974671054707,0.982342361164821
TCGA-WY-A859-01A,0,0,0.126172757669841,0.17240153830576,0,0,0,0.00254362861621646,0,0.698882075408182,0.03,0.0947962912789162,1.01937544928213
TCGA-HT-7483-01A,0,0,0.374054072678586,0.0889130946055865,0,0,0,0.00147112011049102,0,0.535561712605337,0,0.182141498054329,0.990665482653926
TCGA-VW-A7QS-01A,0,0,0.450407780996282,0.101120020373502,0,0.0433999680446304,0,0,0,0.405072230585585,0,0.245213585244578,0.970586076370645
TCGA-P5-A5EV-01A,0,0.0522117611829102,0.165623237515286,0.183861887797237,0,0,0,0,0,0.598303113504566,0,0.211193627986035,0.980613911055756
TCGA-DU-6400-01A,0.0113801860858833,0,0.238917171334512,0.0291367864852937,0,0,0,0.0144375604804744,0,0.706128295613837,0,0.204043959593998,0.985544016691996
TCGA-VV-A86M-01A,0,0,0.0477317658199395,0.535557037934882,0,0,0,0.0100198195473763,0,0.406691376697802,0.01,0.130063568511842,1.01487747752194
TCGA-QH-A6X9-01A,0,0.00894844572090362,0.316376437178564,0.116595156078733,0,0,0,0,0,0.558079961021799,0.01,0.154944653310414,0.998263942358978
TCGA-HT-A618-01A,0,0.00956732459306633,0.324669325757461,0.23061461262216,0,0,0,0.0561702549931489,0,0.378978482034165,0,0.236802512757685,0.972171673029066
TCGA-FG-6691-01A,0,0,0.12774941586226,0.548766977536943,0,0,0,0.00583931190723021,0,0.317644294693567,0,0.191702831395235,0.993018275732967
TCGA-S9-A6WI-01A,0,0,0.250327222602549,0.234985756784347,0,0,0,0,0,0.514687020613104,0.01,0.14353879200802,1.00095803722449
TCGA-DU-7011-01A,0,0.00279475212301928,0.315337564916597,0.288014772175582,0,0,0,0.00285896566179965,0,0.390993945123002,0,0.23224634703469,0.974269216302153
TCGA-DU-6405-01A,0,0,0.507506764371854,0.0881544445529598,0,0,0,0.00311407504150056,0,0.401224716033686,0,0.279049691575244,0.960559559363351
TCGA-HT-7609-01A,0.00351484207397736,0,0.210162336364318,0.274508350462184,0,0,0,0.0585088196811285,0,0.453305651418392,0,0.217644618433994,0.977977865713041
TCGA-TM-A84S-01A,0,0,0.391836771336931,0.164117691311091,0,0,0,0.0581350561108173,0,0.385910481241161,0,0.200446802002734,0.98274507081363
TCGA-DU-8168-01A,0,0,0.294767940502056,0.0895456242857534,0,0,0,0.0146336774367628,0,0.601052757775427,0.01,0.137885455910366,1.00406931925206
TCGA-FG-A87N-01A,0,0,0.412532890977611,0.0667974455362997,0,0,0,0.0113971539773751,0,0.509272509508714,0,0.228388747014436,0.976427369264399
TCGA-DB-5278-01A,0,0,0.312735667571051,0.272418136878885,0,0,0,0,0,0.414846195550064,0,0.204258570325884,0.982648569430085
TCGA-FG-A4MY-01A,0.0047680738264381,0,0.264261225124803,0.284954565456598,0,0,0,0,0,0.446016135592161,0,0.239998642198517,0.972047552282521
TCGA-E1-A7YN-01A,0.0121889350653063,0.00543962539172838,0.283720665271238,0.430747896410586,0,0,0,0,0,0.267902877861141,0,0.281436709630815,0.959811970672778
TCGA-DU-7010-01A,0,0,0.297363574727858,0.210714165546152,0,0,0,0.00409478240655148,0,0.487827477319438,0,0.178902317973866,0.990162144697436
TCGA-S9-A7J0-01A,0,0,0.343829046184244,0.294203531845435,0,0,0,0,0,0.361967421970321,0.01,0.141310235685855,1.00125133695113
TCGA-WY-A85A-01A,0,0,0.145798853073128,0.140842778413428,0,0,0,0.100180698397831,0,0.613177670115614,0.01,0.129241728389272,1.00370756113743
TCGA-TQ-A7RQ-01A,0.0101989083186611,0,0.3612844614178,0.0709393644459251,0,0,0,0,0,0.557577265817614,0.01,0.156905244517488,0.998523914200684
TCGA-HT-7873-01B,0,0.00679719149719246,0.207767662203856,0.150355715691751,0,0,0,0,0,0.6350794306072,0,0.237847215892095,0.973451360164524
TCGA-DU-8167-01A,0,0,0.225370779079203,0.540134456902247,0,0,0,0,0,0.23449476401855,0,0.192525187150295,0.991881488460291
TCGA-S9-A6U2-01A,0,0,0.414250391102111,0.0844409087588223,0,0,0,0.000477127199445219,0,0.500831572939622,0,0.191958233152649,0.987736778927313
TCGA-S9-A7IQ-01A,0,0,0.352143671144565,0.0525464963348506,0,0,0,0.0113556834566132,0,0.583954149063971,0,0.168074680294456,0.995644191108214
TCGA-HW-7487-01A,0,0,0.195962905431775,0.131818579603493,0,0,0,0.0012635287458623,0,0.67095498621887,0,0.217049603763117,0.980512233315787
TCGA-FG-5963-01A,0,0,0.317192523399108,0.388961761819735,0,0,0,0,0,0.293845714781157,0,0.257081577810379,0.967340172571307
TCGA-HT-A5RA-01A,0,0.00143721144762747,0.366214975828225,0.0249529880082012,0,0,0,0.0135967818066733,0,0.593798042909273,0,0.308014677850318,0.951270428452648
TCGA-HT-A4DV-01A,0,0,0.194873881791815,0.190393614563148,0,0,0,0,0,0.614732503645037,0,0.206857929069553,0.982974892904648
TCGA-DH-A66G-01A,0.00880096868610925,0,0.358179017569206,0.179251219821904,0,0,0,0.0608079561544869,0,0.392960837768294,0,0.217937791573476,0.97749927590289
TCGA-DU-7015-01A,0,0.00644117809547386,0.172280329058531,0.294338224638617,0.028265803113462,0,0,0.0763451880396041,0,0.422329277054312,0,0.172305143509753,0.990545303504748
TCGA-R8-A73M-01A,0,0,0.358470518089298,0.0620236090756203,0,0,0,0.00717233591221969,0,0.572333536922862,0.01,0.138576183511127,1.00459134004093
TCGA-TQ-A7RJ-01A,0,0.0010223492408512,0.204576951027424,0.35070726807992,0,0,0,0.00623368173937452,0,0.43745974991243,0.01,0.162338578537341,0.996104881183256
TCGA-DU-A7TJ-01A,0,0.000404773562140899,0.389615981570871,0.0412092082757922,0,0,0,0.0179801653545762,0,0.55078987123662,0,0.22151337571802,0.978854731119882
TCGA-TM-A84C-01A,0,0,0.461706873699078,0.0839936384416601,0,0,0,0.029660990345684,0,0.424638497513578,0,0.241729172051771,0.971838596670328
TCGA-DB-5280-01A,0,0,0.272497929625573,0.317817295428474,0,0,0,0,0,0.409684774945953,0,0.173918983202288,0.992006160942761
TCGA-TQ-A7RH-01A,0,0,0.169190026463011,0.53784523625866,0,0,0,0,0,0.292964737278329,0.01,0.149642954700833,1.00657356405621
TCGA-RY-A847-01A,0,0,0.234835515201958,0.236429098673114,0,0,0,0.0185398515672024,0,0.510195534557725,0,0.175282158753598,0.991098391595037
TCGA-HW-A5KL-01A,0,0.0332064490661281,0.165638469763976,0.210833742983216,0,0,0,0,0,0.59032133818668,0.01,0.161231524729136,0.995806667663072
TCGA-DU-8163-01A,0,0.0256199971226009,0.192007860406075,0.43678342828046,0,0,0,0.0771840395766425,0,0.268404674614222,0.01,0.15565959026245,0.997985615025928
TCGA-HT-7603-01A,0,0,0.203851417181102,0.0601692469969538,0,0,0,0.0528324410781689,0,0.683146894743775,0,0.224882553039856,0.977680070266653
TCGA-HT-8105-01A,0,0,0.317457630438206,0.0823693679496662,0,0,0,0.00207773615050381,0,0.598095265461624,0,0.274927609346551,0.961886697508426
TCGA-P5-A72W-01A,0,0,0.181215671618936,0.262698378721855,0,0,0,0,0,0.556085949659209,0.02,0.115417734108905,1.01025483709854
TCGA-DB-5281-01A,0,0,0.31880290604904,0.0852039642163659,0,0,0,0,0,0.595993129734594,0,0.239582235771176,0.973119253174647
TCGA-DB-A64S-01A,0.00388665177355034,0,0.183859002202058,0.43119548404701,0,0,0.000220940420058565,0.0154331205944579,0,0.365404800962865,0,0.196594572211883,0.986910650969346
TCGA-HT-8109-01A,0,0,0.226646328352501,0.263707337189939,0,0,0,0.00712683193804498,0,0.502519502519515,0,0.198499828521222,0.984592010616436
TCGA-WY-A85B-01A,0,0,0.067447300493157,0.717247550038367,0,0,0,0.00702134940360788,0,0.208283800064868,0.01,0.161312216924145,1.01599717137041
TCGA-E1-5302-01A,0.00126821009355051,0.00467884032159493,0.409694570981089,0.151858319224866,0,0,0,0.0380030312359713,0,0.394497028142928,0,0.200211765420088,0.983207520369144
TCGA-DB-5275-01A,0.00842425524745943,0,0.345364816122449,0.154570173300105,0,0,0,0,0,0.491640755329987,0,0.214499613730454,0.979753932855503
TCGA-E1-A7YJ-01A,0.00176144999689832,0.011680737756555,0.418210366361309,0.0984650164395506,0,0,0,0.0292627290468653,0,0.440619700398821,0,0.294110636819397,0.955651138000489
TCGA-FG-6688-01A,0,0,0.455521849318182,0.197219198276247,0,0,0,0.0398592519851452,0,0.307399700420426,0,0.228758336780792,0.975026477717223
TCGA-TM-A84M-01A,0,0,0.331646905425508,0.193503626275678,0,0,0,0.136144230076855,0,0.338705238221959,0.01,0.135262819989555,0.998603691161261
TCGA-HT-A617-01A,0,0,0.397462726873083,0.229629422850305,0,0,0,0.00271002552706287,0,0.370197824749549,0,0.220474443567718,0.977787158037701
TCGA-CS-5390-01A,0.00356902469869516,0,0.253129993028429,0.103598901349939,0,0,0,0,0,0.639702080922937,0,0.201152817605458,0.985258319251147
TCGA-CS-6188-01A,0,0,0.42525632693936,0.0306294735951934,0,0,0,0.0399873103918066,0,0.50412688907364,0,0.283835628357254,0.958952443107784
TCGA-QH-A6CU-01A,0,0,0.220828777444431,0.350068479601808,0,0,0,0,0,0.429102742953761,0,0.176320984471915,0.991949540477104
TCGA-S9-A89Z-01A,0.000883978808971572,0,0.214711148626147,0.367149473466048,0.000276472127827398,0,0,0.026700300360855,0,0.390278626610151,0,0.214538998972689,0.980007172760577
TCGA-VM-A8CF-01A,0,0.00810831503570546,0.182791763529667,0.408504752745172,0,0,0,0.0290163902805394,0,0.371578778408916,0.01,0.142474967253982,1.00257928378694
TCGA-DU-A5TP-01A,0.00281320411689333,0,0.394172570352447,0.322084462844203,0,0,0,0.00119474234802051,0,0.279735020338436,0,0.201310492398384,0.983899153643282
TCGA-S9-A7IS-01A,0,0,0.207357356578878,0.0741115210584329,0,0,0,0.079452851183015,0,0.639078271179675,0,0.181148004415745,0.989846093481557
TCGA-VM-A8C8-01A,0,0,0.0161558570050224,0.42528930116575,0,0,0,0.0492897074689188,0,0.509265134360309,0.01,0.155880539435682,1.00166935045789
TCGA-DB-A4XG-01A,0,0,0.213446131286684,0,0,0,0,0.016946929354298,0,0.769606939359018,0,0.220275109774144,0.981852012192508
TCGA-S9-A6TS-01A,0,0,0.15019067793284,0.328623778471689,0,0,0,0,0,0.521185543595471,0.02,0.124812358526104,1.00829015576931
TCGA-HT-7690-01A,0.00211849803891049,0,0.342318552774676,0.180930236579578,0,0,0,0.0170762520185417,0,0.457556460588294,0,0.222441092037809,0.977002886915774
TCGA-DU-8166-01A,0.000674691243947087,0,0.220364037909207,0.320477151245474,0,0,0,0.0591739326252376,0,0.399310186976135,0,0.16852474016198,0.992336362188512
TCGA-HT-7476-01A,0,0,0.565029384341625,0.0847410350029896,0,0,0,0,0,0.350229580655386,0,0.266888820696845,0.964735185933621
TCGA-DU-6401-01A,0,0,0.261944762631805,0.14442121575312,0,0,0,0.0134489785575129,0,0.580185043057562,0,0.213610903115338,0.980379098616204
TCGA-DH-5142-01A,0,0.102017798765684,0.216172031314742,0.314917555915795,0,0,0,0.00248332793573258,0,0.364409286068046,0.01,0.158602177490419,0.99405176478964
TCGA-DU-6404-01A,0,0.00848840232422642,0.265221515222928,0.0888345234944979,0,0,0,0.0518003544108452,0,0.585655204547502,0.01,0.136749192748355,1.00248235159243
TCGA-HT-A614-01A,0,0,0.144876526514332,0.30859667916881,0,0,0,0,0,0.546526794316858,0.01,0.149467266205807,1.00078828259339
TCGA-DB-A4X9-01A,0,0,0.119209161431383,0.195749352074974,0,0,0,0.146382177764891,0,0.538659308728752,0,0.182060958580243,0.98729741821219
TCGA-DH-A7UT-01A,0,0,0.19291805606698,0.268451737546836,0,0,0,0,0,0.538630206386184,0,0.180529566918577,0.990543151807212
TCGA-QH-A6CW-01A,0.00777534151963633,0,0.273939760082749,0.318383163859596,0,0,0,0.00403704241097139,0,0.395864692127046,0.01,0.146973533883592,0.999586744144367
TCGA-FG-A4MW-01A,0,0,0.367239034727915,0.0858929841100985,0,0,0,0.0192798109146192,0,0.527588170247367,0,0.276833847610653,0.961050461778169
TCGA-P5-A5ET-01A,0,0,0.208740062939072,0.115450256053877,0,0,0,0.00548577722176809,0,0.670323903785282,0,0.223313074885136,0.9785052952027
TCGA-TM-A84Q-01A,0,0,0.354533555126902,0.294298091526545,0,0,0,0,0,0.351168353346553,0,0.166747075168686,0.993823280158131
TCGA-DH-5144-01A,0.00403711352743436,0,0.231850803345079,0.104502893789572,0,0,0,0,0,0.659609189337915,0,0.205941863624554,0.983969386364336
TCGA-E1-5303-01A,0.00144241586865349,0,0.161980586946035,0.407337782587179,0,0,0,0.0159899768954317,0,0.413249237702701,0,0.174463724413681,0.993551824017704
TCGA-TQ-A7RP-01A,0,0,0.318147525085887,0.141821078768214,0,0,0,0.032615093798829,0,0.507416302347071,0,0.181879499904101,0.988946194202881
TCGA-E1-5318-01A,0,0.0138221785494272,0.224191247124694,0.0429699104927353,0,0,0,0,0,0.719016663833144,0,0.24847593386857,0.971251748132822
TCGA-S9-A7QY-01A,0,0,0.190216997229337,0.0775316460467617,0,0,0,0.00279637779732509,0,0.729454978926577,0,0.179570527354228,0.993834515093089
TCGA-FG-5962-01B,0,0,0.272803542264793,0.0784009095981278,0,0,0,0.0418205901414472,0,0.606974957995632,0,0.212900208976472,0.980705493637009
TCGA-DB-A75K-01A,0,0,0.437295162133648,0.174379583435365,0,0,0,0,0,0.388325254430988,0,0.240996218417221,0.971885786211612
TCGA-RY-A845-01A,0,0.00669137434504874,0.302262453807878,0.113456078609392,0,0,0,0.0469727930527703,0,0.530617300184911,0.02,0.12463405887256,1.00523520324732
TCGA-DU-7012-01A,0,0.0200241128062012,0.608969031465477,0.260736129920919,0,0,0,0.0107253206799641,0,0.0995454051274388,0,0.194644350933966,0.987718088530137
TCGA-HT-A619-01A,0,0.00526968973227776,0.209758333622865,0,0,0,0,0,0,0.784971976644857,0.01,0.145437134488543,1.00784028261882
TCGA-DU-6397-01A,0,0,0.330897126254435,0.213345956455627,0,0,0,0.0136919513334961,0,0.442064965956442,0,0.216807533897889,0.978656151020542
TCGA-DU-A7T6-01A,0,0,0.337512270231723,0.180566065967071,0,0,0,0,0,0.481921663801206,0,0.198437273520302,0.98456209964951
TCGA-E1-A7Z6-01A,0,0,0.408386141371195,0.120484331210567,0,0,0,0.0201419483159073,0,0.45098757910233,0,0.228555862476343,0.975571018695379
TCGA-DU-7007-01A,0,0,0.299290243470049,0.316800045422698,0.0015170678895503,0,0,0,0,0.382392643217703,0,0.218217039061182,0.978669476113615
TCGA-WH-A86K-01A,0,0,0.224890883469039,0.129615415220069,0,0,0,0,0,0.645493701310892,0.01,0.141741679204299,1.0036101873327
TCGA-DU-7008-01A,0.00392878174802024,0,0.242230898162075,0.102712204329461,0.00149684926759919,0,0,0.0020819953941476,0,0.647549271098697,0.01,0.160510016036159,0.997885262818767
TCGA-HT-7693-01A,0,0.0196458346187019,0.231537733623161,0.281837845954067,0,0,0,0.0919249222635706,0,0.375053663540499,0,0.19729536209965,0.982889993233926
TCGA-IK-7675-01A,0,0,0.166555564237646,0.0756190413569162,0,0,0,0.0536110550625251,0,0.704214339342913,0,0.202906921088609,0.984723064154694
TCGA-S9-A7R3-01A,0.00584592671035199,0,0.169948670909261,0.48959653833922,0,0,0,0,0,0.334608864041166,0.01,0.149897172981299,1.0040976592436
TCGA-HT-7688-01A,0.00225342302714751,0,0.272542733178311,0.235736577209336,0,0,0,0,0,0.489467266585206,0,0.170911380926301,0.9926099183722
TCGA-DH-A7US-01A,0,0,0.320874966674187,0.200898519037309,0,0,0,0,0,0.478226514288504,0,0.19445439506871,0.985651289403734
TCGA-DU-7302-01A,0,0,0.235725591279638,0.00396782955336706,0,0,0,0.041045373178677,0,0.719261205988318,0,0.254435051361964,0.969242748627616
TCGA-KT-A74X-01A,0,0,0.265758664325256,0.181485660473981,0,0.00994418291689254,0,0,0,0.54281149228387,0.01,0.151940323040337,0.99845111144644
TCGA-CS-6186-01A,0,0.044067254200821,0.326613774570599,0.0862814989077578,0,0,0,0.0134628530091961,0,0.529574619311626,0.02,0.0983090123245059,1.01308037584888
TCGA-HW-8321-01A,0.000808660152546969,0,0.179548129260694,0.269250424815033,0,0,0,0,0,0.550392785771726,0,0.192101473486064,0.987182865196811
TCGA-HT-A74J-01A,0,0.000259167119825705,0.306253218032318,0.119247789963657,0,0,0,0.00530053019321392,0,0.568939294690986,0,0.177440223086093,0.991654072534098
TCGA-R8-A6ML-01A,0,0,0.381100734220161,0.0528367426996353,0,0,0,0.0112908556551751,0,0.554771667425029,0,0.207262299743803,0.983314019799449
TCGA-DU-6407-01A,0,0,0.280065699265226,0.284986311248761,0,0,0,0,0,0.434947989486013,0.02,0.122929944605804,1.00669234069886
TCGA-S9-A89V-01A,0,0.00280665948586604,0.642703857423635,0.0415383727483861,0,0,0,0.0036541048162478,0,0.309297005525865,0,0.270047682210884,0.964483751772598
TCGA-HT-7481-01A,0,0,0.196380565457468,0.110325627208509,0,0,0,0,0,0.693293807334023,0,0.231736205077278,0.976203086817649
TCGA-DU-A76O-01A,0,0,0.284153072501721,0.268119725684822,0,0,0,0.0040662369251183,0,0.443660964888339,0,0.185525243345597,0.988158279703188
TCGA-HT-7877-01A,0,0,0.402294539875502,0.0867466023807134,0,0,0,0.0113753566525141,0,0.499583501091271,0,0.242463015032956,0.971801125791111
TCGA-TM-A7C5-01A,0.0251546802912239,0,0.226021209461632,0.131164824358668,0,0,0,0.00443102835524749,0,0.613228257533228,0.01,0.140979890893738,1.00223417344941
TCGA-DU-5854-01A,0,0,0.307268733769995,0.23345957776522,0,0,0,0,0,0.459271688464785,0,0.283956418903702,0.958737896682944
TCGA-DU-A7T8-01A,0,0,0.489734320490382,0.270494163025493,0,0,0,0,0,0.239771516484124,0,0.178586504186263,0.991165267842746
TCGA-DU-7019-01A,0.008069981752135,0,0.278141998460915,0.274123676468736,0,0,0,0,0,0.439664343318214,0.01,0.164585534088196,0.994230281330096
TCGA-DU-7299-01A,0,0,0.103371359561614,0.286186923502099,0,0,0,0.00808613587827009,0,0.602355581058016,0,0.192925637441549,0.987869812899316
TCGA-DU-7006-01A,0,0,0.567303661511988,0.249990636661061,0,0,0,0,0,0.182705701826951,0,0.297552332947834,0.954636809507403
TCGA-S9-A6WH-01A,0,0,0.378515236697307,0.0916150382404405,0,0,0,0.0111854526571403,0,0.518684272405112,0.01,0.163622031086211,0.995838788331726
TCGA-S9-A7QX-01A,0,0,0.18795715714488,0.167465882993655,0,0,0,0.0101732884129098,0,0.634403671448555,0.01,0.149349529582077,1.00059756296217
TCGA-P5-A736-01A,0,0.00255757458954513,0.398532100369541,0.290475393239895,0,0,0,0,0,0.30843493180102,0,0.169537960523716,0.993083939510603
TCGA-DB-A64U-01A,0,0,0.287253361190151,0.353708697431183,0,0,0,0,0,0.359037941378666,0,0.187933720228861,0.988167814865562
TCGA-FG-A6J3-01A,0.00325941591075994,0,0.402466931379036,0.250741134078285,0,0,0,0.00568865704532289,0,0.337843861586595,0,0.18041401895026,0.98951393680411
TCGA-E1-A7YW-01A,0,0,0.421805696257253,0.161915161117773,0,0,0,0.0226922792009789,0,0.393586863423995,0,0.204821030454653,0.98229759804088
TCGA-DH-A66F-01A,0,0,0.513748715818285,0.075732655995786,0,0.0118614006497196,0,0.0123832573447563,0,0.386273970191453,0,0.226675079484985,0.976942306239518
TCGA-FG-7641-01B,0,0,0.288080101527319,0.0565320937304213,0,0,0,0,0,0.65538780474226,0,0.24998549028511,0.970365501404985
TCGA-HW-A5KM-01A,0,0.0139113933952302,0.25499458912945,0.613639681353934,0,0,0,0,0,0.117454336121387,0,0.196161269129015,0.994212747537445
TCGA-P5-A737-01A,0,0.0137676134594084,0.422325993607275,0.271928701776453,0,0,0,0,0,0.291977691156863,0.01,0.138363268724191,1.00189950420634
TCGA-TQ-A7RI-01A,0,0,0.358435807602655,0.166974960736039,0,0,0,0,0,0.474589231661306,0,0.198526658618116,0.984610278213375
TCGA-DU-A6S6-01A,0,0,0.309327600218752,0.11781146117865,0,0,0,0,0,0.572860938602597,0,0.169062663548178,0.994429520232228
TCGA-P5-A731-01A,0,0,0.623688096778789,0.0677192089230852,0,0,0,0,0,0.308592694298126,0,0.267590012199047,0.965017359156887
TCGA-DB-A64R-01A,0,0,0.193529003136053,0.0864380077150955,0,0,0,0.026846483663379,0,0.693186505485473,0,0.219178015290766,0.979864815891066
TCGA-QH-A65R-01A,0.00262917538240663,0,0.200376600878207,0.0869094984795875,0,0,0,0.0151667506221917,0,0.694917974637607,0,0.181118494290884,0.992134989708857
TCGA-HT-A74L-01A,0,0,0.284021330628649,0.223519871725712,0,0.0294539278985107,0,0.0195870336474816,0,0.443417836099646,0,0.214360451545399,0.978874666379969
TCGA-CS-4944-01A,0,0,0.318767076234491,0.18941534051078,0,0,0,0.0172429415169121,0,0.474574641737817,0.02,0.104879498807361,1.01112517593566
TCGA-HT-7676-01A,0,0.0422768791454613,0.175853548801429,0.415731889246398,0,0,0,0,0,0.366137682806711,0,0.182092847410559,0.990647258842866
TCGA-VV-A829-01A,0,0,0.325137616258464,0.204602944411099,0,0.0222399281180716,0.000456684805032937,0.106995404769283,0,0.340567421638049,0,0.216985642505296,0.977064204513398
TCGA-P5-A5EU-01A,0,0,0.380403739785907,0.0793538446606939,0,0,0,0.0725388445318204,0,0.467703571021579,0,0.319126916802914,0.948202425310672
TCGA-DU-5872-01A,0,0,0.290984851594498,0.330204566970851,0.00212624618046104,0,0,0,0,0.37668433525419,0,0.166320772650905,0.994256262734633
TCGA-P5-A72Z-01A,0,0,0.403732938577396,0.00560304197966008,0,0,0,0,0,0.590664019442944,0.03,0.0930346456881332,1.02154196339184
TCGA-TM-A84J-01A,0,0,0.503952843776919,0.018136427223735,0,0,0,0.0024154524102967,0,0.475495276589049,0,0.175969649796102,0.994725299896312
TCGA-HT-7879-01A,0,0,0.256256808508417,0.257807894760334,0,0,0,0,0,0.485935296731249,0.01,0.141635619517033,1.00137777346925
TCGA-HT-A616-01A,0,0,0.156697504505983,0.0650494559308777,0,0,0,0.125399559002903,0,0.652853480560236,0,0.167434606149492,0.993278909420412
TCGA-P5-A5EX-01A,0,0,0.578100858567072,0.174360706567328,0.0162426951750894,0,0.0104507084554311,0.00941961119859287,0,0.211425420036487,0,0.25875197583973,0.966839061965405
TCGA-FG-A713-01A,0,0,0.32912117559996,0.113529906293669,0,0,0,0.00606997866771289,0,0.551278939438658,0,0.198443086868546,0.985222067519068
TCGA-P5-A5F6-01A,0,0,0.316474471982405,0.123587264109685,0,0,0,0,0,0.55993826390791,0,0.330319440678713,0.944200462757344
TCGA-DH-A7UV-01A,0,0.0115426599402671,0.195124977372335,0.253562854983038,0,0,0,0,0,0.539769507704361,0.01,0.129399407247997,1.00530888800096
TCGA-S9-A6U1-01A,0,0,0.0881301630648958,0.533018156551263,0,0,0,0,0,0.378851680383841,0.01,0.137485951717508,1.01161290851219
TCGA-S9-A6U0-01A,0.000524876665160615,0.0197543430260494,0.309630490275861,0.0328585310831186,0,0,0,0.00443328762955459,0,0.632798471320256,0,0.433845874846447,0.909135559475522
TCGA-DU-5847-01A,0,0.0133584613739283,0.34760321309904,0.194239764698577,0,0,0,0.0666354014448071,0,0.378163159383647,0,0.268373492078953,0.963193453769717
TCGA-S9-A6U5-01A,0,0.0162949909080108,0.510140460377011,0.139302637091843,0.000512481234597779,0,0,0.0758820036037711,0,0.257867426784766,0,0.170192446368748,0.991650434040367
TCGA-DU-6394-01A,0,0.00712498955511917,0.499046357585641,0.0137817043299599,0,0,0,0,0,0.48004694852928,0,0.213510595718933,0.98251090728059
TCGA-HT-A5RB-01A,0,0,0.265256461903596,0.0831313264668188,0,0,0,0,0,0.651612211629586,0,0.174915885908222,0.993981757209115
TCGA-TM-A84H-01A,0,0,0.407957380977554,0.0130672704905612,0,0,0,0.0122549850121771,0,0.566720363519708,0,0.187392956881522,0.990566348862664
TCGA-VM-A8C9-01A,0.000169388586654047,0.00484345850279795,0.602679770584847,0.0931203732860271,0.000440741875734563,0.00688478686614893,0.000186899702588707,0.000230313781983168,0.000127322448189176,0.291316944365029,0,0.327813080770267,0.944707650026629
TCGA-P5-A5EY-01A,0,0,0.591377726106696,0.0543196074315585,0,0,0,0.00810548671730694,0,0.346197179744438,0,0.178530672249284,0.993795673562742
TCGA-S9-A7R8-01A,0,0.001616461167442,0.262307386607874,0.380052046168464,0,0,0,0.0602673565387679,0,0.295756749517453,0.01,0.157935628426877,0.996217826864352
TCGA-HT-7471-01A,0,0,0.484596959832522,0.196948298297731,0,0,0,0,0,0.318454741869747,0,0.224423750855127,0.977059562278855
TCGA-HW-A5KK-01A,0.019574626160563,0,0.37601011222982,0.40436163081148,0,0,0,0.020872940375762,0,0.179180690422375,0,0.248695666007681,0.969947970609259
TCGA-E1-A7YQ-01A,0,0.0279399294992981,0.513002643485194,0.210244543379835,0,0,0,0,0,0.248812883635673,0,0.331591707089035,0.944044952921932
TCGA-HT-A61B-01A,0,0.0147730865651143,0.247277808286208,0.441181602565532,0,0,0,0.00190984112086889,0,0.294857661462278,0,0.262264736327461,0.966052350732462
TCGA-HT-A74O-01A,0,0.0111261250076288,0.440622582080868,0.252298053265295,0.000467079647832443,0,0,0.0223147816037381,0,0.273171378394637,0.02,0.115534854849506,1.0078525573668
TCGA-HT-7469-01A,0.00496521879264008,0,0.324714890002385,0.00526682625775259,0,0,0,0.0252763047026324,0,0.63977676024459,0.01,0.155118684280404,1.00072379460154
TCGA-DU-7292-01A,0,0,0.445074080471018,0.0979266779109211,0,0,0,0.00614966536172205,0,0.450849576256338,0,0.182351482464084,0.990301498959016
TCGA-DU-A7TG-01A,0,0,0.39597753701317,0.14852205660606,0,0,0,0.0294218886762238,0,0.426078517704546,0,0.19345131152127,0.985503449912938
TCGA-S9-A7R1-01A,0,0,0.309199146240522,0.0167179948312773,0,0,0,0.0504318792745432,0,0.623650979653657,0,0.254599285180327,0.968348417863331
TCGA-HT-7689-01A,0,0,0.256156052058887,0.422977334395063,0,0,0,0,0,0.32086661354605,0,0.185869262857958,0.990130229818882
TCGA-VM-A8CA-01A,0.00843919813107286,0,0.493859094523948,0.0968400940646247,0,0,0,0,0,0.400861613280354,0,0.236928861534952,0.973678251546216
TCGA-DU-8162-01A,0,0,0.362449680235603,0.254915728265666,0,0,0,0.0136661194695871,0,0.368968472029144,0,0.199304583668813,0.983767738728699
TCGA-HT-8110-01A,0,0.0490889187325542,0.229897343509242,0.393651040026095,0,0,0,0.0942456181792433,0,0.233117079552865,0,0.239463602009625,0.971751944299197
TCGA-S9-A6U8-01A,0,0,0.168753632583378,0.474880985158853,0,0,0,0.0062248291837848,0,0.350140553073985,0.01,0.164771289318891,0.998710797614846
TCGA-E1-5305-01A,0,0,0.388203127349844,0.0741956146127738,0,0,0,0.00933083373767759,0,0.528270424299705,0,0.272622338560127,0.96250586671558
TCGA-FG-A60K-01A,0.000224419810072184,0,0.370866547763697,0.157662427977124,0,0,0,0.0568830086344839,0,0.414363595814623,0,0.223584032588737,0.976160921530985
TCGA-HT-7687-01A,0,0,0.195076833001048,0.189026961803586,0,0,0,0.0183853375728034,0,0.597510867622562,0,0.194252674317731,0.986247008077011
TCGA-HT-7607-01A,0,0,0.479909441708606,0.13410319802732,0,0,0,0.0134649238411058,0,0.372522436422969,0,0.227289130169205,0.976191711589065
TCGA-DU-5871-01A,0,0,0.206586416554921,0.387198918625553,0,0,0,0,0,0.406214664819526,0.01,0.142955571470697,1.00282505459327
TCGA-IK-8125-01A,0,0,0.279437597323586,0.0976840161071251,0,0,0,0.00678742655958611,0,0.616090960009703,0,0.226748856296676,0.977022523706032
TCGA-KT-A7W1-01A,0,0,0.317710511180673,0,0,0,0,0.00259600093948242,0,0.679693487879845,0,0.339597952630682,0.940528456818174
TCGA-DU-7304-01A,0,0.00750006612269976,0.232112656986128,0.287377194788001,0,0,0,0,0,0.47301008210317,0,0.191411284710565,0.986678640758919
TCGA-HT-7882-01A,0,0,0.564239140726692,0.348566381666621,0,0,9.31240869410264e-06,0,0,0.0871851651979929,0,0.586428625339387,0.852763162659144
TCGA-HT-7608-01A,0,0,0.294151617838196,0.190897767331402,0,0,0,0.0179406430202971,0,0.497009971810105,0,0.217198985224725,0.978635033720884
TCGA-FG-8187-01A,0,0,0.115869271644319,0.447736729876133,0,0,0,0.0323954162202762,0,0.403998582259272,0.01,0.166021362635033,0.997422674798652
TCGA-VM-A8CH-01A,0,0,0.360642544373424,0.245898583823329,0,0,0,0.00368282781895457,0,0.389776043984292,0.01,0.163768515371726,0.994372911674165
TCGA-E1-5319-01A,0,0,0.362471834236877,0.154618366256096,0,0,0,0,0,0.482909799507027,0,0.232559326386769,0.974470299035765
TCGA-DU-6403-01A,0,0,0.351222346003628,0.337487589557016,0,0,0,0,0,0.311290064439356,0,0.288187454359289,0.95747940975252
TCGA-DU-6392-01A,0,0,0.461048450105728,0.200873058190558,0,0,0,0,0,0.338078491703714,0,0.304371381676786,0.95247120438724
TCGA-HT-7602-01A,0,0.00197278396761385,0.146630573038429,0.337167375666056,0,0,0,0,0,0.514229267327901,0,0.200124215023617,0.985288656306887
TCGA-HW-8322-01A,0,0,0.275749290922912,0.320934159261257,0,0,0,0,0,0.403316549815832,0,0.178141480129417,0.990764947304624
TCGA-FG-8182-01A,0.00157545973884932,0,0.167827297843068,0.521601597569449,0,0,0,0.0205439035294038,0,0.28845174131923,0,0.16739907895978,0.999360947059767
TCGA-DU-8165-01A,0,0,0.451473957793116,0.300510534232121,0,0,0,0.0176945163312659,0,0.230320991643498,0,0.21785800682017,0.978881680140839
TCGA-S9-A6UB-01A,0,0,0.23871183602936,0.0711119828334835,0,0,0,0.012142097625859,0,0.678034083511297,0,0.189851052456084,0.989441664029203
TCGA-HT-A61A-01A,0,0.00404396011911008,0.338931196840252,0.1190974514608,0,0,0,0,0,0.537927391579838,0,0.175767469970465,0.992016467614118
TCGA-DU-A6S3-01A,0.0150085231740835,0,0.243332489558921,0.0565172998325018,0,0,0,0,0,0.685141687434494,0,0.171237903369404,0.995582525225988
TCGA-P5-A5F4-01A,0,0,0.328538704873129,0.160123471459752,0,0,0,0,0,0.511337823667119,0,0.180593355666532,0.990118785829085
TCGA-DB-A75M-01A,0,0,0.333604477444299,0.209532010563529,0,0,0,0,0,0.456863511992172,0,0.178834635532395,0.990179679335377
TCGA-E1-5304-01A,0,0,0.196918569315873,0.0376677011926567,0,0,0,0.0152039804037236,0,0.750209749087747,0.01,0.132656304585249,1.00972241485046
TCGA-DB-A75L-01A,0,0,0.263702861371563,0.287912722374053,0,0,0,0,0,0.448384416254384,0,0.172072141036283,0.992410590017384
TCGA-P5-A735-01A,0,0,0.192106157832173,0.390400068194398,0,0,0,0,0,0.41749377397343,0.03,0.0888716580447651,1.0194610231011
TCGA-DB-5270-01A,0,0,0.396395378916997,0.272514198223327,0,0,0.00188171712628973,0.0091655178073501,0,0.320043187926037,0,0.183090390748248,0.988749392017618
TCGA-HT-7470-01A,0,0,0.136442455496628,0.303817067074828,0,0,0,0.0582647531145709,0,0.501475724313973,0,0.186549375790805,0.987854875234625
TCGA-HW-7490-01A,0.0129498799653787,0,0.313439764350554,0.135996662246872,0.000110058194872941,0,0.000714065196536439,0,0,0.536789570045786,0,0.200951193276196,0.983974713439768
TCGA-HT-8564-01A,0.00398652246060881,0,0.522371106538555,0.133335601255212,0,0,0,0.0105080626714569,0,0.329798707074167,0,0.169746285052313,0.993991806965911
TCGA-HT-7856-01A,0,0,0.268011573260174,0.130672237703548,0,0,0,0,0,0.601316189036278,0,0.19438044253089,0.986818973676718
TCGA-HT-7692-01A,0,0,0.228718317784252,0.306434792948925,0,0,0,0.00117856219422435,0,0.463668327072599,0.01,0.162461038814496,0.995593904761232
TCGA-QH-A6CZ-01A,0.00194505915355862,0,0.280363593499025,0.218916073777615,0,0,0,0,0,0.498775273569802,0.01,0.150857915234673,0.998536936421771
TCGA-TQ-A7RG-01A,0,0,0.343879994931999,0.296760198042583,0,0,0,0,0,0.359359807025418,0,0.182075236162469,0.98930825463002
TCGA-FG-A4MX-01A,0,0,0.329114327324276,0.19238407729528,0,0,0,0.0240903414318514,0,0.454411253948592,0.03,0.0847812509494343,1.01637425134926
TCGA-HT-A74H-01A,0,0,0.394511233629794,0.25817781411544,0,0,0,0,0,0.347310952254767,0,0.176618506333558,0.990843648966163
TCGA-TM-A84I-01A,0,0.00791073581459596,0.203103524933146,0.138582928601753,0,0,0,0,0,0.650402810650506,0,0.181206932484412,0.991252973816656
TCGA-HT-7857-01A,0,0,0.501311307077059,0.372361760947341,0,0,0,0,0,0.1263269319756,0,0.40436421551491,0.91893269846792
TCGA-DB-A75O-01A,0,0.0116251890017581,0.211239440280671,0.123519193268273,2.35942662941112e-05,0,2.89288221760353e-05,0.0232282405709343,0,0.630335413789894,0,0.17520060796778,0.992149450766193
TCGA-HT-7874-01A,0,0,0.225492424982317,0.110020830364908,0,0,0,0.0133011158188368,0,0.651185628833938,0,0.220759248911597,0.978982834544345
TCGA-FG-A70Z-01A,0.00227333492331046,0.012272061981264,0.379855738669866,0.0997657411608088,0,0,0,0.0109208076258034,0,0.494912315638947,0,0.28401615106171,0.958752071087361
TCGA-DU-7301-01A,0,0,0.225319798871753,0.489923555185389,0,0,0,0.0122893527161108,0,0.272467293226748,0.01,0.142242973960952,1.00600521274362
TCGA-DU-A7TI-01A,0.007671540084503,0,0.205925702418886,0.342229593255096,0,0,0,0.172915448395774,0,0.271257715845741,0,0.18109248356081,0.987366530665407
TCGA-FG-A60J-01A,0.00563446315670543,0.00351268408350949,0.260835251949883,0.332250599811711,0,0,0,0.0491848196321834,0,0.348582181366008,0.01,0.15826582706432,0.995252825760108
TCGA-HT-7474-01A,0,0,0.24008320466151,0.12154538173724,0,0,0,0.00689361386558155,0,0.631477799735669,0,0.243547713201295,0.971717482649952
TCGA-DB-A64L-01A,0.011038132067804,0.0139869709837473,0.243500263610734,0.100772356031448,0,0,0,0,0,0.630702277306267,0,0.21501385650806,0.980399840763228
TCGA-CS-4942-01A,0,0.00221155496585161,0.12571342950705,0.409514735101668,0,0,0,0.0401694391627361,0,0.422390841262694,0,0.18489654779821,0.990177596942373
TCGA-DU-8161-01A,0.00315072343424135,0.0130870459889804,0.437245311639191,0.216203880658226,0,0,0,0.0783009163741958,0,0.252012121905166,0,0.23700471594161,0.972088396274289
TCGA-QH-A65X-01A,0,0,0.289133733319749,0.0839424400034173,9.92971699789815e-05,0,0,0,0,0.626824529506854,0,0.185837655841063,0.990246228483044
TCGA-HT-7468-01A,0,0,0.199195986346314,0.290787535577226,0,0,0,0,0,0.51001647807646,0,0.18355923329956,0.989564476371098
TCGA-VW-A8FI-01A,0,0,0.314688408940394,0.11631646944583,0,0,0,0.0463622553914395,0,0.522632866222336,0,0.276282053826111,0.961019827507483
TCGA-DB-5277-01A,0,0,0.191758190647522,0.232598103364604,0,0,0,0,0,0.575643705987874,0,0.192211667576843,0.987152376890707
TCGA-FG-8181-01A,0,0,0.476413127077703,0.0516709221229542,0,0,0,0.0346685566635791,0,0.437247394135763,0,0.187808605329797,0.988769477112012
TCGA-DB-A4XE-01A,0,0,0.174435755346149,0.104760562441935,0,0,0,0.163828472744772,0,0.556975209467144,0,0.177221840256117,0.988353887540871
TCGA-DU-7290-01A,0,0.0115037038880223,0.541319285339134,0.265318981543862,0,0,0,0.0563016218717812,0,0.1255564073572,0,0.252797399199862,0.968338585937513
TCGA-P5-A77X-01A,0,0,0.272482047870792,0.093455803479685,0,0,0,0.00465326262627564,0,0.629408886023248,0,0.230224404879705,0.976101975529804
TCGA-RY-A843-01A,0,0.00160868222862091,0.247473902689345,0.107848646197301,0,0,0,0.0262052821650293,0,0.616863486719704,0,0.195384657716747,0.986157816754226
TCGA-QH-A65V-01A,0,0,0.31011306074154,0.307009916372516,0,0,0,0,0,0.382877022885943,0,0.169350719523167,0.993149602835593
TCGA-S9-A7R7-01A,0,0,0.564319493273549,0.17449095303332,0,0,0,0.00646387129274646,0,0.254725682400385,0,0.285429292467062,0.958473311089758
TCGA-HT-7610-01A,0,0,0.203178023333514,0.250774137687238,0,0,0,0.0259626481824596,0,0.520085190796789,0,0.170888067224723,0.992443973491622
TCGA-DU-7009-01A,0,0,0.253671832561037,0.152513651510286,0,0,0,0,0,0.593814515928677,0,0.177321509333177,0.991806725817041
TCGA-DB-5274-01A,0,0,0.293851978123226,0.253552318290108,0,0,0,0,0,0.452595703586666,0,0.181699017110493,0.989348184540664
TCGA-FG-8191-01A,0,0,0.24372629789351,0.387704907001618,0,0,0,0.0940021709159882,0,0.274566624188884,0,0.195976563270682,0.984794143135907
TCGA-TM-A84L-01A,0.000106889789599907,0,0.22498323988917,0.402730933359226,0,0,0,0,0,0.372178936962004,0.01,0.142602167899999,1.00313185533618
TCGA-EZ-7264-01A,0,0,0.316618195731497,0.0962991753082298,0,0,0,0,0,0.587082628960273,0,0.211005439069573,0.98191341625303
TCGA-QH-A870-01A,0.00293105858375708,0,0.277342176462673,0.0492744476469007,0,0,0,0.084049422427588,0,0.586402894879081,0,0.240404497708638,0.971833137028176
TCGA-QH-A6XA-01A,0,0,0.12902013229418,0.351579484424888,0,0,0,0.00493343198551426,0,0.514466951295417,0.01,0.165126990948785,0.996419813332681
TCGA-HT-7611-01A,0,0.00512855493494311,0.144957855389513,0.425753227481965,0,0,0,0.000504933944193954,0,0.423655428249385,0.01,0.134904334515593,1.00693572521463
TCGA-FG-6690-01A,0.00376606051964576,0,0.192985103616522,0.34744835649873,0,0,0,0.0613418078533987,0,0.394458671511704,0,0.169340894577583,0.992532934421434
TCGA-HT-7681-01A,0,0,0.196498461628535,0.203972636846105,0,0,0,0.00329089035309337,0,0.596238011172267,0,0.206202321506,0.982931146762131
TCGA-DU-6408-01A,0,0,0.253464787081195,0.229494097508237,0,0,0,0.0314593611772923,0,0.485581754233276,0,0.197064623323363,0.984261653664831
TCGA-RY-A840-01A,0,0,0.377418148425692,0.0908359983882972,0,0,0,0.0122333970389307,0,0.51951245614708,0.01,0.146792835143261,1.00087707090364
TCGA-HT-A5RC-01A,0.00111549463285675,0,0.546997380012362,0.0391613397561582,0,0,0,0.0223313782565912,0,0.390394407342032,0,0.3202538709915,0.947233888444859
TCGA-HT-7860-01A,0,0.0294041380267238,0.29865979048874,0.152390067723052,0,0,0,0.0322287100680414,0,0.487317293693443,0,0.30954751800361,0.951226801849602
TCGA-E1-A7YH-01A,0,0,0.212461793407859,0.242109626815196,0,0,0,0,0,0.545428579776944,0,0.186040824548829,0.988719601011387
TCGA-S9-A6WM-01A,0,0,0.333952677442585,0.00284592963147037,0,0,0,0.00803399171421096,0,0.655167401211734,0,0.241306013837998,0.973770445457358
TCGA-S9-A6U6-01A,0.00455140055926761,0,0.117591478128558,0.210058103321503,0,0,0,0.0360697239353275,0,0.631729294055343,0,0.167210338433179,0.994690217951227
TCGA-HW-7489-01A,0,0,0.251147979283424,0.136819583724492,0,0,0,0.00918256078095564,0,0.602849876211129,0,0.22204923097,0.978087043649276
TCGA-QH-A65S-01A,0,0,0.22726250116725,0.312093859336688,0,0,0,0,0,0.460643639496062,0,0.173812557342111,0.992297008612148
TCGA-QH-A6CS-01A,0,0,0.225906726748325,0.382950676534601,0,0,0,0.0363329291752487,0,0.354809667541825,0.02,0.100656198088919,1.01387831725747
TCGA-S9-A6UA-01A,0.00171164120930663,0,0.722364661230125,0.200654479722149,0,0,0,0.00127452404840742,0,0.0739946937900122,0,0.398785510053595,0.919098147990407
TCGA-S9-A6TW-01A,0,0,0.301667450400888,0.082090175335876,5.51590736148891e-05,0,0,0,0,0.616187215189621,0,0.192185679088897,0.988187886155325
TCGA-S9-A7J2-01A,0.000629351460966809,0,0.386000386308169,0.108747440375294,0,0,0,0,0,0.50462282185557,0.01,0.164111795089471,0.995733519132474
TCGA-DU-5870-01A,0,0,0.35168572957742,0.112014815377309,0,0,0,0.0155552962332142,0,0.520744158812057,0,0.205521147720664,0.982733723773037
TCGA-DB-A64P-01A,0,0,0.413732000478474,0.128850234470169,0,0,0,0.0207115510478392,0,0.436706214003518,0,0.246566903815598,0.970086024766097
TCGA-DU-7014-01A,0,0,0.283954413784826,0.101834278907213,0,0,0,0,0,0.61421130730796,0,0.279405912407329,0.960436569636797
TCGA-HT-7884-01B,0,0,0.279691356908667,0.134957793305883,0,0,0,0.00167508150013434,0,0.583675768285316,0,0.236527156046109,0.973637834507238
