"","Monocytes","DC","Fibroblasts","Cancer Cells","CD4 T","NK","CD8 T"
"TCGA.CV.5442.01A",0.0972824783891605,0.420298169214188,0.260719266935779,0,0.221700085460872,0,0
"TCGA.CR.7392.01A",0.311811478768945,0.0382831227527647,0.632748474178138,0,0,0.0171569243001518,0
"TCGA.UF.A71A.01A",0.0887027711096122,0.27463869944114,0.636658529449248,0,0,0,0
"TCGA.CN.A642.01A",0.0408047320417878,0.610976508525936,0.20835632604192,0,0.139862433390356,0,0
"TCGA.CV.A45U.01A",0.124989724633989,0.0810392351729632,0.497159965805678,0.000318737214781997,0,0.0943081899297424,0.202184147242845
"TCGA.CN.6012.01A",0.174276453167086,0.157000028743601,0.392835475471203,0.137655364340306,0,0.0741721711327482,0.0640605071450565
"TCGA.CV.A45W.01A",0.128823979942097,0.219962253613315,0.256702398335905,0.156768923280144,0,0,0.237742444828539
"TCGA.CV.A6K0.01B",0.248261363680436,0.150164524101876,0.46005255905295,0,0,0.0118529337235363,0.129668619441202
"TCGA.QK.A6VB.01A",0.0521473479190075,0.296133659456952,0.554649743517276,0,0,0,0.0970692491067647
"TCGA.CV.6959.01A",0.185357409123621,0.235030270487191,0.57461311617953,0,0,0.000935609348887391,0.00406359486076988
"TCGA.HD.7832.01A",0.259232151652109,0.188169085368279,0.432765098246942,0,0.0026062332519603,0,0.11722743148071
"TCGA.CV.7255.01A",0.186231737639225,0.100306147662196,0.708610013016236,0,0,0.00234753329335891,0.00250456838898438
"TCGA.CR.5243.01A",0.111351853384245,0.0677838784238017,0.503210566097856,0.010995019542669,0,0.238378250394247,0.068280432157181
"TCGA.P3.A6T5.01A",0.131773964127132,0.232211573336144,0.493347657158687,0,0.00594632904384722,0,0.13672047633419
"TCGA.CV.6952.01A",0.23696448830175,0.123485254845735,0.616951218259108,0,0,0.00227437571754755,0.0203246628758594
"TCGA.D6.A6ES.01A",0.06451683145708,0.710451248757181,0.150750536489445,0,0.0742813832962937,0,0
"TCGA.CN.5366.01A",0.234879155441947,0.0509340962114402,0.699019750320597,0,0,0,0.0151669980260162
"TCGA.CQ.6223.01A",0.215959909988604,0.23539351882356,0.459435301158112,0,0.000206126287829629,0.00258720984363001,0.0864179338982647
"TCGA.F7.7848.01A",0.17527902111406,0.115465829073959,0.465225161553639,0.113836742880032,0,0.067635117344385,0.0625581280339255
"TCGA.CV.A6JM.01A",0.111616209802653,0.565762443686648,0.2334109945674,0,0.0892103519432993,0,0
"TCGA.CN.5359.01A",0.345000628598399,0.0857365376562613,0.569262833745339,0,0,0,0
"TCGA.P3.A5QA.01A",0.222368133282551,0,0.623514595403577,0.154117271313872,0,0,0
"TCGA.CN.4734.01A",0.258201586591679,0.224782714967792,0.516662634639173,0,0,0,0.000353063801356213
"TCGA.CV.6441.01A",0.000737101131297279,0.181136030048533,0.221060496609549,0.042718655220864,0.435349389583354,0,0.118998327406403
"TCGA.CV.A6JY.01A",0.105957538351008,0.357801217114141,0.404950758469925,0,0.131290486064925,0,0
"TCGA.D6.6825.01A",0.252443861271243,0.239830379732809,0.479781266836057,0,0,0.00371129709080495,0.0242331950690861
"TCGA.CR.5247.01A",0.057464010061709,0.0291048126633634,0.905126629637186,0,0,0,0.00830454763774154
"TCGA.CV.7410.01A",0.254079651193073,0.34558203182761,0.322383043165908,0,0,0,0.0779552738134089
"TCGA.CV.7091.01A",0.260515497294406,0.0691899180597825,0.549136380496538,0,0.00296363727597339,0,0.1181945668733
"TCGA.BA.5153.01A",0.240193504976628,0.298254642081808,0.396690144725326,0,0,0.0648617082162376,0
"TCGA.CV.7428.01A",0.121565956572343,0.375832485330849,0.41052876200629,3.50457239113671e-05,0,0.00492415408031434,0.0871135962862923
"TCGA.CX.7086.01A",0.253934719865264,0.2917897020281,0.422646273882582,0,0.00120931342094452,0,0.0304199908031092
"TCGA.CN.5364.01A",0.116472994478404,0.287514072740201,0.501487226269312,0,0.00126033408300396,0,0.0932653724290794
"TCGA.BA.A6DB.01A",0.070252723076318,0.506328054799288,0.320281988615268,0,0.0653090413589443,0,0.0378281921501818
"TCGA.CQ.5325.01A",0.229631466710951,0.373778910526278,0.391818311435279,0,0,0.000369961640122671,0.00440134968736922
"TCGA.CN.4731.01A",0.17489392984236,0.230232367256553,0.509835104663874,0,0,0,0.0850385982372123
"TCGA.CV.7427.01A",0.321523154070394,0.474244470228219,0.202412884902658,0,0,0,0.00181949079872881
"TCGA.CR.6467.01A",0.107398937654531,0.186729704571817,0.269305464052199,0.00969443528283663,0.00195733994562587,0.237989449652303,0.186924668840687
"TCGA.CV.7183.01A",0.122809238964946,0.250657611733467,0.626533149301587,0,0,0,0
"TCGA.CV.A6JN.01A",0.144986225127601,0.512556571967784,0.29399451755931,0,0.048462685345305,0,0
"TCGA.D6.A6EN.01A",0.104926338847476,0.591996727037471,0.133807738938144,0,0.168328882423403,0,0.000940312753505753
"TCGA.CQ.A4C7.01A",0.219462458517087,0.0799233736221739,0.684688052934671,0,0,0,0.0159261149260679
"TCGA.CV.5435.01A",0.0374231053563189,0.201939916848535,0.71814264123089,0,0,0,0.0424943365642562
"TCGA.CR.7370.01A",0.140468497496259,0.187291483564133,0.585100336354824,0.000678625540537286,0,0.0413835911396227,0.045077465904625
"TCGA.CN.4722.01A",0.0922528800744978,0.0946958519015,0.39487712091898,0.11127758456901,0.202635962311716,0,0.104260600224297
"TCGA.F7.8489.01A",0.200227986572981,0.254057582638533,0.540124517620438,0,0,0,0.0055899131680479
"TCGA.CV.A6K2.01A",0.198845465760792,0.134005839859045,0.430826864071616,0.00515608983791803,0.0615408471116814,0,0.169624893358948
"TCGA.HD.8634.01A",0.309627357435003,0.0367157937619358,0.428099549433276,0,0,0,0.225557299369785
"TCGA.CN.6994.01A",0.2275754888616,0.106059044463828,0.663161953466078,0,0,0.00285195751497204,0.000351555693522506
"TCGA.D6.A4Z9.01A",0.260014363905835,0.0945946299036615,0.541071746752625,0,0,0.00444140461779971,0.0998778548200792
"TCGA.CR.7376.01A",0.333847039794253,0.00471972613242358,0.661433234073323,0,0,0,0
"TCGA.CR.7391.01A",0.222598243798196,0.369808768988602,0.407592987213202,0,0,0,0
"TCGA.T2.A6X2.01A",0.151313929598431,0.376575946726427,0.406808126745403,0,0.00207424985291859,0,0.0632277470768199
"TCGA.BA.4074.01A",0.0363104853561359,0.448779255528076,0.324669211771218,0,0.19024104734457,0,0
"TCGA.CN.6022.01A",0.359604297405238,0.0353108503318532,0.604651790488543,0,0,0,0.000433061774365039
"TCGA.CN.A6V3.01A",0.0819165311797424,0.391587523663678,0.411303944673941,0,0.000310256984494863,0.00441417285454331,0.110467570643601
"TCGA.QK.A8Z7.01A",0.00809065282511293,0.196690867047798,0.347319777162978,0.249651768920118,0.050173838345622,0,0.148073095698371
"TCGA.CN.A497.01A",0.0501636192388941,0.14391849498357,0.414365548467551,0.346430413580299,0,0,0.0451219237296858
"TCGA.F7.A50G.01A",0.190885669711422,0.19997452707561,0.332897597606801,0,0,0,0.276242205606167
"TCGA.IQ.A61I.01A",0.0769260683024478,0.341818355211352,0.237577511595414,0.0794342789864619,0,0.0252713232988253,0.238972462605499
"TCGA.CR.7373.01A",0.277388877710802,0.33617055834148,0.379109924585014,0,0,0,0.00733063936270376
"TCGA.CN.A63T.01A",0.140885066576766,0.24241134389003,0.441432898138554,0,0,0,0.175270691394649
"TCGA.CN.6019.01A",0.241096429178825,0.149211377157832,0.609692193663343,0,0,0,0
"TCGA.CR.7386.01A",0.201833224922507,0.0240128324682708,0.774153942609222,0,0,0,0
"TCGA.HD.A6HZ.01A",0.266905134380677,0.0905926872479195,0.428414373327467,0.0686470739942366,0.0017924104594502,0.000353941987983544,0.143294378602266
"TCGA.QK.A6IH.01A",0.150748423131254,0.416484145012087,0.432767431856659,0,0,0,0
"TCGA.CN.6011.01A",0.122279469444426,0.321592240286183,0.436107477285796,0,0,0,0.120020812983596
"TCGA.CR.6474.01A",0.261739777050181,0,0.725209759941641,0.0130504630081782,0,0,0
"TCGA.CV.6939.01A",0.179234158959381,0.294244062514675,0.422064638105494,0,0,0.0334150717591775,0.0710420686612717
"TCGA.D6.8568.01A",0.144018348776906,0.0984462588129189,0.627348066574255,0,0,0,0.13018732583592
"TCGA.HD.A634.01A",0,0.464939098165638,0.0721082269894553,0,0.462952674844907,0,0
"TCGA.CV.A45O.01A",0.288321562530563,0,0.266502059065766,0.28546425469626,0,0.0894574061267615,0.0702547175806492
"TCGA.T3.A92N.01A",0.0760345819696307,0.412402913914512,0.265052191030982,0,0.245455020058436,0,0.00105529302643881
"TCGA.CV.7438.01A",0.334037615148507,0.0019761147049085,0.487445727304092,0.0164638136774111,0,0.000848948209365206,0.159227780955716
"TCGA.CV.A6K1.01A",0.00997481572263678,0.563401473433966,0.228338123400747,0,0.19828558744265,0,0
"TCGA.CN.5363.01A",0.174439856208949,0.368635095794449,0.456925047996602,0,0,0,0
"TCGA.CV.6956.01A",0.154138368654198,0,0.465359239128738,0.202723111970781,0,0,0.177779280246283
"TCGA.CV.7263.01A",0.136392692139763,0.220868879991916,0.499675290135535,0,0.00188930299997804,0,0.141173834732808
"TCGA.CN.A49C.01A",0.248505111908685,0.153361729357775,0.510347424267122,0,0,0.00306422938426209,0.0847215050821553
"TCGA.CV.7097.01A",0.284683173901112,0.179065779412336,0.536251046686552,0,0,0,0
"TCGA.IQ.A6SG.01A",0.173133786699208,0.177777104752162,0.643094791451781,0,0.00238732182203901,0,0.00360699527480966
"TCGA.UF.A7JC.01A",0.104617390177475,0.238845437819462,0.642581377980713,0,0.00202358636795699,0,0.011932207654393
"TCGA.QK.A6II.01A",0.125872417395209,0.458772012766836,0.156531723476641,0,0.258823846361315,0,0
"TCGA.CN.A49B.01A",0.156097913142433,0.430990496825795,0.322231181090451,0,0.00347825701367101,0,0.0872021519276504
"TCGA.IQ.A61E.01A",0.138547012449316,0.311397174227312,0.493409069859648,0,0,0,0.0566467434637244
"TCGA.BA.A4IH.01A",0.0328701249060763,0.490133894875307,0.419354911935345,0,0.000279907091500373,0.000691482804640739,0.0566696783871304
"TCGA.H7.8502.01A",0.174064797789382,0.108866789863093,0.662364059199099,0,0.00244411871079858,0,0.0522602344376267
"TCGA.CV.7406.01A",0.128548899332575,0.09752236971218,0.763538055661076,0,0,0.00383415329519772,0.00655652199897178
"TCGA.CV.7414.01A",0.171733042367332,0.0007176877308259,0.703394441957654,0,0,0.0830690057458763,0.0410858221983111
"TCGA.HD.7229.01A",0.327371677547427,0.255958205890238,0.380452781166068,0,0,0,0.0362173353962664
"TCGA.CV.6961.01A",0.281340807099717,0.136823575823579,0.576982092258846,0,0,0.00143225413481632,0.00342127068304132
"TCGA.TN.A7HI.01A",0.0462576667514816,0.562197510284879,0.150077142948074,0,0.241467680015565,0,0
"TCGA.CQ.5333.01A",0.480764889822574,0.312721568153914,0.196254190784513,0,0,0,0.0102593512389986
"TCGA.CN.4733.01A",0.31729932758241,0.253469341549506,0.429231330868084,0,0,0,0
"TCGA.CR.6488.01A",0.475250766714319,0,0.524709858635952,3.93746497289843e-05,0,0,0
"TCGA.BB.4225.01A",0.0922699326046065,0.474371552864986,0.289616471960141,0,0.00280618549141305,0.00117897176712579,0.139756885311728
"TCGA.BA.A4IG.01A",0.191835970811567,0.187237339566426,0.469641933275829,0,0,0,0.151284756346178
"TCGA.CR.7393.01A",0.204062065557134,0.298230431564179,0.497707502878687,0,0,0,0
"TCGA.T2.A6X0.01A",0.107873582735223,0.380412235683185,0.460315826249145,0,0,0.00485615349506654,0.0465422018373811
"TCGA.F7.A623.01A",0.0881521865186012,0.143554392154021,0.503521759885587,0,0,0,0.264771661441791
"TCGA.IQ.7632.01A",0.166466044365968,0.00805428247542699,0.41764857200076,0.272309889255469,0,0,0.135521211902376
"TCGA.QK.A652.01A",0.193761171592392,0.187533015632046,0.540795089668236,0,0,0.00475101880131971,0.0731597043060053
"TCGA.CR.7388.01A",0.168147783825878,0.243830151136793,0.483794452416568,0,0.000902347506973356,0.000901806102384531,0.102423459011404
"TCGA.BA.A6DG.01A",0.221887385143672,0,0.681196539598879,0.0947631334142241,0,0,0.00215294184322514
"TCGA.UF.A7JT.01A",0.244491203129026,0.416715438251932,0.266908296250554,0,0,0,0.0718850623684873
"TCGA.CN.A6V6.01A",0.187571467944953,0.293421198916975,0.293699218855539,0,0.00163153866791393,0.000767914358727592,0.222908661255891
"TCGA.CR.6473.01A",0.0185442847490581,0.290480078909112,0.442920354224948,0,0.174980627675901,0,0.0730746544409815
"TCGA.CQ.7069.01A",0.278331775133734,0,0.721668224866265,0,0,0,0
"TCGA.CQ.6219.01A",0.312334208028566,0.31843608490739,0.346542546381994,0,0,0,0.0226871606820501
"TCGA.IQ.A6SH.01A",0.159997668140986,0.474950613348441,0.365051718510572,0,0,0,0
"TCGA.IQ.7631.01A",0,0,0.268487073280174,0.392730168707138,0.338782758012687,0,0
"TCGA.CR.7398.01A",0.0751446962558156,0.191574040639609,0.667096298131934,0,0.00399005221383618,0,0.0621949127588052
"TCGA.UF.A71E.01A",0.136181875319896,0.26438216460585,0.538156279432682,0,0,0,0.0612796806415715
"TCGA.UF.A719.01A",0.183450869282933,0.00281252174074345,0.491288154254796,0.0867240459195629,0,0.102038512819671,0.133685895982293
"TCGA.CN.6023.01A",0.15663901368095,0.342343026915624,0.290889553140229,0,0,0,0.210128406263198
"TCGA.CV.7422.01A",0.194659029582822,0.175406598853249,0.565084822317302,0,0,0.00220745626809092,0.0626420929785363
"TCGA.CX.A4AQ.01A",0.0585619086414648,0.5937616556741,0.255537503454807,0,0.0615242951879312,0,0.0306146370416966
"TCGA.CQ.5330.01A",0.240476766904957,0.210123184996491,0.549400048098552,0,0,0,0
"TCGA.P3.A6T3.01A",0.25809843313053,0.127299512587352,0.575534456457499,0,0,0,0.0390675978246194
"TCGA.HD.A6I0.01A",0.0502872494545336,0.588567070547906,0.184997506940178,0,0.176148173057383,0,0
"TCGA.CV.6950.01A",0.339721724929825,0.000853916592652546,0.659424358477522,0,0,0,0
"TCGA.CR.7380.01A",0.164539841498321,0.218279741885281,0.595136362194105,0,0,0,0.0220440544222932
"TCGA.DQ.7588.01A",0.180011490712432,0.424776470441357,0.395212038846211,0,0,0,0
"TCGA.BA.6873.01A",0.18184743145913,0.233794613479536,0.579394654235925,0,0,0.00328804791876409,0.00167525290664484
"TCGA.CR.6472.01A",0.00716003517443929,0.1554397935236,0.402078631265212,0.151168951068625,0.0442010979811142,0,0.23995149098701
"TCGA.UF.A7JH.01A",0.0938153117213616,0.30107713290791,0.409099665583055,0,0.184783581331775,0,0.0112243084558984
"TCGA.BA.4077.01B",0.332034559033934,0.227885374695232,0.43587740256159,0,0,0,0.00420266370924368
"TCGA.CV.7411.01A",0.126943125025713,0.217260795645499,0.585362382628855,0,0.0704336966999323,0,0
"TCGA.MT.A67A.01A",0.126196949815252,0.0506143372068886,0.146281165515976,0.253752774381362,0.375438313331874,0,0.0477164597486473
"TCGA.D6.6826.01A",0.413039346817382,0.161620331998099,0.425340321184519,0,0,0,0
"TCGA.CR.7404.01A",0.295950246580039,0.166720486693289,0.418300938255578,0,0,0.0405604468102251,0.0784678816608691
"TCGA.D6.A6EM.01A",0.110239299267625,0.649878058041006,0.168631266649699,0,0.0712513760416697,0,0
"TCGA.CR.7379.01A",0.26503090350049,0.0412415037001551,0.693727592799354,0,0,0,0
"TCGA.CV.7236.01A",0.327590878091421,0,0.672409121908579,0,0,0,0
"TCGA.CN.4727.01A",0.129441546661061,0,0.528228544971784,0.140216041313516,0,0,0.202113867053638
"TCGA.CQ.5327.01A",0.143926560929181,0.513897360061657,0.230003943031676,0,0.112172135977486,0,0
"TCGA.C9.A480.01A",0.145634725360077,0.196906664606273,0.404425904725619,0,0.0167286028653221,0,0.236304102442709
"TCGA.CV.A6JO.01B",0.272580145020518,0.338832801879625,0.380673311079731,0,0,0,0.00791374202012583
"TCGA.CR.6492.01A",0.227423454653487,0.308917836955671,0.450086058374519,0,0,0,0.013572650016323
"TCGA.CV.6933.01A",0.493329474339963,0,0.457028062451686,0.0496424632083513,0,0,0
"TCGA.BA.6872.01A",0.233500390326791,0.183328117350128,0.566235630897316,0,0.00110242951862778,0,0.0158334319071361
"TCGA.BB.4223.01A",0.0483181250283719,0.397820378148686,0.287574795043363,0,0.0930558505467376,0,0.173230851232841
"TCGA.UF.A7JJ.01A",0.173574107027896,0.183924206424606,0.573378606269659,0,0,0,0.0691230802778396
"TCGA.RS.A6TO.01A",0.223401305235425,0.320106393265861,0.456492301498713,0,0,0,0
"TCGA.CR.7372.01A",0.20928371918075,0.0306474055772492,0.760068875242001,0,0,0,0
"TCGA.D6.6827.01A",0,0.330245433851855,0.172201634221599,0,0.497552931926546,0,0
"TCGA.CV.7437.01A",0.200051986166784,0.111984715082693,0.426142889658644,0.074831420646192,0.00111121469635031,0,0.185877773749336
"TCGA.BA.5151.01A",0.15356607373698,0.358124330704861,0.488309595558159,0,0,0,0
"TCGA.CV.A461.01A",0.212164592814564,0.300139372534259,0.357604318674534,0,0,0.034404278318164,0.0956874376584798
"TCGA.BA.5559.01A",0.24255376902532,0.273333682382163,0.311928910684655,0,0,0.0640757386691597,0.108107899238702
"TCGA.CN.4723.01A",0.241433302668339,0.0957138859064,0.514254683967413,0,0.000848725169968039,0.0112181255249045,0.136531276762975
"TCGA.F7.A624.01A",0.176777228192036,0.461102634220103,0.131582833384241,0,0.222426548884216,0,0.00811075531940472
"TCGA.CV.A463.01A",0.0658622451324426,0.264374016116042,0.363474151825015,0,0.0688279188377457,0,0.237461668088754
"TCGA.BB.4228.01A",0.0462725872688374,0.48624724281787,0.34237965916209,0,0.125100510751202,0,0
"TCGA.CV.6953.01A",0.11271486191681,0.274098988073706,0.255724592182295,0,0.35746155782719,0,0
"TCGA.CV.7261.01A",0.0442096171012619,0.332685519692332,0.59291139923269,0,0,0,0.0301934639737161
"TCGA.P3.A5QF.01A",0.112935159412539,0.130804227956212,0.342529550037269,0.202768495922264,0,0,0.210962566671716
"TCGA.CR.6470.01A",0.174805057865346,0.237326247110122,0.410952155837414,0,0,0.0761484471864947,0.100768092000623
"TCGA.CV.5979.01A",0.180532381642332,0.084539573233501,0.694924399147002,0,0.000434019033993024,0,0.0395696269431723
"TCGA.CR.6471.01A",0.190933717122153,0.310093638829092,0.498972644048755,0,0,0,0
"TCGA.CV.7430.01A",0.0836101654681721,0.375101710133291,0.541288124398537,0,0,0,0
"TCGA.CV.7099.01A",0.347842890515022,0.19610342893942,0.323037650449529,0,0,0,0.13301603009603
"TCGA.CQ.6221.01A",0.0938372531098321,0,0.906162746890168,0,0,0,0
"TCGA.CN.6992.01A",0.0784018160555572,0.098063788786434,0.484135435954033,0.248141902737107,0,0.00835459023955007,0.0829024662273182
"TCGA.BA.5556.01A",0.278725584011735,0.352347592196638,0.368926823791628,0,0,0,0
"TCGA.CV.7245.01A",0.189938303314976,0.0404047814145054,0.760650309531363,0,0,0,0.0090066057391559
"TCGA.UF.A7JV.01A",0.339325169634738,0.149728337574989,0.509686410854894,0,0,0,0.00126008193537817
"TCGA.CV.5440.01A",0.102096948627126,0.188757560078479,0.318754215474566,0,0.280771179635912,0,0.109620096183918
"TCGA.UF.A7JO.01A",0.332916201344043,0.285741125312845,0.276036449340975,0,0,0,0.105306224002137
"TCGA.CV.A45V.01A",0.286000102696278,0.186528864688217,0.449229292832458,0.000627560141320684,0,0.000966990728242112,0.0766471889134845
"TCGA.H7.7774.01A",0.359755705010062,0.209760968362916,0.297808736803881,0,0,0,0.132674589823141
"TCGA.CQ.A4CG.01A",0.183222351271061,0.103120592079008,0.711005337415391,0,0,0.00153962326416482,0.0011120959703746
"TCGA.CV.5970.01A",0.233882492329331,0.166168851495146,0.599948656175523,0,0,0,0
"TCGA.BB.4217.01A",0.131556647201802,0.462779534503218,0.290898776299883,0,0,0,0.114765041995096
"TCGA.CR.5248.01A",0.210353184522242,0.290971216935538,0.142862478811228,0,0.00203049906028878,0.0525093866489008,0.301273234021802
"TCGA.CR.7394.01A",0.335722993121204,0.263201115029408,0.401075891849387,0,0,0,0
"TCGA.CV.7421.01A",0.155746411292229,0.0793333059212814,0.761718031875591,0,0,0.000828495649665673,0.00237375526123296
"TCGA.CN.4729.01A",0.175560928697567,0.1172696194313,0.562058431493039,0,0,0,0.145111020378094
"TCGA.F7.A61V.01A",0.0123443964179035,0.290711908832375,0.260670969449801,0,0.330968514448816,0,0.105304210851104
"TCGA.BA.A6D8.01A",0.0539896017657023,0.616995117103748,0.290939015662953,0,0.0380762654675966,0,0
"TCGA.CV.5971.01A",0.194624732601416,0.0213973630893396,0.539275374837491,0.0328843539524232,0,0.108122238306926,0.103695937212404
"TCGA.CQ.6220.01A",0.341575222934718,0.240965776046989,0.417459001018293,0,0,0,0
"TCGA.IQ.A61J.01A",0.151532131924063,0.188940402865107,0.643546989074297,0,0,0,0.0159804761365325
"TCGA.BA.7269.01A",0.0958356992227475,0.417655532644529,0.429339190089303,0,0.0571695780434197,0,0
"TCGA.CV.7178.01A",0.171725009829377,0.292844144882075,0.458184846943338,0,0.000423208513002566,0,0.0768227898322079
"TCGA.BB.A6UO.01A",0.0876281162277711,0.286122441409933,0.478504308232365,0,0.107933189299512,0,0.0398119448304191
"TCGA.CV.A468.01A",0.241420837114369,0.215823710324735,0.469873139823835,0,0,0,0.0728823127370611
"TCGA.CV.6960.01A",0.221471796272139,0,0.713169671323688,0.065358532404173,0,0,0
"TCGA.CV.7252.01A",0.25814958613196,0.140033591942804,0.54325070080968,0,0,0,0.0585661211155553
"TCGA.CV.A45X.01A",0.20368445979806,0,0.401649999604289,0.316984742951068,0,0,0.0776807976465821
"TCGA.CN.A6UY.01A",0.0827851077681855,0.558416251679432,0.117764628891708,0.0410808179316334,0,0,0.199953193729041
"TCGA.CQ.6222.01A",0.354590185556007,0.13576242494714,0.278567134816636,0.0622414599444027,0.00436255079713412,0,0.16447624393868
"TCGA.MZ.A7D7.01A",0.0332516288052982,0.390257014542492,0.179071707406235,0,0.397419649245975,0,0
"TCGA.CQ.5329.01A",0.216815213507603,0.35778411607377,0.425400670418627,0,0,0,0
"TCGA.CV.5973.01A",0.277708954527643,0.0415212640909363,0.29417231379922,0.134389452942924,0.196729038354806,0,0.0554789762844698
"TCGA.BA.5555.01A",0.330788158992095,0.151031910477292,0.518179930530613,0,0,0,0
"TCGA.UF.A7JS.01A",0.077475116948863,0.525317088772759,0.167469703476692,0,0.229738090801686,0,0
"TCGA.CV.A45Q.01A",0.00904304220182263,0.56394184667184,0.0961148138113105,0,0.330900297315026,0,0
"TCGA.QK.A6VC.01A",0.195098496312446,0.163033126969743,0.308487114014094,0.103070556894009,0,0,0.230310705809707
"TCGA.BA.A6DL.01A",0.133539620957729,0.05786669925935,0.381692464482803,0.159614077603893,0.0572079684349899,0,0.210079169261235
"TCGA.CR.7365.01A",0.156692555525777,0.0856905234515357,0.736925490492014,0,0.00161225268553343,0,0.0190791778451398
"TCGA.P3.A6SW.01A",0.0960280350025283,0.27012767992313,0.232697796134718,0.0239779669850066,0.0967946554573915,0,0.280373866497226
"TCGA.HD.8314.01A",0.302038497106296,0.00387821077123016,0.426155737164684,0.265491217184039,0,0.00243633777375074,0
"TCGA.CN.4742.01A",0.196042600772969,0.00109810614619375,0.802859293080838,0,0,0,0
"TCGA.IQ.A61H.01A",0.180724066205354,0,0.533526598035027,0.20296929629039,0,0,0.0827800394692287
"TCGA.CX.7085.01A",0.406051583567652,0.0581596799817764,0.535788736450571,0,0,0,0
"TCGA.CV.7235.01A",0.153788131317807,0.317029842602928,0.506495241694398,0,0.00161813626126723,0,0.0210686481236002
"TCGA.CV.7434.01A",0.124151563527275,0.27454339045921,0.560498006480756,0,0,0,0.0408070395327585
"TCGA.CR.6480.01A",0.378935866556625,0.147852931354579,0.413646200617183,0,0,0.0595650014716132,0
"TCGA.CR.7385.01A",0.248637100015515,0.324075821918503,0.304962811109131,0,0,0.00352278419845296,0.118801482758398
"TCGA.T2.A6WZ.01A",0.0356216543524529,0.382395332207681,0.257351952127523,0,0.324631061312343,0,0
"TCGA.CV.6436.01A",0.19565027930703,0.0665317762144015,0.122172322040028,0.192299718361392,0.355945500153268,0,0.0674004039238799
"TCGA.UF.A7JA.01A",0.0661721943099978,0.124819750178597,0.612210018076671,0,0,0,0.196798037434734
"TCGA.CQ.A4CB.01A",0.226307893418277,0.0464780503650594,0.673339321746914,0,0,0,0.05387473446975
"TCGA.CX.7219.01A",0.257413920113529,0.112295833924536,0.630290245961935,0,0,0,0
"TCGA.IQ.A61G.01A",0.0602556521162327,0.500759440917187,0.338815695178753,0,0.100169211787827,0,0
"TCGA.CV.5434.01A",0.218948148340516,0.201891360832496,0.526295723038676,0,0.000645425095222666,0,0.0522193426930886
"TCGA.DQ.5625.01A",0.207266359581469,0.356546244961037,0.35950841196201,0,0,0,0.076678983495484
"TCGA.BB.A6UM.01A",0.192823353328857,0.618459388428528,0.148167473097179,0,0,0,0.0405497851454356
"TCGA.C9.A47Z.01A",0.156218550448517,0.195662301488563,0.484415083486103,0,0.00374712120697427,0.000991441261492224,0.158965502108349
"TCGA.P3.A6T7.01A",0.144630876543782,0.148644035539027,0.592510015664216,0,0,0,0.114215072252975
"TCGA.CN.6998.01A",0.171139288292182,0.0125089067236282,0.433190347977886,0.171434437684758,0,0,0.211727019321547
"TCGA.MZ.A6I9.01A",0.0332496015883494,0.473058294035342,0.3322743175652,0,0.0102285113008299,0,0.151189275510279
"TCGA.F7.A50I.01A",0.06317732850361,0.176376488284226,0.426812645405153,0.174156878661802,0.0352441842088929,0,0.124232474936316
"TCGA.T2.A6WX.01A",0.19756754817263,0.495364242119724,0.219284103193981,0,0,0,0.0877841065136647
"TCGA.CN.4741.01A",0.280400397987182,0.00820535436068482,0.517785473988549,0.165748193777806,0,0.0278605798857771,0
"TCGA.CV.6948.01A",0.0203910075180421,0.146215396434686,0.214825379609656,0.194675343853273,0.270604738270227,0,0.153288134314116
"TCGA.QK.A64Z.01A",0.163107682745088,0.154666923279233,0.50177389542557,0,0,0,0.180451498550109
"TCGA.CQ.6228.01A",0.0272576892801765,0.488424188488698,0.478364454990525,0,0.00595366724060029,0,0
"TCGA.CN.6996.01A",0.276149389245594,0.199576964412228,0.51928847306823,0,0,0.00405018783478606,0.000934985439162625
"TCGA.CN.4737.01A",0.275589176555675,0.000874127112581118,0.723536696331744,0,0,0,0
"TCGA.QK.A6V9.01A",0.101611022291344,0.233755582906459,0.273762730146225,0.0207028629731567,0,0.182842012625442,0.187325789057373
"TCGA.DQ.7591.01A",0.0826390509113383,0.315794676403193,0.236386539773989,0.000697385219920863,0.00280611079537161,0.0886901150161193,0.272986121880068
"TCGA.CN.5358.01A",0.364018892036666,0.0527465908379528,0.583234517125381,0,0,0,0
"TCGA.CV.6945.01A",0.23037988470445,0,0.473815693650763,0.295804421644787,0,0,0
"TCGA.CQ.6218.01A",0.189902310531177,0.238299642063212,0.570054856156827,0,0,0,0.0017431912487831
"TCGA.CV.7413.01A",0.177963103483736,0.290078442055105,0.501425465299705,0,0,0,0.0305329891614533
"TCGA.CR.7377.01A",0.266662045516068,0.207817496533187,0.521019021634049,0,0,0.00257310486534056,0.00192833145135543
"TCGA.D6.6823.01A",0.156712576495306,0.228936514240505,0.537835391058161,0,0,0,0.0765155182060276
"TCGA.CV.7253.01A",0.0280099375306125,0.468840216261242,0.390301656248495,0,0.112848189959651,0,0
"TCGA.CV.6942.01A",0.321297732441965,0.0397136336453466,0.328308509707637,0.100299097163796,0.00120054818039228,0.00661503185387944,0.202565447006983
"TCGA.BA.A6DA.01A",0.269029731185918,0.305521871846397,0.281148743449856,0,0.144151526046846,0,0.000148127470983005
"TCGA.MT.A67D.01A",0.235415052255107,0.155480464814871,0.489639204175008,0,0,0,0.119465278755014
"TCGA.CQ.5323.01A",0.167214934157841,0.332554156829819,0.495316650060382,0,0,0.00385067253793038,0.00106358641402741
"TCGA.CR.7390.01A",0.181490936857756,0.0013876450842732,0.796022926762041,0,0,0,0.0210984912959299
"TCGA.UF.A7JK.01A",0.138049450324224,0.151920094480507,0.565432508744346,0,0,0,0.144597946450922
"TCGA.CV.A45Y.01A",0.294653377767989,0.153115495923988,0.469045597617093,0,0,0.00497006971402084,0.078215458976909
"TCGA.P3.A6T0.01A",0.449950671743977,0,0.550049328256023,0,0,0,0
"TCGA.CN.4740.01A",0.255440139196511,0.076872751490866,0.648336195828818,0,0,0,0.0193509134838056
"TCGA.CN.5370.01A",0.348889791957758,0.11081137935858,0.540298828683662,0,0,0,0
"TCGA.CN.6024.01A",0.164219856506185,0.0311365971088571,0.675650170784729,0.0656202910569565,0,0,0.0633730845432727
"TCGA.CR.7397.01A",0.195682553341535,0.00881707382432891,0.795500372834136,0,0,0,0
"TCGA.QK.AA3J.01A",0.0469314462625132,0.148816510763732,0.399915182427238,0.0446220074473969,0,0.0990463348589463,0.260668518240174
"TCGA.BA.A6DI.01A",0.0961786016087967,0.20021592956186,0.510866025482115,0.0928313224595526,0,0,0.099908120887675
"TCGA.CV.5443.01A",0.187510666363372,0.362169508024469,0.388201736297834,0,0,0.00539098563618523,0.0567271036781398
"TCGA.P3.A5Q5.01A",0.275853438338287,0.346900776312361,0.0821505156955152,0.0255210683488128,0.0509061671284411,0,0.218668034176583
"TCGA.CN.A498.01A",0.157252473775632,0.153004138153609,0.574267902487375,0.0537584235558733,0,0.000431822413756614,0.0612852396137546
"TCGA.CX.7082.01A",0.131921021389061,0.186311678394158,0.560923604354485,0,0,0,0.120843695862296
"TCGA.CV.7432.01A",0.0883771802497228,0.483780202107425,0.369411722202363,0,0.0584308954404888,0,0
"TCGA.CV.7248.01A",0.187528918099274,0.184660023587405,0.486033778056946,0.00256739017033845,0,0,0.139209890086037
"TCGA.KU.A66T.01A",0.199397272844178,0.0814899063717934,0.431302114744977,0.202777520943767,0,0,0.085033185095284
"TCGA.P3.A5Q6.01A",0.096638942789968,0.241350081879699,0.46114777470261,0,0.108817524038758,0,0.0920456765889648
"TCGA.CN.5374.01A",0.0573182108366614,0.198653713278492,0.185258925509547,0.0383206262677324,0.270977999686571,0,0.249470524420997
"TCGA.CQ.A4CI.01A",0.0515745999627914,0.194204739852224,0.657446952149461,0,0,0,0.096773708035523
"TCGA.BB.4224.01A",0.129925281253301,0.112365014874353,0.277221748610439,0.107712502761172,0.0261368894780099,0.00178361595569337,0.344854947067031
"TCGA.CN.6997.01A",0.181472672738514,0,0.689722033337997,0.119351153756913,0,0.00945414016657651,0
"TCGA.CV.7101.01A",0.231039424813453,0.255083156531278,0.408449889457956,0,0,0,0.105427529197312
"TCGA.CV.6937.01A",0.210301451227915,0.0963019499407549,0.465404153896847,0.226078988720416,0,0,0.00191345621406733
"TCGA.CQ.5326.01A",0.307139254845081,0.198736561526336,0.490008151803855,0,0,0,0.00411603182472717
"TCGA.P3.A6SX.01A",0.146443028121896,0.233858210985552,0.475599834092876,0,0.132649841624656,0,0.0114490851750197
"TCGA.D6.A6EQ.01A",0.0600445481074719,0.471225279910288,0.31256541049745,0,0.15616476148479,0,0
"TCGA.CN.6995.01A",0.32461102175445,0.135652978184293,0.326995716577126,0,0,0,0.212740283484131
"TCGA.D6.A6EO.01A",0.0267530181235818,0.29846804325221,0.621187454907467,0,0.00336235353808635,0,0.050229130178655
"TCGA.KU.A6H8.01A",0.0360272973386879,0.0767393499535031,0.264771142762152,0.202702809544166,0.282779062107064,0.00392109699034356,0.133059241304084
"TCGA.CN.6010.01A",0.187313460757443,0.201066091589379,0.467186462156821,0.0602094368115582,0.00214915108804353,0.00065395071869104,0.0814214468780641
"TCGA.BA.A8YP.01A",0.076372806408429,0.219179693873534,0.702812547380205,0,0,0.000291934485227027,0.00134301785260526
"TCGA.CV.6936.01A",0.314703236769567,0.146571942711221,0.342427103416142,0.00333367103717389,0.0014584627600984,0,0.191505583305797
"TCGA.D6.A4ZB.01A",0.110967601282727,0.154525964999262,0.496125039210521,0,0.00780324978797575,0,0.230578144719513
"TCGA.QK.A6IG.01A",0.1521127141355,0.276298304526808,0.336966613619071,0,0.0725861908703869,0,0.162036176848234
"TCGA.UF.A7JD.01A",0.158977434152175,0.00206160083782744,0.837098912550111,0,0.000244915280220087,0,0.00161713717966681
"TCGA.QK.A6IJ.01A",0.242752998128449,0.479114849021529,0.190326807042915,0,0.0876345592019777,0,0.000170786605129119
"TCGA.HD.8635.01A",0.164300567570355,0.00963132144575346,0.662016002526467,0.0846659429385387,0,0.0246123918010222,0.0547737737178637
"TCGA.CV.7250.01A",0.180297566166654,0.189577488735599,0.560852039973872,0,0.00242585824490672,0.00106483243390533,0.0657822144450626
"TCGA.CR.6487.01A",0.104668205018672,0.457784212242786,0.20771846620608,0,0.00305869217485794,0.00109922972333091,0.225671194634273
"TCGA.CN.6018.01A",0.277291560831415,0.110133204125762,0.608547445995469,0,0,0.00096726718761751,0.00306052185973689
"TCGA.CR.6484.01A",0.312235713635205,0.325545605067523,0.359035474727572,0,0,0,0.00318320656969994
"TCGA.CR.7382.01A",0.389096393540208,0.000264060815898343,0.610639545643893,0,0,0,0
"TCGA.CN.4726.01A",0.158075872887642,0.298990742285616,0.542933384826743,0,0,0,0
"TCGA.BB.A5HY.01A",0.108930166450288,0.248689633152853,0.492921178460169,0,0.0552557859093635,0,0.0942032360273271
"TCGA.CV.A45R.01A",0.309238391995581,0.000744066582741225,0.48469872534049,0.106670879673979,0,0.0293176097419219,0.0693303266652867
"TCGA.P3.A6T4.01A",0.175040177759509,0.30668421573287,0.483839825256101,0,0.00296814036783749,0,0.0314676408836832
"TCGA.CV.6962.01A",0.0222250587371603,0.130380505052195,0.324713134644013,0.192076813944397,0.299577277675418,0,0.0310272099468177
"TCGA.MT.A51W.01A",0.219234077667751,0.208077299361702,0.484633321171486,0,0,0,0.0880553017990606
"TCGA.CQ.7068.01A",0.258696716060283,0.366531475482506,0.198985481758614,0,0,0,0.175786326698597
"TCGA.4P.AA8J.01A",0.139146669679432,0.238587710957811,0.605092480338714,0,0,0,0.0171731390240422
"TCGA.CV.A45P.01A",0.207395173493187,0.108219678817057,0.45703487512199,0,0.00339742962357418,0,0.223952842944192
"TCGA.CV.7429.01A",0.272890766206176,0.289668330640326,0.435403496267068,0,0.00139694189230076,0,0.000640464994128213
"TCGA.HD.A633.01A",0.128314365838627,0.357414835610592,0.496467901345761,0,0.000691141515785067,0,0.0171117556892347
"TCGA.DQ.5631.01A",0.305703185933343,0,0.694296814066657,0,0,0,0
"TCGA.CV.5436.01A",0.072093159690974,0.279668165969311,0.598043257364175,0,0.00440837102762728,0,0.0457870459479126
"TCGA.DQ.5630.01A",0.261280867128245,0.313849722898588,0.424869409973167,0,0,0,0
"TCGA.CR.6482.01A",0.215408106948166,0.262730773204454,0.251472990630489,0.0524783639590994,0.00140490626214036,0.0698732682808931,0.146631590714759
"TCGA.P3.A6T6.01A",0.024712000694987,0.153883314038614,0.173426990311802,0.149750108508916,0.381071318027554,0,0.117156268418126
"TCGA.DQ.7592.01A",0.203778301873463,0.17863408359091,0.617587614535627,0,0,0,0
"TCGA.BA.A4II.01A",0.0989141241724804,0.135381475901092,0.499864746871457,0,0,0,0.265839653054971
"TCGA.HL.7533.01A",0.203287055968689,0.495808307003649,0.298416777038625,0,0,0,0.00248785998903729
"TCGA.CV.7435.01A",0.183440151237816,0,0.816559848762183,0,0,0,0
"TCGA.CV.7446.01A",0.0840116351475515,0.183116501853924,0.727896928285645,0,0,0.00497493471287919,0
"TCGA.BA.6870.01A",0.151742727528481,0.278717404859617,0.362108030534644,0,0.0578102606592095,0,0.149621576418049
"TCGA.MZ.A5BI.01A",0.21457799761995,0.580779462112489,0.204642540267561,0,0,0,0
"TCGA.CQ.A4CE.01A",0.0716930465348982,0.208157183446578,0.374585397423003,0.00943827788690072,0.00579783046666618,0,0.330328264241955
"TCGA.CV.A460.01A",0.254097281447561,0.0308476692890909,0.494448291246152,0.175568472878192,0,0.00341258802535612,0.0416256971136476
"TCGA.CV.7104.01A",0.326008493472796,0.0914394314432408,0.582552075083963,0,0,0,0
"TCGA.UF.A7JF.01A",0.187918583261061,0.408996098247193,0.31295418594676,0,0.0686525772959425,0,0.021478555249044
"TCGA.HD.7753.01A",0.256173286572768,0.00916560607240869,0.708793321815011,0,0,0,0.0258677855398121
"TCGA.F7.A61S.01A",0.132166481143213,0.448305821101466,0.419527697755321,0,0,0,0
"TCGA.CQ.A4C9.01A",0.124787979924003,0.237489859170564,0.547101233387392,0,0,0,0.0906209275180416
"TCGA.CQ.A4CA.01A",0.289440891875243,0.312585619359203,0.397973488765554,0,0,0,0
"TCGA.IQ.A61O.01A",0.125281370290555,0.00108560845590158,0.873633021253544,0,0,0,0
"TCGA.CQ.A4CD.01A",0.212590165885501,0.223707854419291,0.385608960450569,0,0,0,0.178093019244639
"TCGA.CN.A499.01A",0.325616997409077,0.0948142781058682,0.470754999493126,0,0,0.0118337894279378,0.0969799355639912
"TCGA.CN.6013.01A",0.415952747381332,0.0660581111983416,0.199146179251349,0.0660215547888433,0.000527571356314735,0.134807541839044,0.117486294184776
"TCGA.CN.5356.01A",0.0773861935290312,0.197558096392331,0.601209509723415,0,0.0600994800909574,0,0.0637467202642651
"TCGA.CN.6017.01A",0.279879076028243,0.231047625855062,0.436563486700027,0,0,5.28792825609453e-06,0.052504523488411
"TCGA.CR.7369.01A",0.303405941189876,0.0353451861210389,0.656348796128515,0,0,0.00114991652483315,0.003750160035737
"TCGA.P3.A6T8.01A",0.0953950430549361,0.00399655246537402,0.900091841743027,0,0.000516562736662716,0,0
"TCGA.F7.A50J.01A",0.13023103112158,0.259549449172649,0.511643375254039,0,0.0401670495567046,0,0.0584090948950274
"TCGA.UF.A71D.01A",0.0678328677344761,0.307736875239669,0.401728424996467,0,0.119673692563098,0,0.10302813946629
"TCGA.CV.A464.01A",0.151507679371023,0.0732753420782088,0.770530418830616,0,0,0.00223547419406107,0.00245108552609119
"TCGA.CV.A6JD.01A",0.112138726037831,0.467076521384314,0.370541323977329,0,0.0502434286005257,0,0
"TCGA.CQ.7071.01A",0.190877565572757,0.316022554085745,0.437408642445753,0,0,0,0.0556912378957452
"TCGA.UF.A7J9.01A",0.151956683670257,0.0428808421105266,0.805162474219216,0,0,0,0
"TCGA.CQ.6225.01A",0.0496248404362755,0.123938857417452,0.253838586003259,0.158010020663541,0.398686896499292,0,0.0159007989801798
"TCGA.MT.A51X.01A",0.213327580902302,0.130485774888382,0.653943009985599,0,0,0.00068871781149582,0.00155491641222169
"TCGA.BA.5152.01A",0.219917983289402,0.391349878395068,0.319757635883885,0,0.00315044057508918,0,0.0658240618565554
"TCGA.CQ.7065.01A",0.251822513240014,0.0733467455604578,0.617572843378985,0,0,0,0.0572578978205437
"TCGA.CQ.6229.01A",0.302263398592236,0.16390036671122,0.488133054676524,0,0.00123234291117434,0,0.0444708371088463
"TCGA.CN.A63U.01A",0.000628541582430229,0.116792595706347,0.297164339418149,0.207532472692456,0.178148196331533,0.00604325335901399,0.193690600910071
"TCGA.CV.6940.01A",0.256624420864398,0,0.557548727209439,0.144479204122892,0,0,0.0413476478032715
"TCGA.H7.8501.01A",0.196725825227336,0.477917354526058,0.301838590383435,0,0,0,0.0235182298631704
"TCGA.QK.A8ZB.01A",0.134185971396421,0.258623715142656,0.596973341354007,0,0.00151265415418638,0.000649242209279194,0.0080550757434507
"TCGA.CR.6481.01A",0.317358251266112,0.231769829264567,0.195992699405962,0,0.00226704182040407,0.0234973234088722,0.229114854834083
"TCGA.BB.8596.01A",0.282715533821162,0.000789400733594544,0.712361080601977,0,0,0.00413398484326722,0
"TCGA.CR.6493.01A",0.17874096335789,0.278371223342107,0.478906967468154,0,0.00100405488625095,0,0.0629767909455971
"TCGA.CV.A6JT.01A",0.186614281082446,0.325030536460791,0.480041245010018,0,0.00336663599866264,0,0.00494730144808141
"TCGA.BA.A4IF.01A",0.0650955564005342,0.0398647708502662,0.561294157576226,0.111411353038333,0,0.00494323799150159,0.217390924143138
"TCGA.CN.4725.01A",0.253456460974809,0,0.646940238514827,0.0544935733874231,0,0,0.0451097271229412
"TCGA.WA.A7H4.01A",0.103069293852956,0.0342753547623931,0.537671317687103,0.152219069984142,0.00132363506908996,0.0560164807231548,0.115424847921161
"TCGA.CV.5441.01A",0.0812389835831347,0.263200600155604,0.51613307872314,0,0.00756287216296384,0,0.131864465375158
"TCGA.CR.7367.01A",0.157513920445301,0.121217225838647,0.721268853716052,0,0,0,0
"TCGA.CR.5249.01A",0.274680705633167,0.210577974531215,0.319320634664289,0,0,0.0801958852683641,0.115224799902965
"TCGA.F7.A620.01A",0.14352842843823,0.501857835849924,0.288478460654913,0,0.00382349678634724,0,0.0623117782705858
"TCGA.QK.A8Z9.01B",0.181414410737064,0.0080372713281487,0.810548317934787,0,0,0,0
"TCGA.IQ.7630.01A",0.334058342793295,0.00995101049950525,0.493664418821673,0,0,0,0.162326227885527
"TCGA.CN.4738.01A",0.278813261170024,0.156449982193756,0.45970539811635,0,0.00105130494457213,0.00579750325646757,0.0981825503188306
"TCGA.CQ.5331.01A",0.282198312907391,0.308663967431572,0.404311759336495,0,0,0.000500648732503054,0.00432531159203906
"TCGA.CV.7418.01A",0.103530230966326,0.168795763760166,0.400142825254546,0.17305627138967,0,0.0128100734519681,0.141664835177324
"TCGA.D6.6516.01A",0.330486334962865,0.0863927739165835,0.438183564923956,0,0.0028611852253879,0.00187919504823404,0.140196945922973
"TCGA.CV.5444.01A",0.185842812893284,0.195609414869198,0.617963135779763,0,0,0,0.000584636457754514
"TCGA.CN.A6V7.01A",0.0345250943503063,0.121850012007847,0.36401986437622,0.185744244162796,0.0924764719835192,0.00355134875652254,0.197832964362788
"TCGA.CV.A45Z.01A",0.114550653917236,0.248814945369317,0.356480178942941,0.0686883909046674,0,0,0.211465830865838
"TCGA.CR.6478.01A",0.347544490808725,0.224456303684417,0.397516775274564,0,0,0.00238459283846588,0.0280978373938272
"TCGA.CN.6021.01A",0.206474992903383,0.00040452644164557,0.559384414104636,0.233736066550335,0,0,0
"TCGA.CQ.6224.01A",0.229733824702421,0.0368984619430937,0.733367713354485,0,0,0,0
"TCGA.HD.7754.01A",0.239696318410791,0,0.760303681589209,0,0,0,0
"TCGA.F7.A622.01A",0.175805187713391,0.313118431519707,0.313612512445024,0,0.0529486698237464,0,0.144515198498132
"TCGA.P3.A6T2.01A",0.0568220382828074,0.330126513031242,0.481032207297825,0,0.132019241388126,0,0
"TCGA.CR.7383.01A",0.139506088740723,0.334007655019096,0.503888382948643,0,0.00259244136301184,0,0.0200054319285258
"TCGA.CN.A49A.01A",0.127613393204623,0.099542379068622,0.636045833200676,0,0,0,0.136798394526079
"TCGA.TN.A7HJ.01A",0.138258218945922,0.0933092020304434,0.353621947017464,0.0294391780979849,0.249719354189779,0,0.135652099718407
"TCGA.CN.4736.01A",0.304648157300029,0.180995051123542,0.50775453738781,0,0,0.00660225418861852,0
"TCGA.CN.4730.01A",0.0256616684993809,0.0168906217290696,0.302798731975086,0.283311308415307,0.192222436768575,0,0.179115232612582
"TCGA.CV.7433.01A",0.336999701786054,0.128603002939926,0.514535423998432,0,0,0,0.0198618712755877
"TCGA.CV.6934.01A",0.25807774549842,0.0520517751533362,0.689870479348244,0,0,0,0
"TCGA.CV.6941.01A",0.162183244333612,0.120196322086734,0.699896305688116,0,0,0.00435942353814015,0.0133647043533967
"TCGA.RS.A6TP.01A",0.0892387692830298,0.492053070913284,0.310679012377063,0,0.00308875592069846,0.00135093051525593,0.103589460990669
"TCGA.CV.5978.01A",0.352046129554901,0.00761201477111644,0.640341855673982,0,0,0,0
"TCGA.CV.5977.01A",0.121628944256719,0.332389740526861,0.440915795290127,0,0,0,0.105065519926293
"TCGA.CV.A6JU.01A",0.0670416179141753,0.39202619724973,0.335774857146568,0,0.204303004175398,0,0.000854323514128497
"TCGA.CV.7102.01A",0.248994227332573,0.157024175619641,0.58766041989748,0,0,0,0.00632117715030621
"TCGA.CR.7368.01A",0.240527605599995,0.109380005252536,0.619589237073501,0,0,0.0305031520739677,0
"TCGA.D6.A74Q.01A",0.0638848321152715,0.353424171876243,0.357382702030324,0,0.013883767266381,0,0.21142452671178
"TCGA.D6.6824.01A",0.200845675164107,0.269550535892837,0.526290990167338,0,0,0.00331279877571761,0
"TCGA.CV.7440.01A",0.107407548841776,0.168753860687897,0.413585253368787,0,0.0797439154101318,0,0.230509421691409
"TCGA.CR.6477.01A",0.455298461309509,0.00409458583540535,0.540606952855086,0,0,0,0
"TCGA.UF.A71B.01A",0.22338555434423,0.15776025758714,0.528916183902258,0,0.00109960914617907,0,0.0888383950201924
"TCGA.QK.A6IF.01A",0.100285935285817,0.422275064176998,0.214394001081087,0,0.00297559300545969,0.0657853381942871,0.19428406825635
"TCGA.CQ.5332.01A",0,0.479471292546332,0.487906994946776,0,0.0326217125068918,0,0
"TCGA.HD.8224.01A",0.195946140633273,0.0202772644873341,0.557846535123873,0.0519022361176449,0,0.172847355564846,0.00118046807302881
"TCGA.BB.8601.01A",0.0419490495915511,0.545426662346069,0.220793318354833,0,0.191830969707547,0,0
"TCGA.CN.5355.01A",0.107752349691769,0.137307795232202,0.750273529851834,0,0,0.00427821133300179,0.000388113891192567
"TCGA.H7.A76A.01A",0.232416565086841,0.393385462371109,0.357081409182682,0,0.00444213857897414,0,0.0126744247803936
"TCGA.D6.A6EP.01A",0.02079537593496,0.395724380568002,0.302365303423668,0,0.28111494007337,0,0
"TCGA.CN.5369.01A",0.343385649941518,0.220125016674871,0.378230688098584,0,0.00118356240034925,0,0.0570750828846777
"TCGA.CN.6988.01A",0.00956286082633281,0.153497855573643,0.580106399885502,0.193060077902602,0,0,0.0637728058119197
"TCGA.BA.A6DE.01A",0.170831742590727,0.156600198133962,0.609448405257827,0,0,0.00497966419477346,0.05813998982271
"TCGA.D6.8569.01A",0.237121243753733,0.117852216722177,0.640390606613386,0,0,0.00265674946544344,0.00197918344526143
"TCGA.CR.7401.01A",0.140083272168183,0.11207339344571,0.706401514656703,0,0.00235188372260601,0,0.0390899360067984
"TCGA.CV.7177.01A",0.235462966659094,0,0.763486171175042,0.00105086216586404,0,0,0
"TCGA.CV.7238.01A",0.191489009032158,0,0.414937555700473,0.286088317230015,0,0.0440636618562578,0.0634214561810964
"TCGA.CV.7247.01A",0.128499563995407,0.203613965027455,0.558690659770348,0,0.0261920882718693,0,0.0830037229349209
"TCGA.CQ.7072.01A",0.0665962515519398,0.0741212396854081,0.753230914447231,0.0311016486043746,0.00107353862240022,0.0350058728791087,0.0388705342095379
"TCGA.CV.A45T.01A",0.245518540170278,0.34495256320922,0.305634446210234,0,0,0,0.103894450410268
"TCGA.KU.A6H7.01A",0.148957648857122,0.475461352837232,0.237858105784101,0,0,0,0.137722892521545
"TCGA.BA.4075.01A",0.111514759779008,0.506138535881574,0.343521532830156,0,0.0388251715092618,0,0
"TCGA.DQ.5624.01A",0.249989296407856,0.0730496137870148,0.675929841189604,0,0,0,0.00103124861552522
"TCGA.BA.A6DD.01A",0.135866494474217,0.434878339383566,0.429255166142216,0,0,0,0
"TCGA.KU.A66S.01A",0.00570422915821019,0.487596813766338,0.224951787482354,0,0.274022822468005,0,0.00772434712509222
"TCGA.CV.7254.01A",0.162157469610864,0.292340518555089,0.417260717808935,0,0.00322562339184307,0.000218914502510483,0.124796756130759
"TCGA.CV.5976.01A",0.126050042309767,0.192297763626104,0.629221030141745,0,0.00204012624821435,0.00127750018508483,0.049113537489084
"TCGA.CR.7374.01A",0.0745771830130342,0.214615725483794,0.427886396656998,0,0,0.0900453691361728,0.192875325710002
"TCGA.CR.5250.01A",0.0747810955659532,0.186614955425759,0.42581477831793,0.00136200308377874,0,0.226356040343867,0.0850711272627117
"TCGA.CV.A6JZ.01A",0.280191404493532,0.25424197716631,0.314585790380182,0,0.000332677103184881,0,0.150648150856791
"TCGA.CV.6935.01A",0.0851167819551763,0.0856792463410289,0.485330053312513,0.156234767107417,0.154472258801243,0,0.0331668924826228
"TCGA.CV.6954.01A",0.21879423923756,0.443317614751911,0.337888146010529,0,0,0,0
"TCGA.CQ.A4CH.01A",0.351430275004951,0.000778484318283424,0.527029357512854,0.0970496152225393,0.00309289925696668,0,0.0206193686844048
"TCGA.CN.6020.01A",0.309057711281091,0.0374716941463902,0.624497494619774,0,0,0,0.0289730999527446
"TCGA.CV.7425.01A",0.0676306815667165,0.378698690468127,0.378221020470824,0,0.170886851868298,0,0.00456275562603409
"TCGA.BB.A5HU.01A",0.237533275333778,0,0.762466724666222,0,0,0,0
"TCGA.HD.7831.01A",0.1125804948658,0.000173527261157776,0.887245977873042,0,0,0,0
"TCGA.CR.7364.01A",0.18925829828804,0.154423354615766,0.608679849441566,0.00171902717618476,0,0.000210375874012654,0.0457090946044303
"TCGA.CN.A63W.01A",0.0630268668792886,0.131984819928679,0.351595759554163,0.151132303872183,0,0,0.302260249765687
"TCGA.D6.A6EK.01A",0.0592912402445817,0.565873415015079,0.119389315369892,0,0.255446029370447,0,0
"TCGA.BA.5557.01A",0.468898744568278,0.00788958432986953,0.523211671101852,0,0,0,0
"TCGA.BA.6869.01A",0.0818795017090503,0.306150074622699,0.387666254962597,0,0.0637269857700248,0,0.160577182935629
"TCGA.CV.7090.01A",0.490211787279209,0.0135627532978273,0.496225459422964,0,0,0,0
"TCGA.T3.A92M.01A",0.185166692575021,0.240661706199389,0.541223325923034,0,0,0,0.0329482753025558
"TCGA.MT.A67F.01A",0.282209984609698,0.370245151332868,0.236040446598766,0,0,0,0.111504417458668
"TCGA.CN.A63V.01A",0.0795058226376165,0.0745460036040748,0.492417062138754,0,0.353531111619554,0,0
"TCGA.CV.7415.01A",0.316939567604815,0.161502903244047,0.517424747330291,0,0,0.000542641224534234,0.00359014059631304
"TCGA.CV.6003.01A",0.35370980964664,0.111368309578378,0.503714244221864,0,0,0,0.031207636553118
"TCGA.CN.6016.01A",0.180072158844891,0.00151700648966082,0.818410834665448,0,0,0,0
"TCGA.H7.A6C4.01A",0.18382967855547,0.123439248487339,0.509468059824026,0,0,0,0.183263013133165
"TCGA.CV.5966.01A",0.26690957836022,0.333706314319871,0.397512643281227,0,0,0,0.00187146403868085
"TCGA.BA.4076.01A",0.0842740985874391,0.262583695222915,0.422678127942284,0,0.015056263406856,0,0.215407814840506
"TCGA.CN.4735.01A",0.142825955424197,0.45394582990733,0.343272194500376,0,0,0.0044904004303595,0.0554656197377381
"TCGA.CV.6955.01A",0.270862579185708,0.260870232260762,0.32089911272902,0.0116087197843335,0.000900534835373165,0.00200762308644998,0.132851198118354
"TCGA.CR.6491.01A",0.0621384332685908,0.122929920202412,0.465081145709834,0,0.12888561018663,0,0.220964890632534
"TCGA.BA.5558.01A",0.197351695366222,0.395327270055922,0.407016646060325,0,0,0,0.000304388517530791
"TCGA.CN.4728.01A",0.337124962842465,0.00171545709794774,0.623946138805127,0.00994648441510124,0,0.0215894785404482,0.00567747829891045
"TCGA.BB.A5HZ.01A",0.0308708869749007,0.124861233025455,0.33130278931826,0.122195342421335,0.371591829514641,0,0.0191779187454077
"TCGA.UP.A6WW.01A",0.130548396363126,0.552204685912215,0.317246917724659,0,0,0,0
"TCGA.CV.7407.01A",0.228637841104678,0.286334306588701,0.351882341352954,0,0,0,0.133145510953666
"TCGA.CV.7416.01A",0.257280953821429,0,0.742719046178571,0,0,0,0
"TCGA.CN.5361.01A",0.186159811764251,0.0105488562137889,0.803153852976188,0,0,0,0.000137479045772629
"TCGA.CV.7100.01A",0.163817935025987,0.285221172305862,0.503731470881572,0,0.00174682472528851,0.00109776961352143,0.0443848274477696
"TCGA.TN.A7HL.01A",0.0808488158263897,0.557637230092449,0.113894918314793,0,0.171164893712137,0,0.0764541420542318
"TCGA.UF.A718.01A",0.0756522536402053,0.347468258287608,0.56168739860304,0,0,0.00051480478236116,0.0146772846867849
"TCGA.CQ.5324.01A",0.291219917427542,0.208912164476008,0.49670040784413,0,0.00246862292102254,0,0.000698887331297949
"TCGA.DQ.5629.01A",0.0512202815827555,0.320819599825955,0.611171688724821,0,0.00406923235675224,0,0.0127191975097162
"TCGA.BA.A6DJ.01A",0.125585787327397,0.524861777904251,0.349552434768352,0,0,0,0
"TCGA.CV.6938.01A",0.328757763262479,0.318048042067304,0.192544200095067,0,0,0,0.16064999457515
"TCGA.CR.7395.01A",0.322443340696941,0.261211740330976,0.411981878531998,0,0,0,0.00436304044008608
"TCGA.CV.7423.01A",0.241154619725108,0.00379633059967879,0.755049049675213,0,0,0,0
"TCGA.P3.A5QE.01A",0.104442190227251,0.409187107353184,0.248717038820017,0,0,0,0.237653663599548
"TCGA.QK.A8Z8.01A",0.172080442646845,0.341801475222638,0.433686668050002,0.0260397561741984,0,0.0235312541259903,0.00286040378032682
"TCGA.CV.A465.01A",0.19272364549055,0.0977661255160594,0.521890965427101,0.0151655476643892,0,0,0.1724537159019
"TCGA.CV.5431.01A",0.17295252907044,0.294638991153193,0.356082584664387,0,0.00228347255886624,0,0.174042422553114
"TCGA.F7.A61W.01A",0.157347115422125,0.32113196683941,0.433302810034584,0,0,0,0.0882181077038808
"TCGA.CV.5439.01A",0.103895046231608,0.515890846433004,0.338345820977584,0,0,0,0.041868286357804
"TCGA.HD.A4C1.01A",0.127545756035531,0.162272074522627,0.598573691858078,0,0,0,0.111608477583764
"TCGA.D6.6517.01A",0.205621054572296,0.242673410469902,0.551705534957802,0,0,0,0
"TCGA.CQ.6227.01A",0.22084486750486,0.0655963415549108,0.698848387456228,0,0,0,0.0147104034840011
"TCGA.CV.7089.01A",0.221198680632639,0.244453487905453,0.467995255605668,5.51070506582089e-05,0,0.00390286160609004,0.0623946071994917
"TCGA.QK.AA3K.01A",0.148272562440396,0.208499212248906,0.529471719419431,0,0,0,0.113756505891267
"TCGA.CN.5367.01A",0.279813817342566,0.148376975759773,0.481755602349524,0,0,0,0.0900536045481371
"TCGA.WA.A7GZ.01A",0.0800990149930587,0.201447772110602,0.526149412086433,0.00171625154924625,0.00271108889407341,0,0.187876460366587
"TCGA.CN.5365.01A",0.320504383480812,0.193353023990385,0.261245008297636,0,0,0,0.224897584231167
"TCGA.CV.7095.01A",0.310743499105459,0.0744241761614935,0.565508428000668,0,0,0,0.0493238967323797
"TCGA.QK.A8ZA.01A",0.0349211927284596,0.229808443755326,0.271412823949857,0.180916975838144,0.126513761941137,0,0.156426801787076
"TCGA.CV.A6JE.01A",0.0720851000909427,0.487321019241885,0.27630603737721,0,0.164287843289962,0,0
"TCGA.CQ.7063.01A",0.307602986456675,0.335104911967319,0.357292101576006,0,0,0,0
"TCGA.BB.4227.01A",0.10149362453232,0.182968999379036,0.388281089423887,0.0297625235458883,0.149842257296826,0,0.147651505822043
"TCGA.CV.6433.01A",0.342571522581572,0.185998698812184,0.232914172649573,0,0,0.0123974548608226,0.226118151095849
"TCGA.CN.5373.01A",0.227852631642442,0.0857109323531437,0.681551733205188,0,0,0.00488470279922658,0
"TCGA.CV.7103.01A",0.164866392128064,0,0.835133607871936,0,0,0,0
"TCGA.CV.7568.01A",0.0211691894904084,0.204689846931215,0.697711416238504,0,0.000923972437520733,0.00367931754515537,0.0718262573571961
"TCGA.CN.6989.01A",0.309429927632669,0.0100259529542662,0.680544119413065,0,0,0,0
"TCGA.CV.6943.01A",0.313292930718786,0.152339768023421,0.534367301257792,0,0,0,0
"TCGA.CV.7424.01A",0.0722065381380635,0.112483347469112,0.552414348308341,0.0858887681067235,0.00131037769049223,0.0207603455192106,0.154936274768057
"TCGA.BA.4078.01A",0.0846935798450175,0.29913370422504,0.609622922134666,0,0,0.00209961004029975,0.00445018375497633
"TCGA.CN.4739.01A",0.204902470183761,0.0258578167595528,0.423319209995769,0.226930068710425,0,0.0232573673060273,0.0957330670444648
"TCGA.CV.5430.01A",0.0915966313913527,0.412128294732128,0.302326071089914,0.000999338817337299,0,0.0183611675232403,0.174588496446028
"TCGA.CR.7399.01A",0.184070692394184,0.485323599567004,0.258310693851744,0,0.00315202116949329,0,0.0691429930175744
"TCGA.CQ.5334.01A",0.311191070527822,0.124260345901145,0.564548583571034,0,0,0,0
"TCGA.CR.7402.01A",0.156233128110683,0.198811017769925,0.47682806728783,0.0545916904414134,0.000114299663071817,0.0456858434112861,0.0677359533157904
"TCGA.CR.7389.01A",0.260513435136317,0.138855418953181,0.542446245768537,0.00216690323865754,0.00109510106000926,0.000829530640403788,0.054093365202895
"TCGA.BA.6868.01B",0.257107451791269,0.0381511645835676,0.692078920534899,0.0008526053984067,0,0,0.0118098576918576
"TCGA.CV.6951.01A",0.11594003932884,0.153130277046502,0.430815435472148,0.113811577543273,0.048858018829036,0,0.137444651780201
"TCGA.F7.8298.01A",0.164744300621354,0.173342080805581,0.590320925471657,0,0,0,0.071592693101409
"TCGA.D6.6515.01A",0.33721970537159,0.285345050856416,0.377435243771994,0,0,0,0
"TCGA.CV.7180.01A",0.119009700828367,0.0853181695047434,0.326900901306085,0.164357047477155,0.118080152395852,0,0.186334028487796
"TCGA.CV.7242.01A",0.109707481030465,0.328167445831286,0.419722221261288,0,0,0.00645981349708546,0.135943038379876
"TCGA.BA.6871.01A",0.0614321931962856,0.291478349635748,0.485290611735526,0,0,0,0.16179884543244
"TCGA.CR.7371.01A",0.206345680960788,0.160613636232194,0.535562378550053,0.0024595019285743,0.0008243650953101,0.00108501076856292,0.0931094264645175
"TCGA.CV.5432.01A",0.168595235029153,0.253023459598784,0.538983952005966,0,0.00100384620300923,0,0.0383935071630882
"TCGA.CN.5360.01A",0.274428674849998,0.359908035397491,0.365663289752511,0,0,0,0
"TCGA.CQ.A4C6.01A",0.167327281366953,0.237628071632571,0.590345806917088,0,0,0.00167998181056134,0.0030188582728263
"TCGA.MT.A7BN.01A",0.140172922651084,0.484780010610163,0.253160808560146,0,0.121886258178607,0,0
"TCGA.CN.A641.01A",0.0466352442209201,0.147117575609075,0.305271033826638,0.24159699026146,0.215189137409919,0,0.0441900186719879
