Mixture,B Cells,Cancer Cells,Endothelial Cells,Fibroblasts,Mast Cells,Myeloid cells,T Cells,P-value,Correlation,RMSE
TCGA-TQ-A7RO-01A,0.0993484855715051,0,0.559577268054365,0.0263166389452575,0,0.314757607428872,0,0,0.356368006379116,0.943461158072078
TCGA-CS-6670-01A,0,0,0.597368595240524,0.0402506694589227,0,0.362380735300553,0,0,0.266338175588065,0.99721458732042
TCGA-QH-A6X5-01A,0.0858876384150004,0,0.482890081350187,0.0244409000457904,0,0.406781380189023,0,0,0.319886259100902,0.969658514978775
TCGA-HW-7493-01A,0,0,0.359366864220475,0.0732700502004927,0,0.567363085579032,0,0,0.245717710447697,1.03982206007543
TCGA-CS-6667-01A,0,0,0.67566501169992,0.0207539520465154,0,0.303581036253565,0,0,0.388221583783111,0.92934296572926
TCGA-DU-6406-01A,0.0560485512932007,0,0.582559032441001,0.04427199500804,0,0.317120421257758,0,0,0.362125825098164,0.941595483483353
TCGA-DU-A7TA-01A,0.122792178321998,0,0.271340024168514,0.00822231823675061,0,0.597645479272737,0,0,0.424184668712698,0.931601719750994
TCGA-QH-A6X4-01A,0.150456106424949,0,0.468734432999335,0,0,0.380809460575716,0,0,0.314819274696336,0.968858070415029
TCGA-TQ-A7RR-01A,0.169733662992325,0,0.257453497916038,0.0118580943695411,0,0.560954744722096,0,0,0.425876640126663,0.924813243011166
TCGA-HT-8104-01A,0.0666209903951809,0,0.477214653962558,0.121844932575085,0,0.334319423067176,0,0,0.262350060398298,0.993158016615485
TCGA-HT-A74K-01A,0,0,0.541370035589657,0.0583429818461548,0.00097135298453507,0.399315629579653,0,0,0.305648932671013,0.979143791745809
TCGA-DB-A64X-01A,0.144564474753895,0,0.441410897235766,0.03047102933038,0,0.383553598679958,0,0,0.454211461392263,0.892431407635625
TCGA-HT-8107-01A,0.165190549174497,0,0.561938439652614,0,0,0.272871011172889,0,0.01,0.153011517186648,1.03673846575709
TCGA-FG-A710-01A,0.0665472080349151,0,0.24758419127125,0.0450713321402296,0,0.640797268553606,0,0,0.431308778272599,0.93367352703328
TCGA-QH-A6CX-01A,0.067151380871373,0,0.301586495419748,0.11090905319481,0,0.520353070514069,0,0,0.295064391824411,0.999663091106849
TCGA-CS-6666-01A,0,0,0.666959642550905,0.0847136246647416,0,0.248326732784354,0,0,0.258224632046221,0.994637051066116
TCGA-TM-A7CA-01A,0.0718423614777521,0,0.405671485457828,0.0169315900427578,0,0.505554563021662,0,0,0.408458460486057,0.929040594917681
TCGA-HW-7486-01A,0,0,0.410997194106346,0.00465251891496544,0,0.584350286978689,0,0,0.201597611174473,1.0715918560684
TCGA-QH-A6X8-01A,0,0,0.432843986636312,0.0314564565714706,0,0.535699556792217,0,0,0.265825805248255,1.02165239073255
TCGA-DU-A76K-01A,0.0179511212071939,0,0.698760715184,0.0605131071702386,0,0.222775056438567,0,0,0.242213556085002,1.00096558633675
TCGA-DB-A4XD-01A,0,0,0.492211885620331,0.0600134587935474,0,0.447774655586122,0,0,0.356337826277008,0.955335107586467
TCGA-DH-A669-01A,0.134384457065985,0,0.441596565787283,0.0260994521804092,0,0.397919524966323,0,0,0.225173563349996,1.01694684498293
TCGA-WY-A858-01A,0.0475893696649362,0,0.355971036892045,0.0230631585589725,0,0.573376434884046,0,0,0.594873794331087,0.804413784229724
TCGA-DU-7294-01A,0,0,0.542418004250737,0.0660636294208765,0,0.391518366328386,0,0,0.212528290672323,1.02768601983643
TCGA-TM-A7C3-01A,0.144254063436384,0,0.532874316038914,0.111477898120825,0,0.211393722403876,0,0,0.250660797763952,0.988500557466092
TCGA-WY-A85E-01A,0.0610809648553837,0,0.530623550719659,0.0138376005584762,0,0.394457883866481,0,0,0.358329708873694,0.948376605016911
TCGA-FG-A6J1-01A,0,0,0.404605182667371,0.0403491978701596,0,0.555045619462469,0,0,0.457848986766872,0.902913894047146
TCGA-QH-A65Z-01A,0.0227459042911366,0,0.646681334992898,0.0133111383180017,0,0.317261622397964,0,0,0.288863406181111,0.981764720328964
TCGA-VM-A8CD-01A,0.0356667532815664,0,0.330300515831205,0.0483667481703362,0,0.585665982716892,0,0.01,0.170881920700155,1.08817810557056
TCGA-HT-8019-01A,0.165246378701579,0,0.623815749873301,0.0159320780234338,0,0.195005793401686,0,0.01,0.145128112236142,1.03509495849495
TCGA-QH-A6CV-01A,0.0686321140821085,0,0.317276381209322,0.0267853366831458,0,0.587306168025424,0,0,0.396250901112304,0.948449340673864
TCGA-FG-A6IZ-01A,0.0231218407585407,0,0.419329841901444,0.033730114495513,0,0.523818202844502,0,0,0.35912890297841,0.962619478301943
TCGA-P5-A5F1-01A,0.0954231263887982,0,0.378412365560437,0.0415303790897607,0,0.484634128961004,0,0,0.451802145480257,0.899358441460487
TCGA-P5-A72U-01A,0.0337478805365097,0,0.34992755728252,0.29180226096223,0,0.32452230121874,0,0,0.253943204228056,1.00537593170428
TCGA-CS-4943-01A,0.0414959130826729,0,0.352615631758917,0,0,0.60588845515841,0,0,0.354412763451311,0.980510319832847
TCGA-P5-A5EW-01A,0,0,0.268894043437602,0.0101549730586807,0,0.720950983503717,0,0,0.318483066853054,1.03441995790491
TCGA-E1-5322-01A,0.0978249153735264,0,0.186085263013163,0,0,0.71608982161331,0,0,0.36508196822421,1.0011075444157
TCGA-HT-A4DS-01A,0.0519338254573083,0,0.157184236508849,0.0468924980774543,0,0.743989439956388,0,0,0.623781970574027,0.791935821084089
TCGA-FG-7634-01A,0.0194684009940799,0,0.406669622908225,0.1222359515232,0,0.451626024574496,0,0,0.280886722721875,0.998030719010271
TCGA-DU-7306-01A,0.106097748339829,0,0.452987586374077,0.0641486663806123,0,0.376765998905481,0,0,0.288216578733647,0.982324818061915
TCGA-FG-7636-01A,0.262646815655178,0,0.28474554466598,0,0,0.452607639678842,0,0,0.254074425616776,1.010608049448
TCGA-S9-A7J3-01A,0,0,0.578705869707583,0.0091628820319459,0,0.412131248260471,0,0,0.307210452901657,0.980532844971741
TCGA-DU-A6S7-01A,0,0,0.288317363556984,0.0145150881503371,0,0.697167548292679,0,0,0.465956669739884,0.9190572593928
TCGA-DU-6396-01A,0.0161719471896209,0,0.187942370301489,0.0234195079275394,0,0.772466174581351,0,0,0.239785490891725,1.10746937171849
TCGA-S9-A7QW-01A,0,0,0.528467621367858,0.00322449956547822,0,0.468307879066663,0,0,0.301102103860526,0.990706765305987
TCGA-FG-7643-01A,0.135283625772994,0,0.498345401088726,0.0703036935698142,0,0.296067279568465,0,0,0.19060777736907,1.02122111328386
TCGA-S9-A7R4-01A,0.0254073485676423,0,0.461335775450504,0.0264683693400951,0,0.486788506641759,0,0,0.521615373151727,0.854807621930579
TCGA-DU-A6S8-01A,0.0728262111258111,0,0.541005071441239,0.0158916646980588,0,0.370277052734891,0,0,0.228753366247296,1.01417402288619
TCGA-HT-7601-01A,0.00314452713436346,0,0.207311223761257,0.0164345679284607,0,0.773109681175919,0,0,0.293844053299292,1.06922105864001
TCGA-HT-7854-01A,0.119553053353159,0,0.17695228172891,0.0466398237282405,0,0.65685484118969,0,0,0.284124449609502,1.03946464006974
TCGA-QH-A6X3-01A,0.0808284419603955,0,0.233469161314521,0.00842117080095709,0,0.677281225924126,0,0,0.461280655705227,0.919142786053318
TCGA-P5-A5F0-01A,0,0,0.710392484396979,0.0251959341553801,0,0.264411581447641,0,0,0.257227614069525,0.996636525598579
TCGA-CS-5395-01A,0.0607694954563635,0,0.459424848544619,0.0576145947942461,0,0.422191061204772,0,0,0.205763304427768,1.03238839072341
TCGA-DU-6402-01A,0.0611397014936003,0,0.333248689179972,0.0525172464542974,0,0.55309436287213,0,0.01,0.162014340745597,1.0837492027686
TCGA-VM-A8CE-01A,0,0,0.592309807336109,0.0377691512686508,0,0.36992104139524,0,0,0.306485448331841,0.976581508725472
TCGA-HT-7467-01A,0.129416246546916,0,0.560220408803386,0.0449530085184773,0,0.26541033613122,0,0,0.220062595952869,1.00604226881731
TCGA-DB-A4XC-01A,0.167137638239361,0,0.309963895876464,0.0225483182671461,0,0.50035014761703,0,0,0.414807263052348,0.92382925990685
TCGA-RY-A83X-01A,0,0,0.484097447494303,0.0868223864593738,0,0.429080166046323,0,0,0.348858931372065,0.95771912299794
TCGA-HT-A5R9-01A,0,0,0.764930100374309,0.119792665225106,0,0.115277234400585,0,0,0.198701452297865,1.02540948445574
TCGA-S9-A6WD-01A,0,0,0.551600137494857,0.0237626028238964,0,0.424637259681246,0,0,0.367950255706695,0.946983469107918
TCGA-F6-A8O4-01A,0.00399735170641111,0,0.39197520990028,0.0396840055401823,0,0.564343432853127,0,0,0.447500996557517,0.910972494786647
TCGA-TQ-A7RV-01A,0.0774749039447305,0,0.505887103833631,0.0282673714467563,0,0.388370620774882,0,0,0.438529885371918,0.902243015315224
TCGA-FG-7637-01A,0.0912757348151549,0,0.64684164205494,0.113453901462656,0,0.14842872166725,0,0,0.245503300923385,0.993507253308098
TCGA-FG-6689-01A,0.148353611077879,0,0.26538962035163,0.00662738035126421,0,0.579629388219227,0,0,0.250941428920195,1.03983195856272
TCGA-E1-A7YO-01A,0,0,0.642600645662308,0.0786250252869347,0,0.278774329050757,0,0,0.270207147614529,0.989628962388354
TCGA-FG-7638-01B,0.0671328550855892,0,0.558118020418345,0.0541993643682315,0,0.320549760127834,0,0,0.312089324594869,0.967186157463065
TCGA-S9-A7QZ-01A,0,0,0.706571706201653,0.0631120584749225,0,0.230316235323424,0,0,0.278859366554238,0.984232318956018
TCGA-P5-A5F2-01A,0.0760447544653818,0,0.592131177221455,0,0,0.331824068313163,0,0,0.227990330203355,1.01112493407891
TCGA-R8-A6YH-01A,0,0,0.392151967000125,0.00394466123099107,0,0.603903371768884,0,0,0.381521720455316,0.96234927446157
TCGA-E1-A7YS-01A,0.441197925423338,0,0.394899916856315,0,0,0.163902157720348,0,0.02,0.129042842295543,1.03012498994651
TCGA-HT-7880-01A,0.190061871321385,0,0.506439249162128,0.0233489772252133,0,0.280149902291273,0,0,0.267379060322097,0.98291865947973
TCGA-DU-5852-01A,0.0260040427547203,0,0.40188865243641,0.0982960121104994,0,0.473811292698371,0,0,0.377157013283252,0.944965879551039
TCGA-E1-A7Z4-01A,0.122873527114998,0,0.222566601952224,0.00438956424440162,0,0.650170306688376,0,0,0.476814059494779,0.902739486646405
TCGA-DU-7298-01A,0.0422880437387527,0,0.353542926977443,0.0176970702162401,0,0.586471959067564,0,0,0.238298518493493,1.04897875074464
TCGA-HT-7478-01A,0.0506822579970963,0,0.172660810884273,0.113658792849052,0,0.662998138269578,0,0,0.284733581293943,1.04019417512108
TCGA-DU-A5TU-01A,0.0481739373861776,0,0.238540213335419,0.046595056995305,0,0.666690792283098,0,0,0.401305249724597,0.960559607375263
TCGA-DU-6399-01A,0.0772730877535329,0,0.32565801944996,0.0350470698991111,0,0.562021822897396,0,0,0.392097368431848,0.946832446953399
TCGA-RY-A83Y-01A,0.0875417092346975,0,0.402652968773781,0.00734982602954589,0,0.502455495961976,0,0,0.444682656080125,0.905769739070948
TCGA-DU-7300-01A,0.0692633345328699,0,0.347431954401017,0.0488989881735295,0,0.534405722892584,0,0,0.278857081395955,1.01189973704298
TCGA-S9-A7IX-01A,0.0289702879672777,0,0.360716990093774,0.110639391237532,0,0.499673330701416,0,0,0.357419554188934,0.959919914245836
TCGA-HT-8558-01A,0.235508856301022,0,0.561968180206703,0,0,0.202522963492276,0,0.02,0.121920344574996,1.04161086650389
TCGA-S9-A7IY-01A,0.150490620973557,0,0.359582913797011,0.0188870596661305,0,0.471039405563302,0,0,0.23147808862857,1.02578914066325
TCGA-DB-A64W-01A,0,0,0.824210776105379,0.0345551351136297,0,0.141234088780991,0,0.01,0.157342355372425,1.04553731772526
TCGA-S9-A7IZ-01A,0.14944939145388,0,0.363664042770631,0.0354788702294805,0,0.451407695546009,0,0,0.424435533055693,0.913235483166349
TCGA-DU-6410-01A,0.0755415987508018,0,0.787821745277024,0.0321950743694978,0,0.104441581602676,0,0.02,0.130180374056269,1.05082689107963
TCGA-R8-A6MO-01A,0,0,0.529131549522348,0.0076010559226754,0,0.463267394554977,0,0,0.335571148534913,0.969973829309726
TCGA-P5-A780-01A,0,0,0.488854236116274,0.0158728613314066,0,0.495272902552319,0,0,0.299178238386196,0.995352635407798
TCGA-QH-A6XC-01A,0.0792918768323923,0,0.431592651436173,0.10561123926307,0,0.383504232468364,0,0,0.279815533582203,0.988154424948881
TCGA-E1-A7YD-01A,0.160982281602925,0,0.424153404969978,0.0560537598463882,0,0.358810553580709,0,0,0.306646472375194,0.969916382982906
TCGA-E1-A7YI-01A,0.00239994691930339,0,0.682184923321445,0.0587437728677107,0,0.256671356891541,0,0,0.239633820087115,1.00420915846691
TCGA-DU-8158-01A,0.0791216057700762,0,0.196956082443725,0.092032713464134,0,0.631889598322065,0,0,0.255938160446075,1.0497261712703
TCGA-S9-A6WN-01A,0.075271008747705,0,0.292275108007372,0.184827466158189,0,0.447626417086734,0,0,0.201821656175575,1.04021464598414
TCGA-HT-7855-01A,0.0916058947749956,0,0.504990999782098,0.00893722693409082,0,0.394465878508816,0,0,0.3982764264901,0.925451659462455
TCGA-HT-8111-01A,0.124238132956127,0,0.205254919580397,0.0023411256883633,0,0.668165821775113,0,0,0.257980746979357,1.06110750915608
TCGA-WY-A85C-01A,0.0674315418447462,0,0.545642844514372,0.0104500037901462,0,0.376475609850736,0,0,0.303995225648085,0.976207752017264
TCGA-CS-6290-01A,0.0812132285356721,0,0.132751940264557,0,0,0.78603483119977,0,0,0.468136793421939,0.94016800195557
TCGA-HT-8114-01A,0.0671300920775944,0,0.240275630529077,0.121053055840636,0,0.571541221552692,0,0,0.342254604917819,0.980681121989422
TCGA-S9-A6TU-01A,0.0237012274882158,0,0.354825442166415,0.00259755297985018,0,0.618875777365519,0,0,0.51625830527267,0.868205809847107
TCGA-HT-7616-01A,0.0293118290571149,0,0.372471759425367,0.105725308593437,0,0.492491102924081,0,0,0.277546645518229,1.00566574661863
TCGA-HT-8010-01A,0.148512001248104,0,0.491102857723889,0.0239807532532377,0,0.33640438777477,0,0,0.209579705487548,1.01653295432795
TCGA-DH-A7UU-01A,0,0,0.464144405462525,0.0286288251049321,0,0.507226769432543,0,0,0.453786494730327,0.901186933403182
TCGA-E1-A7Z3-01A,0.00265951792499303,0,0.448127796418183,0.0876132946798255,0,0.461599390976998,0,0,0.381173588734319,0.941890519225841
TCGA-E1-A7YM-01A,0.134191841300995,0,0.370113522465807,0.113001002619938,0,0.382693633613261,0,0,0.23632060221272,1.0086903334085
TCGA-S9-A6WG-01A,0,0,0.485217422885741,0.216684624854584,0,0.298097952259674,0,0,0.523583586635777,0.852184271373307
TCGA-HW-8319-01A,0.143386389156882,0,0.377660431993657,2.26726677081751e-05,0,0.478930506181753,0,0,0.318675342586875,0.978968602671961
TCGA-TM-A84R-01A,0.0784646999450955,0,0.579124299512889,0.0905740221540363,0,0.251836978387979,0,0,0.201978032583783,1.01619873238044
TCGA-DH-A66D-01A,0.121286240175463,0,0.241882146937311,0.00883580704211616,0,0.627995805845109,0,0,0.333428297236146,0.999482789654326
TCGA-S9-A6WP-01A,0.00468600518315019,0,0.361270879444156,0.00197084350391978,0,0.632072271868774,0,0,0.504889470267144,0.878559008579758
TCGA-DU-A7TB-01A,0.241350398604481,0.0103740426944076,0.396781454731779,0,0,0.351494103969333,0,0.03,0.11587907371184,1.06012749516379
TCGA-DB-A64V-01A,0.0693583975718007,0,0.199928146861458,0.0198415942389141,0,0.710871861327827,0,0,0.486649870349673,0.90589158408377
TCGA-HT-8113-01A,0.0408433680008692,0,0.598588444116723,0.031229248515813,0,0.329338939366595,0,0,0.206685689253813,1.02244005842161
TCGA-HT-7604-01A,0.000967674391484911,0,0.491887216541624,0.0500674290738983,0,0.457077679992993,0,0,0.308017466189086,0.984234708514999
TCGA-FG-A711-01A,0.209436649252032,0,0.410949370708923,0.00759278701931195,0,0.372021193019733,0,0,0.306549810999761,0.971193959289017
TCGA-FG-A60L-01A,0,0,0.304731830208914,0.0238146690140338,0,0.671453500777052,0,0,0.512190919547661,0.878147601734043
TCGA-E1-5307-01A,0.103532182894239,0,0.243813739984568,0.00368984048170174,0,0.648964236639491,0,0,0.298337958785039,1.02824898135324
TCGA-DB-5279-01A,0.192743271362594,0,0.430188970294797,0.064605347927074,0,0.312462410415535,0,0.02,0.121906786264426,1.0517714735026
TCGA-DU-7018-01A,0.000379869805852794,0,0.748229815039585,0.0848766704198627,0,0.1665136447347,0,0,0.216420406205538,1.0149522780977
TCGA-S9-A6TZ-01A,0,0,0.41813215165576,0.046254374660446,0,0.535613473683794,0,0,0.261093543492751,1.02415409817071
TCGA-HT-A61C-01A,0.0834961916536975,0,0.33460915640118,0.131978490796602,0,0.44991616114852,0,0,0.288574082624296,0.991833381298035
TCGA-HT-A5R7-01A,0.0741773147698291,0,0.459684380898571,0,0,0.4661383043316,0,0,0.343342243486325,0.963946548064451
TCGA-HW-7495-01A,0,0,0.645008047927089,0.0567108198430598,0,0.298281132229852,0,0,0.25516340009529,0.998343500861537
TCGA-HT-7677-01A,0,0,0.548295423915973,0.0296425742202607,0,0.422062001863766,0,0,0.228802521774897,1.02371429573592
TCGA-F6-A8O3-01A,0.0526855143214818,0,0.657926480741452,0.0562099891653738,0,0.233178015771693,0,0,0.294399134004386,0.973318630913399
TCGA-P5-A730-01A,0.0917394196382689,0,0.594500505459372,0.0473257012359761,0,0.266434373666383,0,0.01,0.177513160292634,1.02797692515626
TCGA-DU-A5TY-01A,0,0,0.154128012556392,0.0392414146516255,0,0.806630572791983,0,0,0.488404366562583,0.926349786530522
TCGA-HT-8015-01B,0.108057713804487,0,0.258804229896359,0.0279380790436476,0,0.605199977255506,0,0,0.261458866958574,1.03933172543535
TCGA-DU-6393-01A,0.205178907547082,0,0.634217095443275,0.0300494557622802,0,0.130554541247363,0,0.01,0.173136096175069,1.01901415639456
TCGA-TQ-A7RS-01A,0,0,0.637035212769605,0.0121968901161894,0,0.350767897114206,0,0,0.320103817786092,0.968496680409536
TCGA-E1-A7YU-01A,0,0,0.553755157477283,0.00790264329186342,0,0.438342199230854,0,0,0.282023293855835,0.997469259694505
TCGA-CS-5394-01A,0.147493129574634,0,0.695377013969414,0.0100864248553882,0,0.147043431600564,0,0,0.217366515522182,1.00411788760286
TCGA-HT-8018-01A,0,0,0.441900726682342,0.1707838752486,0,0.387315398069058,0,0,0.364149684297955,0.946532393675965
TCGA-HT-7482-01A,0,0,0.23374725578999,0.00983680967189807,0,0.756415934538111,0,0,0.190777899416864,1.13471327266756
TCGA-E1-A7YY-01A,0.172085193183713,0,0.465035358641345,0.0102518296489604,0,0.352627618525981,0,0.01,0.17844980177675,1.03303882873178
TCGA-DU-A5TR-01A,0.0297223268024075,0,0.156035155284946,0.0164739350592603,0,0.797768582853386,0,0,0.511170555679683,0.90496241987
TCGA-VM-A8CB-01A,0.0254085948087501,0,0.643428507690383,0.0463271818179834,0,0.284835715682884,0,0,0.225410528643031,1.01087512218724
TCGA-E1-5311-01A,0,0,0.612262295812945,0.0506692232082216,0,0.337068480978833,0,0,0.321995497965598,0.965932007364328
TCGA-E1-A7Z2-01A,0,0,0.55055415636269,0.077891378448744,0,0.371554465188566,0,0,0.308913730784169,0.974926324587715
TCGA-DB-A75P-01A,0.0418348008341258,0,0.374276535802138,0.170637929653145,0,0.413250733710591,0,0,0.350275023027155,0.955087758647532
TCGA-TM-A84T-01A,0.00703233390048401,0,0.456972895274919,0.0191685551087441,0,0.516826215715853,0,0,0.450788257470927,0.903971311566582
TCGA-FG-A4MT-01A,0.108274717065235,0,0.495613332149225,0.00888703168651344,0,0.387224919099026,0,0,0.320217885395145,0.967339752605366
TCGA-DU-A5TW-01A,0,0,0.576617875061413,0.0188745776925814,0,0.404507547246005,0,0,0.353366415182116,0.953796330231262
TCGA-DU-A6S2-01A,0,0,0.614574190483186,0.0225970380102369,0,0.362828771506577,0,0,0.259396786970732,1.00131118419117
TCGA-DU-6395-01A,0,0,0.28277667045732,0.0191529568191387,0,0.698070372723541,0,0,0.490374162859426,0.899988399088226
TCGA-FG-8189-01B,0.0263316934238716,0,0.639228472865116,0.0953451373736953,0,0.239094696337317,0,0.01,0.14597306407425,1.04597429383446
TCGA-CS-4941-01A,0.0207957254410524,0,0.252309223520218,0.0363284338251332,0,0.690566617213597,0,0,0.406524425727682,0.962271987165319
TCGA-HT-7684-01A,0,0,0.48320448154244,0.0164212303097121,0,0.500374288147848,0,0,0.367553849444682,0.955132050243901
TCGA-RY-A83Z-01A,0.155317115987899,0,0.312824462667122,0.0247472981639803,0,0.507111123180998,0,0,0.388308427677287,0.941055684030815
TCGA-S9-A6U9-01A,0,0,0.379453706961534,0.0145355795148033,0,0.606010713523663,0,0,0.400410776500213,0.949673713594864
TCGA-DB-A4XH-01A,0,0,0.719146536990163,0.031058722747414,0,0.249794740262423,0,0,0.265962959723395,0.991693155634658
TCGA-HT-7881-01A,0.0299020680568604,0,0.605761480019305,0.0740249661716357,0,0.290311485752199,0,0,0.253695655481337,0.996508116865656
TCGA-HW-7491-01A,0.0915098057191383,0,0.592343688377,0.0314227024267207,0,0.284723803477141,0,0,0.249325410518733,0.995548312399996
TCGA-DB-A64Q-01A,0,0,0.600036810934012,0.0155180411151889,0,0.384445147950799,0,0,0.292004466975434,0.986075767555899
TCGA-DU-6542-01A,0.134802786496353,0,0.243974508214708,0,0,0.621222705288939,0,0,0.248108112192152,1.05322497609913
TCGA-S9-A6WL-01A,0,0,0.651916416503788,0.0868649791462618,0,0.26121860434995,0,0,0.329159013093999,0.958952800898445
TCGA-S9-A6TV-01A,0.021128454580381,0,0.227957006637036,0.0788861198549798,0,0.672028418927603,0,0,0.326400730329563,1.01419425434357
TCGA-S9-A6WQ-01A,0.108035155429973,0,0.2427317094115,0,0,0.649233135158527,0,0,0.380089476724451,0.972808280117869
TCGA-HT-7472-01A,0.102502327159478,0,0.238808302348425,0,0,0.658689370492097,0,0,0.241029437582861,1.06869687912951
TCGA-E1-A7YE-01A,0.0612946051649228,0,0.180922681267883,0.0077983808555615,0,0.749984332711633,0,0,0.303775138536316,1.05536126623637
TCGA-CS-5393-01A,0.154536926939229,0,0.267814079362143,0.00397725765674499,0,0.573671736041883,0,0,0.333084437067788,0.987566223644368
TCGA-HT-7858-01A,0.0673312582736349,0,0.169404002681731,0.00501676034771221,0,0.758247978696922,0,0,0.384759439917929,0.998257706961759
TCGA-DU-A76L-01A,0,0,0.323806578507012,0.30026796100294,0,0.375925460490049,0,0,0.27156296025528,1.00295346761346
TCGA-FG-8188-01A,0,0,0.381059974395328,0.0123173700039701,0,0.606622655600702,0,0,0.410642986303289,0.942795207977836
TCGA-HT-7480-01A,0.10960947717857,0,0.570450381060916,0.0284484933147927,0,0.291491648445721,0,0,0.21768785600469,1.01024770121067
TCGA-FG-5965-01B,0.0120177973040928,0,0.390799917946008,0.0862512448203941,0,0.510931039929505,0,0,0.254156966223215,1.02275326473949
TCGA-W9-A837-01A,0,0,0.668625703415672,0.0220856100530418,0,0.309288686531286,0,0,0.291238640632442,0.981172252391652
TCGA-HT-7485-01A,0,0,0.150817572112531,0.00241216944589887,0,0.84677025844157,0,0,0.250991758375254,1.1298039160243
TCGA-HT-8011-01A,0.147604268107999,0,0.434151646126257,0.0582965511231694,0,0.359947534642575,0,0,0.265504578661375,0.991066120735609
TCGA-DU-A7TC-01A,0.101216263842721,0,0.444191989968272,0.011041959342278,0,0.443549786846729,0,0,0.42955557479748,0.910283068395358
TCGA-DU-A76R-01A,0.0717876242601807,0,0.579036372836766,0.141889642158359,0,0.207286360744695,0,0,0.233552180013307,1.00082787830213
TCGA-DH-5140-01A,0.17405183930079,0,0.239442245201687,0.183509861855068,0,0.402996053642454,0,0,0.338675225625704,0.958427600378012
TCGA-TM-A84F-01A,0.00763320496753281,0,0.183834858336035,0.00211094579411742,0,0.806420990902315,0,0,0.496608038659728,0.919801970613729
TCGA-HT-8563-01A,0.00784759689778637,0,0.150330332777325,0.0352935855164748,0,0.806528484808414,0,0,0.389099510118668,1.00852586776364
TCGA-HT-7691-01A,0,0,0.272187777128786,0.0529919467549792,0,0.674820276116235,0,0,0.270602146431909,1.05257458267428
TCGA-P5-A72X-01A,0.0405301609868434,0,0.618856256657288,0.0341345178226997,0,0.306479064533169,0,0,0.403284272798067,0.919844775004881
TCGA-HT-8108-01A,0.169298678405162,0,0.238692350626999,0.0120343135786469,0,0.579974657389192,0,0,0.389022197761485,0.952540869805598
TCGA-S9-A7J1-01A,0,0,0.381984502418534,0.0953351843718654,0,0.522680313209601,0,0,0.295893541784249,1.00090427379262
TCGA-HT-A5R5-01A,0.0731728916297725,0,0.227114045683078,0.0403400114884767,0,0.659373051198673,0,0,0.378596119240519,0.975226036123233
TCGA-P5-A781-01A,0,0,0.548507489656953,0.0166434610560882,0,0.434849049286959,0,0,0.325973740491229,0.972129499920803
TCGA-FN-7833-01A,0,0,0.173612916808309,0.0139385166664796,0,0.812448566525211,0,0,0.292522989213551,1.08480110984521
TCGA-E1-A7YV-01A,0,0,0.597561881183852,0.158007958145546,0,0.244430160670602,0,0,0.319885813490979,0.963758813209357
TCGA-TQ-A7RM-01A,0.0338873846716933,0,0.718566006300513,0.0225954975172196,0,0.224951111510574,0,0.01,0.164932390502975,1.03762438535573
TCGA-DU-5849-01A,0,0,0.466702799316977,0.0392113548931369,0,0.494085845789886,0,0,0.326684995326752,0.978503115948111
TCGA-TQ-A8XE-01A,0.150096140123446,0,0.304126871964386,0,0,0.545776987912168,0,0,0.324258449285153,0.987383636795146
TCGA-S9-A6WO-01A,0,0,0.288849892227601,0.00693939117624073,0,0.704210716596158,0,0,0.402111149777698,0.969262304249136
TCGA-DU-A7TD-01A,0.0488075765676258,0,0.284039948597806,0.0639495640250084,0,0.60320291080956,0,0,0.427758839470729,0.929448928411271
TCGA-TM-A84G-01A,0.0477905475056596,0,0.758397318959484,0.0610927677820063,0,0.13271936575285,0,0,0.210726670829231,1.01429618165319
TCGA-DB-5273-01A,0.0501109237999245,0,0.269797558811255,0.0524693116588142,0,0.627622205730006,0,0,0.316691034667615,1.00932962678818
TCGA-DB-A4XB-01A,0.264653559344487,0,0.219690006528231,0,0,0.515656434127282,0,0,0.230679959823044,1.03757461173008
TCGA-HT-7620-01A,0.100146762733279,0,0.462752189753017,0.000693379659311709,0,0.436407667854392,0,0,0.190743902106434,1.04258819847336
TCGA-TM-A84B-01A,0.0501388473689346,0,0.630709854604877,0.0484760147875447,0,0.270675283238644,0,0,0.198131453380536,1.02146980541908
TCGA-TM-A7CF-01A,0.023440833696161,0,0.574129478540774,0.0253907387404867,0,0.377038949022578,0,0,0.320897211437064,0.968560015903259
TCGA-FG-5964-01A,0.0396489234327,0,0.265486736652004,0.00711381052298623,0,0.68775052939231,0,0,0.468096979278765,0.915728633042511
TCGA-DU-5874-01A,0.0774620776491856,0,0.791418834313772,0.0457392519164053,0,0.0853798361206368,0,0,0.191613190257855,1.02287491022534
TCGA-DU-A5TT-01A,0.150042992236337,0,0.299875538944248,0.0459198949907535,0,0.504161573828662,0,0,0.23294060326522,1.03129516014442
TCGA-HT-7695-01A,0,0,0.538754572189064,0.0307210025950826,0,0.430524425215853,0,0,0.229469961292625,1.02448050478288
TCGA-S9-A7R2-01A,0.0941419361313383,0,0.161704249741218,0.0527637841945706,0,0.691390029932873,0,0,0.394726981204373,0.971779414624577
TCGA-DU-8164-01A,0,0,0.555929491603216,0.0134047578439198,0,0.430665750552864,0,0,0.226544375920966,1.02658283044668
TCGA-TQ-A7RF-01A,0.227741741546997,0,0.378702350910929,0.00964668059586979,0,0.383909226946204,0,0,0.348185018678556,0.950353669932029
TCGA-FG-6692-01A,0.0131782113364806,0,0.508265893824068,0.0761129554580577,0,0.402442939381394,0,0,0.266761513536959,0.999711937409901
TCGA-DU-7013-01A,0.0652415879974264,0,0.392562826967454,0.0422673745524921,0,0.499928210482628,0,0,0.278064330994054,1.00599796664802
TCGA-P5-A733-01A,0,0,0.574092961493843,0.0776266770361468,0,0.348280361470011,0,0,0.392525575474841,0.927952675745549
TCGA-CS-4938-01B,0,0,0.258581733246831,0,0,0.741418266753169,0,0,0.306091311560973,1.04996148598887
TCGA-DB-A64O-01A,0.100563293555156,0,0.322030116225555,0.0677186734817076,0,0.509687916737581,0,0.02,0.136550438813842,1.08548123107305
TCGA-HW-8320-01A,0,0,0.318349171619496,0.0293636743361901,0,0.652287154044314,0,0,0.388530771040603,0.966695824997414
TCGA-HT-7694-01A,0,0,0.651711920164835,0.00539362741233623,0,0.342894452422829,0,0,0.242550360650552,1.00897191201338
TCGA-P5-A77W-01A,0,0,0.79074607573065,0,0,0.20925392426935,0,0,0.203006554574791,1.02350071527687
TCGA-HT-7473-01A,0.0587289685245722,0,0.119500174180119,0.0106672489300876,0,0.811103608365221,0,0,0.375504651225864,1.02265194248307
TCGA-CS-5396-01A,0.130881015417748,0,0.424198397975127,0.127735961297759,0,0.317184625309366,0,0.01,0.184983321044075,1.02623673641604
TCGA-CS-6669-01A,0.040673733210712,0,0.767865686897205,0,0,0.191460579892083,0,0.02,0.140113690918065,1.04924634003629
TCGA-FG-A70Y-01A,0,0,0.430683662455719,0.00345097010167648,0,0.565865367442604,0,0,0.491349494062794,0.881156004688797
TCGA-FG-8185-01A,0.126116469421881,0,0.421762716676913,0.0234863884518872,0,0.428634425449319,0,0,0.378898198700119,0.938188814072539
TCGA-QH-A6CY-01A,0.088539308805918,0,0.500031898161267,0.00794225344036249,0,0.403486539592452,0,0,0.300017148815825,0.980339447719303
TCGA-S9-A6WE-01A,0,0,0.536344276092593,0.0318476765834627,0,0.431808047323945,0,0,0.26610964304043,1.00478746178231
TCGA-HT-7875-01A,0,0,0.669859679055336,0.116544963394218,0,0.213595357550447,0,0,0.227981869671823,1.00891819033404
TCGA-DU-A5TS-01A,0.103486880102178,0,0.421206835705504,0.00685894985764524,0,0.468447334334673,0,0,0.441838999636809,0.904617793981576
TCGA-CS-6668-01A,0.0857226550810679,0,0.528175985407117,0.0154445722432713,0,0.370656787268544,0,0.01,0.160303680824337,1.04762946886364
TCGA-DB-A4XA-01A,0.0683313157820744,0,0.431092447226203,0.0318033623469673,0,0.468772874644755,0,0,0.416638680534069,0.92020520920659
TCGA-P5-A5EZ-01A,0.11662031299525,0,0.345204390311716,0.0228879334830626,0,0.515287363209972,0,0,0.376206416325692,0.949797765980631
TCGA-DU-5855-01A,0.0811379765452814,0,0.255851055363925,0.0341992667959017,0,0.628811701294892,0,0,0.293154101161105,1.02525751971087
TCGA-HW-A5KJ-01A,0.00328604942826149,0,0.886032929506256,0.0334978161128028,0,0.0771832049526798,0,0,0.250576119074101,1.00294316571841
TCGA-R8-A6MK-01A,0.248564650328577,0,0.387049324692705,0.00706333426380617,0,0.357322690714912,0,0,0.192604318377828,1.02545548869505
TCGA-DH-A7UR-01A,0,0,0.892656623188724,0.0232980142383595,0,0.0840453625729169,0,0,0.282189739847343,0.986857421942369
TCGA-HT-7680-01A,0.0401727553424359,0,0.143087169360234,0.166709682005131,0,0.650030393292199,0,0.03,0.117953242718201,1.14233085634644
TCGA-WY-A85D-01A,0,0,0.268935848927505,3.71876439821427e-05,0,0.731026963428513,0,0,0.461175832784167,0.930405260249049
TCGA-FG-A4MU-01B,0.0081098784955618,0,0.33111264838752,0.178268591247087,0,0.482508881869831,0,0,0.364914537777044,0.954889484564796
TCGA-S9-A6TY-01A,0.000390388672925109,0,0.606298208219609,0.0417481062212522,0,0.351563296886214,0,0,0.25027655310632,1.0046079998316
TCGA-DU-7309-01A,0.0390928217210284,0,0.424960734447332,0.0333292484659731,0,0.502617195365667,0,0,0.296129604153535,0.996761935226566
TCGA-TQ-A7RN-01A,0.0925351518057363,0,0.55250714401273,0.0317009940901902,0,0.323256710091344,0,0,0.330738715590322,0.957202693454079
TCGA-HT-A615-01A,0.0976565426657492,0,0.20419069273769,0.0023404524732032,0,0.695812312123358,0,0,0.358855954177854,0.99971066009033
TCGA-E1-A7YL-01A,0.0111976351512607,0,0.196353610125913,0.163996576583542,0,0.628452178139283,0,0,0.298991433562002,1.02271812509292
TCGA-DH-A66B-01A,0.0265814926218475,0,0.189664981596457,0.0407184016185677,0,0.743035124163128,0,0,0.311788184920829,1.045962772168
TCGA-TQ-A7RW-01A,0.15941631187314,0,0.242447447916589,0.0113603489045027,0,0.586775891305768,0,0,0.440651175629579,0.918646060653276
TCGA-QH-A86X-01A,0.110257609325291,0,0.436116939043622,0.0715642866970791,0,0.382061164934008,0,0,0.336718196629675,0.957223226467873
TCGA-DB-A4XF-01A,0.160550430854615,0,0.409441769612721,0.0882846346142846,0,0.341723164918379,0,0,0.268660837604864,0.987228399049028
TCGA-HT-7605-01A,0,0,0.449047913046558,0.0385668564407441,0,0.512385230512698,0,0,0.216123953254867,1.04554981252196
TCGA-TQ-A7RK-01A,0,0,0.440966948490019,0.0192222770828908,0,0.53981077442709,0,0,0.416637095113039,0.928909422845689
TCGA-E1-A7YK-01A,0.000989912667983092,0,0.173478197127307,0.0364932653639945,0,0.789038624840716,0,0,0.511640898993897,0.90169080361573
TCGA-CS-5397-01A,0.0469569874949736,0,0.326445211758385,0.0578553795831043,0,0.568742421163537,0,0,0.214506917598079,1.05784682981354
TCGA-DU-5853-01A,0.142600828618765,0,0.199609755585219,0.032670619701644,0,0.625118796094372,0,0,0.36846115748167,0.97512484506993
TCGA-HT-7902-01A,0.0241950514619078,0,0.478637328072907,0.0177688567254896,0,0.479398763739696,0,0,0.279055852402315,1.00364261433552
TCGA-HT-7479-01A,0,0,0.286213638959163,0.00842271732410925,0,0.705363643716728,0,0,0.275574544624828,1.0593976307268
TCGA-HT-7477-01B,0.0686022009243329,0,0.5972274560479,0.0257945182513096,0,0.308375824776458,0,0,0.378451260544389,0.932519453518602
TCGA-TM-A84O-01A,0.093586193363821,0,0.411566844753139,0.0173993316809109,0,0.477447630202129,0,0,0.257235352635282,1.01372388282091
TCGA-DH-5141-01A,0.0369547577192295,0,0.511461333111773,0.0306976959183528,0,0.420886213250644,0,0,0.380179615722606,0.938446396410792
TCGA-FG-8186-01A,0.104192368850483,0,0.270593268384744,0.0295811912280595,0,0.595633171536713,0,0,0.375417277232787,0.963822353814384
TCGA-HT-8012-01A,0,0,0.639175732996608,0.0220006926561434,0,0.338823574347249,0,0,0.326292829511784,0.964242146355133
TCGA-HT-7686-01A,0.0297547572408611,0,0.201350542844332,0.00222379835584284,0,0.766670901558964,0,0,0.324778825698474,1.04525111037903
TCGA-HT-7475-01A,0,0,0.636731505820973,0.0139680288791725,0,0.349300465299854,0,0,0.232231274603988,1.01449424018189
TCGA-FG-A87Q-01A,0.0377922867217223,0,0.329680110026986,0.0484176295278239,0,0.584109973723468,0,0,0.318553965446261,0.998284111428893
TCGA-S9-A6TX-01A,0.119232954165955,0,0.529391339918125,0.034935603166364,0,0.316440102749556,0,0,0.323387411432222,0.959701702730995
TCGA-HT-8013-01A,0.0420226597552542,0,0.148725026801322,0.000500947598948218,0,0.808751365844475,0,0,0.448705933043424,0.962107090065906
TCGA-TM-A7C4-01A,0,0,0.54329371007997,0.00561224118284033,0,0.45109404873719,0,0,0.391477729037538,0.935704442511081
TCGA-DH-5143-01A,0.166585565656283,0,0.226832577684669,0,0,0.606581856659048,0,0,0.406070082342461,0.946316004659759
TCGA-HT-7606-01A,0.102385752296248,0,0.582648070088472,0.0203147375641644,0,0.294651440051116,0,0,0.213412212273359,1.01312291470583
TCGA-WY-A859-01A,0.00256120584826777,0,0.494644851650824,0.0200034108297416,0,0.482790531671166,0,0,0.434606053013271,0.9115396612848
TCGA-HT-7483-01A,0,0,0.415632963419781,0.0965090083362957,0,0.487858028243923,0,0,0.45180718185008,0.900671256118723
TCGA-VW-A7QS-01A,0.134505305225572,0,0.493217057452229,0.116911165106707,0,0.255366472215492,0,0,0.223997277516174,1.00300686880136
TCGA-P5-A5EV-01A,0.1816805142836,0,0.386151913566697,0.0187903779674997,0,0.413377194182203,0,0,0.265648876539555,0.997530605665678
TCGA-DU-6400-01A,0.157604249414059,0,0.445506232466158,0.0168926679803304,0,0.379996850139454,0,0,0.253788709586921,0.999700044687319
TCGA-VV-A86M-01A,0.13685729619183,0,0.318320103253115,0,0,0.544822600555055,0,0,0.354941856981936,0.968121437982711
TCGA-QH-A6X9-01A,0,0,0.572156527742554,0.0173490677190361,0,0.41049440453841,0,0,0.331577997948077,0.966593327828412
TCGA-HT-A618-01A,0.0645913039421567,0,0.208193020241091,0.00922807984558009,0,0.717987595971172,0,0,0.472870721483921,0.918534939351136
TCGA-FG-6691-01A,0.0507444163367678,0,0.157810534345797,0.00963326268026843,0,0.781811786637167,0,0,0.43887869697491,0.962160799371385
TCGA-S9-A6WI-01A,0,0,0.587884436581866,0.0431812812935221,0,0.368934282124612,0,0,0.202174834046956,1.03085696630278
TCGA-DU-7011-01A,0.0258508328403972,0,0.315347828504021,0.0719360135359998,0,0.586865325119582,0,0,0.465404527730253,0.900949401707539
TCGA-DU-6405-01A,0.0882895397267057,0,0.36654522018517,0.0944225148403824,0,0.450742725247742,0,0,0.265908945892493,1.00385925696989
TCGA-HT-7609-01A,0.128170134935249,0,0.277788324359344,0.00132006958229252,0,0.592721471123115,0,0,0.318532905712347,1.00094428641276
TCGA-TM-A84S-01A,0,0,0.30747027765572,0.0987604476513621,0,0.593769274692918,0,0,0.323036777672812,0.997879272241772
TCGA-DU-8168-01A,0.346478365030759,0,0.366739716096616,0,0,0.286781918872625,0,0.01,0.161358200256705,1.02954623788789
TCGA-FG-A87N-01A,0.111445306274769,0,0.460941543973345,0.0677027257872125,0,0.359910423964673,0,0,0.322663465378515,0.962832294327572
TCGA-DB-5278-01A,0,0,0.42120055366759,0.0979319624643775,0,0.480867483868033,0,0,0.242267908138111,1.02454788667167
TCGA-FG-A4MY-01A,0,0,0.434706625310997,0.0582266947159429,0,0.507066679973061,0,0,0.367158160444171,0.955634309518274
TCGA-E1-A7YN-01A,0,0,0.203853300153308,0.0536206820570448,0,0.742526017789647,0,0,0.428682881786635,0.958122114822694
TCGA-DU-7010-01A,0.104526973695612,0,0.477805123711545,0.0369208196210944,0,0.380747082971749,0,0.01,0.168835361267114,1.04333942844895
TCGA-S9-A7J0-01A,0.179430628370697,0,0.475894706331746,0.0090544334467661,0,0.335620231850791,0,0,0.253349359565424,0.994722034691523
TCGA-WY-A85A-01A,0.136235722027107,0,0.367210199299009,0.010428166915014,0,0.486125911758869,0,0,0.457078588786284,0.896158400208536
TCGA-TQ-A7RQ-01A,0,0,0.672150077334348,0.0725176337618611,0,0.255332288903791,0,0,0.25498027901473,0.996544180354159
TCGA-HT-7873-01B,0,0,0.481194939413416,0.0250785643286969,0,0.493726496257887,0,0,0.286757889312524,1.00211657638484
TCGA-DU-8167-01A,0,0,0.293485585251616,0.00414737990862932,0,0.702367034839755,0,0,0.353604747722168,1.00420686565416
TCGA-S9-A6U2-01A,0.208326235989724,0,0.342490992155511,0.0689743844718944,0,0.380208387382871,0,0,0.320820516465354,0.963878214132452
TCGA-S9-A7IQ-01A,0,0,0.588495773359157,0.0977359626416638,0,0.313768263999179,0,0,0.245088653077533,1.00393484429305
TCGA-HW-7487-01A,0,0,0.579111385060987,0.00582613287152875,0,0.415062482067484,0,0,0.270885947926641,1.00089698984452
TCGA-FG-5963-01A,0.00398222263979154,0,0.171207575509266,0.0609844298789017,0,0.763825771972041,0,0,0.496347690556756,0.908643982291902
TCGA-HT-A5RA-01A,0.0702876300765382,0,0.534362329230106,0.129195496785546,0,0.26615454390781,0,0,0.211990959424034,1.01292303065579
TCGA-HT-A4DV-01A,0.112430670429617,0,0.378370197493753,0.0199002910055386,0,0.489298841071091,0,0,0.331282073684538,0.973074258863411
TCGA-DH-A66G-01A,0.128589797635283,0,0.288849068850424,0.0209615324549586,0,0.561599601059335,0,0,0.27848775105746,1.01816051356383
TCGA-DU-7015-01A,0.0875041825045007,0,0.131440690825499,0.00852210780003531,0,0.772533018869965,0,0,0.389489325245519,0.999616655089894
TCGA-R8-A73M-01A,0,0,0.478102459041176,0.0169938484263907,0,0.504903692532434,0,0,0.378636265997308,0.948853836490987
TCGA-TQ-A7RJ-01A,0.201608544061113,0,0.271258978694384,0.0123171760812735,0,0.514815301163229,0,0,0.407458976644769,0.930451185696509
TCGA-DU-A7TJ-01A,0.0731638093817784,0,0.431114136416395,0.0792628553062057,0,0.416459198895621,0,0,0.360473395368508,0.947986544594716
TCGA-TM-A84C-01A,0.0386078934973981,0,0.297476654709248,0.119667486217231,0,0.544247965576123,0,0,0.306926896064686,0.997605506847128
TCGA-DB-5280-01A,0.062182952463365,0,0.51447022447181,0.0394783724442489,0,0.383868450620576,0,0,0.36018193560401,0.946156892250214
TCGA-TQ-A7RH-01A,0.0688096830647759,0,0.239514687737818,0.00798612046355565,0,0.68368950873385,0,0,0.407748742656469,0.960512554234866
TCGA-RY-A847-01A,0.120047967642003,0,0.382243087488293,0.00785904041005052,0,0.489849904459653,0,0,0.407948062177037,0.927296288493121
TCGA-HW-A5KL-01A,0,0,0.431810439457556,0.00434645543624559,0,0.563843105106199,0,0,0.380419626862903,0.956210699061401
TCGA-DU-8163-01A,0.0443637549946308,0,0.247114533035783,0.0128401541977353,0,0.695681557771851,0,0,0.395335108367803,0.972240944716701
TCGA-HT-7603-01A,0,0,0.553864045304275,0.0284447431591253,0,0.4176912115366,0,0,0.270825643627834,1.00059100121555
TCGA-HT-8105-01A,0,0,0.660167397012792,0.0879731476336738,0,0.251859455353534,0,0,0.265665205822453,0.990993789337202
TCGA-P5-A72W-01A,0.058608579923365,0,0.353009318202629,0.00534456187616591,0,0.58303753999784,0,0,0.458760087380978,0.905459201646727
TCGA-DB-5281-01A,1.83973979613269e-05,0,0.527234527765269,0.100312150235315,0,0.372434924601455,0,0,0.40859727623297,0.919923560206607
TCGA-DB-A64S-01A,0.0669865225591317,0,0.234242233951963,0.0281030394297565,0,0.670668204059149,0,0,0.485519909127016,0.898913538829829
TCGA-HT-8109-01A,0.0848070991191369,0,0.521494911899132,0.00577292637161009,0,0.387925062610121,0,0,0.216415235324206,1.02236431557129
TCGA-WY-A85B-01A,0,0,0.193675878688855,0,0,0.806324121311145,0,0,0.488910557391938,0.926364298602221
TCGA-E1-5302-01A,0.0889927289168118,0,0.214716246985657,0.0609020946093089,0,0.635388929488223,0,0,0.387543227305733,0.963502927437007
TCGA-DB-5275-01A,0.0073192785100179,0,0.440406588853307,0.0161649466203446,0,0.536109186016331,0,0,0.295729142757991,1.00404216443155
TCGA-E1-A7YJ-01A,0.0734343237289128,0,0.345556871156541,0.0394495941696274,0,0.541559210944919,0,0,0.483466998012046,0.883422220503315
TCGA-FG-6688-01A,0.0587263483468839,0,0.234033240049789,0.0988705746191619,0,0.608369836984165,0,0,0.275469958004166,1.03096018005453
TCGA-TM-A84M-01A,0.244607930333194,0,0.445011764194491,0.0400186366263638,0,0.270361668845951,0,0.01,0.185062527816864,1.01773399005485
TCGA-HT-A617-01A,0,0,0.209421206733455,0.153685085745666,0,0.636893707520879,0,0,0.35338741024416,0.988299068648088
TCGA-CS-5390-01A,0.0303733441978622,0,0.61513797528232,0.0469783580980927,0,0.307510322421725,0,0,0.228112425147607,1.01052400537985
TCGA-CS-6188-01A,0.054025414504879,0,0.413860388456092,0.138615719904974,0,0.393498477134055,0,0,0.257402453907585,1.00224649510005
TCGA-QH-A6CU-01A,0,0,0.250934992934427,0.0983925161059859,0,0.650672490959587,0,0,0.312413913158356,1.0181535555841
TCGA-S9-A89Z-01A,0.0528826655067242,0,0.269671614479312,0.036539081772706,0,0.640906638241258,0,0,0.464473081718131,0.90956433123181
TCGA-VM-A8CF-01A,0.00360562739010544,0,0.133861455156467,0.0102691862043702,0,0.852263731249057,0,0,0.462219508466815,0.96318756947109
TCGA-DU-A5TP-01A,0.0512221150695447,0,0.183953429348101,0.0459603523324689,0,0.718864103249885,0,0,0.28616092970131,1.05636171810223
TCGA-S9-A7IS-01A,0.174763293101804,0,0.509469389912798,0.0488303697283698,0,0.266936947257028,0,0,0.18997620140463,1.0176377536019
TCGA-VM-A8C8-01A,0.00645347377205843,0,0.241376822168235,0.0125356945559421,0,0.739634009503765,0,0,0.320056527336439,1.03912846043612
TCGA-DB-A4XG-01A,0,0,0.738795888514537,0.0320765295874448,0,0.229127581898018,0,0,0.238785036528879,1.00484492064813
TCGA-S9-A6TS-01A,0.0252742915349741,0,0.428488183837024,0.003169999735418,0,0.543067524892584,0,0,0.502919701745045,0.870813164358836
TCGA-HT-7690-01A,0.0442259165008657,0,0.262338858356165,0.0660977724336588,0,0.627337452709311,0,0,0.461348494730137,0.90949570352828
TCGA-DU-8166-01A,0,0,0.336004176365271,0.00743117616839453,0,0.656564647466335,0,0,0.334167183406634,1.00576478542589
TCGA-HT-7476-01A,0,0,0.554583549234829,0.142940629092721,0,0.30247582167245,0,0,0.414948174487832,0.914293115829642
TCGA-DU-6401-01A,0.0374108781306678,0,0.601981311462837,0.0354442893975644,0,0.325163521008931,0,0,0.404911733100711,0.919548376700107
TCGA-DH-5142-01A,0,0,0.148462049769708,0.0164427166117232,0,0.835095233618568,0,0,0.325802790713613,1.06834161540321
TCGA-DU-6404-01A,0.128385806597421,0,0.493685297325857,0.0850893032397236,0,0.292839592836998,0,0,0.222569840783424,1.00629729031011
TCGA-HT-A614-01A,0.0523929333330015,0,0.36880346152349,0.0362396487009837,0,0.542563956442525,0,0,0.44742684899264,0.907986889194672
TCGA-DB-A4X9-01A,0.0197409863513075,0,0.442588768318762,0.00272284663693058,0,0.534947398693,0,0,0.40905933970954,0.933180100413839
TCGA-DH-A7UT-01A,0.086415464269179,0,0.317945844679582,0.0322757948475393,0,0.5633628962037,0,0,0.350007531323665,0.974080799220754
TCGA-QH-A6CW-01A,0,0,0.345240751341936,0.0106801380041357,0,0.644079110653928,0,0,0.437731593965568,0.930205510842312
TCGA-FG-A4MW-01A,0.0720080907399543,0,0.525751448934858,0.0836371790049536,0,0.318603281320234,0,0,0.353131391152439,0.945605369907752
TCGA-P5-A5ET-01A,0,0,0.642950457880915,0.0469264661368522,0,0.310123075982233,0,0,0.261697947489956,0.995835351124919
TCGA-TM-A84Q-01A,0.0671722193058287,0,0.227824836742449,0.0375218657482103,0,0.667481078203512,0,0,0.221357361704409,1.08277844876938
TCGA-DH-5144-01A,0.0454164306841693,0,0.520274135411318,0,0,0.434309433904513,0,0,0.222196263957584,1.02775152320811
TCGA-E1-5303-01A,0,0,0.232304962391778,0,0,0.767695037608222,0,0,0.361219899014905,1.01796263311572
TCGA-TQ-A7RP-01A,0.0558155740562393,0,0.394689827277844,0.127570256872207,0,0.42192434179371,0,0,0.345230575076516,0.95763280780319
TCGA-E1-5318-01A,0.0147856409184302,0,0.766695942946927,0.0154427419910008,0,0.203075674143642,0,0,0.285512527863294,0.980692659654685
TCGA-S9-A7QY-01A,0.0221803747746643,0,0.558970444795818,0.0277575435887208,0,0.391091636840797,0,0,0.336867963816677,0.960953630774892
TCGA-FG-5962-01B,0.266550990310559,0,0.330650882217771,0.0240886856225768,0,0.378709441849094,0,0,0.194310392878181,1.02742291573847
TCGA-DB-A75K-01A,0,0,0.544515030667908,0.0492469366292286,0,0.406238032702864,0,0,0.277804767445612,0.995127346957486
TCGA-RY-A845-01A,0.00666393155809566,0,0.399176705271881,0.0312215865717442,0,0.562937776598279,0,0,0.47881128186783,0.889283689305565
TCGA-DU-7012-01A,0,0,0.0583911653562049,0.225242829073398,0,0.716366005570397,0,0,0.285834720080096,1.06024163609577
TCGA-HT-A619-01A,0.021424344724087,0,0.940391588801262,0.00636525275762911,0,0.0318188137170219,0,0,0.199291731098293,1.03198850518295
TCGA-DU-6397-01A,0.0710803860451779,0,0.477303424207132,0.0366250841051927,0,0.414991105642497,0,0,0.32633521089863,0.967157476750902
TCGA-DU-A7T6-01A,0.109182693598892,0,0.56771296036096,0.136854841297734,0,0.186249504742415,0,0,0.240507604317946,0.994794958050754
TCGA-E1-A7Z6-01A,0.0420602017246987,0,0.482056492753187,0.0321162801917663,0,0.443767025330348,0,0,0.261404892242461,1.00720079518207
TCGA-DU-7007-01A,0.0577136970770677,0,0.322265005753357,0.166481861072251,0,0.453539436097325,0,0,0.279557181000363,0.998795210499097
TCGA-WH-A86K-01A,0.063125006905527,0,0.512114487006989,0.017412776968153,0,0.407347729119331,0,0,0.46997004478803,0.884700021977019
TCGA-DU-7008-01A,0.147280250741315,0,0.480565455559776,0.00801145164274557,0,0.364142842056163,0,0,0.303144911767936,0.973257731164022
TCGA-HT-7693-01A,0.0123318237291784,0,0.35008245918376,0.116776576317992,0,0.520809140769069,0,0,0.411986831022031,0.929074615079612
TCGA-IK-7675-01A,0.0587205679037768,0,0.499530293356327,0.0310199302998708,0,0.410729208440026,0,0,0.38144013640904,0.936424011018767
TCGA-S9-A7R3-01A,0,0,0.372014650465365,0.00667424627666722,0,0.621311103257968,0,0,0.378329779527239,0.96778767522315
TCGA-HT-7688-01A,0.0671520726804936,0,0.488270231037268,0,0,0.444577696282238,0,0,0.235706797174696,1.02127548505478
TCGA-DH-A7US-01A,0,0,0.400591479516459,0.103587600381071,0,0.49582092010247,0,0,0.354462824812351,0.961841122713369
TCGA-DU-7302-01A,0,0,0.645311973698215,0.0165806780751331,0,0.338107348226652,0,0,0.202154338424804,1.0287244832218
TCGA-KT-A74X-01A,0,0,0.47647608102406,0.0241252369042332,0,0.499398682071707,0,0,0.367150308488535,0.955110951945996
TCGA-CS-6186-01A,0.132591284766358,0,0.363554348875871,0.0193671684220382,0,0.484487197935733,0,0,0.309951372578267,0.984503566210334
TCGA-HW-8321-01A,0,0,0.533717155264102,0.0219563109023093,0,0.444326533833588,0,0,0.359324951580175,0.953776072909047
TCGA-HT-A74J-01A,0.100870004722136,0,0.422581059040701,0.0399193434126522,0,0.436629592824511,0,0,0.370664116161445,0.943783909606748
TCGA-R8-A6ML-01A,0.00543215134847983,0,0.601192108567938,0.0433902471476142,0,0.349985492935968,0,0,0.270376621069596,0.993744715934991
TCGA-DU-6407-01A,0,0,0.471964628462371,0.0456578489391353,0,0.482377522598494,0,0,0.389929297690189,0.938966637956449
TCGA-S9-A89V-01A,0.166807550812965,0,0.434385712669393,0.040558066069905,0,0.358248670447737,0,0,0.283470666721186,0.981649520551189
TCGA-HT-7481-01A,0,0,0.627453254983805,0.00917605831411559,0,0.363370686702079,0,0,0.229906565346341,1.01711691095076
TCGA-DU-A76O-01A,0.118450355582377,0,0.219037012122002,0,0,0.662512632295622,0,0,0.45731525726017,0.919775585368846
TCGA-HT-7877-01A,0,0,0.638320766377554,0.0890413613051628,0,0.272637872317283,0,0,0.276973779957963,0.985927570917903
TCGA-TM-A7C5-01A,0.00293332647788514,0,0.610858248309792,0.0431174451179296,0,0.343090980094393,0,0,0.281091248517565,0.987809304176788
TCGA-DU-5854-01A,0.0301517897824389,0,0.364458800653628,0.0913763624383342,0,0.514013047125599,0,0,0.272149581424583,1.01245922414781
TCGA-DU-A7T8-01A,0.115963034389842,0,0.178094067380446,0.149255686936687,0,0.556687211293025,0,0,0.47946189489204,0.887907822665342
TCGA-DU-7019-01A,0.0513906286634892,0,0.422306403080302,0.0368057484901203,0,0.489497219766088,0,0,0.432620179834573,0.912327833780383
TCGA-DU-7299-01A,0.157029101807215,0,0.29926711393113,0.00585122849305386,0,0.537852555768601,0,0,0.397155498672831,0.940163033827535
TCGA-DU-7006-01A,0,0,0.214706519621025,0.136851963669304,0,0.648441516709671,0,0,0.28313856357023,1.03755782647134
TCGA-S9-A6WH-01A,0.0326269770090761,0,0.634260010899599,0.017652232966607,0,0.315460779124718,0,0,0.224026845232235,1.01372585138686
TCGA-S9-A7QX-01A,0.0666691150344222,0,0.350676069236795,0,0,0.582654815728783,0,0,0.47756868868552,0.892213620395104
TCGA-P5-A736-01A,0.048908578200589,0,0.199294722379957,0.0265949190194025,0,0.725201780400052,0,0,0.411921774539242,0.967282115214716
TCGA-DB-A64U-01A,0,0,0.577929188002256,0.0328254589793221,0,0.389245353018422,0,0,0.277199790715206,0.994045328467391
TCGA-FG-A6J3-01A,0.0144535489047559,0,0.228002565710592,0.0945128900043975,0,0.663030995380254,0,0,0.317062602748136,1.01820431884573
TCGA-E1-A7YW-01A,0,0,0.392080991000063,0.067837735275182,0,0.540081273724755,0,0,0.378426077555562,0.953039066796563
TCGA-DH-A66F-01A,0,0,0.526670629880118,0.0328206946732165,0,0.440508675446665,0,0,0.243291348578624,1.01836382039076
TCGA-FG-7641-01B,0,0,0.705696785137029,0.0276739716818582,0,0.266629243181113,0,0,0.237555425498732,1.00647779734576
TCGA-HW-A5KM-01A,0.018354934284062,0,0.116411414520076,0.0489690240769052,0,0.816264627118957,0,0,0.597571483122173,0.829059557241581
TCGA-P5-A737-01A,0.130429331798638,0,0.29101689361516,0.0176147987141426,0,0.560938975872059,0,0,0.295186151602534,1.00792518239146
TCGA-TQ-A7RI-01A,0,0,0.495581394753896,0.0723338721106586,0,0.432084733135446,0,0,0.352986865860433,0.955683210433339
TCGA-DU-A6S6-01A,0,0,0.667479895081135,0.0429649601218401,0,0.289555144797025,0,0,0.295996604700078,0.977391938236727
TCGA-P5-A731-01A,0.114098210882185,0,0.346124693602677,0.2181881991038,0,0.321588896411338,0,0,0.269560042846572,0.989252255388289
TCGA-DB-A64R-01A,0,0,0.622480535492394,0.0259144300037002,0,0.351605034503906,0,0,0.269009274562873,0.995285873811322
TCGA-QH-A65R-01A,0,0,0.711239983842737,0.0334278457497647,0,0.255332170407498,0,0,0.284313557618674,0.982489252158357
TCGA-HT-A74L-01A,0,0,0.49627068876286,0.0263868159276275,0,0.477342495309512,0,0,0.264547018994386,1.01221570236704
TCGA-CS-4944-01A,0.0679781271798305,0,0.352941390964535,0.020461958507585,0,0.558618523348049,0,0.04,0.0903279520800369,1.12571993996962
TCGA-HT-7676-01A,0,0,0.195270184295325,0.0053518285493412,0,0.799377987155334,0,0,0.403869920786522,0.99477254642176
TCGA-VV-A829-01A,0.208581346649525,0,0.399834546520106,0.0408800813026529,0,0.350704025527716,0,0,0.229841298388123,1.0064210235596
TCGA-P5-A5EU-01A,0.0894000576941871,0,0.432843956274768,0.0895280648631529,0,0.388227921167892,0,0,0.341278286100799,0.95574253739189
TCGA-DU-5872-01A,0.0752106829142814,0,0.435232330568514,0.0270024294930052,0,0.462554557024199,0,0,0.3843822063137,0.938927957091608
TCGA-P5-A72Z-01A,0.0342597883583793,0,0.792375012287415,0.00856333644186011,0,0.164801862912346,0,0.03,0.0934480502689935,1.07137676265744
TCGA-TM-A84J-01A,0.0607654268745815,0,0.709193562193527,0.0933072277574366,0,0.136733783174455,0,0.01,0.160695184901816,1.03570417937082
TCGA-HT-7879-01A,0,0,0.48281266866673,0.0195093873001193,0,0.497677944033151,0,0,0.459048777158682,0.897105759632109
TCGA-HT-A616-01A,0,0,0.523035562071424,0.0422755503701184,0,0.434688887558457,0,0,0.388093257281379,0.935791290889681
TCGA-P5-A5EX-01A,0.0723142911127416,0,0.280095900829795,0.0812802819441468,0,0.566309526113317,0,0,0.319430409562272,0.993601516820219
TCGA-FG-A713-01A,0.0100950817383466,0,0.638615843950503,0.0741520209277557,0,0.277137053383395,0,0,0.227191201296552,1.01029009031358
TCGA-P5-A5F6-01A,0.256910955875238,0,0.458683179403571,0.190036095867997,0,0.0943697688531945,0,0,0.403640927457551,0.915049824640162
TCGA-DH-A7UV-01A,0,0,0.418232038494386,0.0191061306512399,0,0.562661830854374,0,0,0.474476458982682,0.892486981961571
TCGA-S9-A6U1-01A,0,0,0.381215261962988,0.0164538943911955,0,0.602330843645816,0,0,0.410025140835575,0.942420141497449
TCGA-S9-A6U0-01A,0,0,0.57147690306922,0.119624117638942,0,0.308898979291838,0,0,0.400748380998589,0.922127106378453
TCGA-DU-5847-01A,0.0462837303554015,0,0.265366135741184,0.11189207079847,0,0.576458063104945,0,0,0.224465146446944,1.05413079466502
TCGA-S9-A6U5-01A,0.0880536443074446,0,0.244326047481452,0.0328684916154447,0,0.634751816595659,0,0,0.400287135406338,0.954693818508103
TCGA-DU-6394-01A,0.138248585174056,0,0.619191527265463,0.14460964268124,0,0.0979502448792406,0,0,0.26602865473534,0.982059020390298
TCGA-HT-A5RB-01A,0.1494268238151,0,0.563895523896602,0.0333062870694171,0,0.253371365218881,0,0,0.311804676424513,0.961624115479323
TCGA-TM-A84H-01A,0.0882567450705197,0,0.491618279498475,0,0,0.420124975431005,0,0,0.349984892673567,0.954825747315028
TCGA-VM-A8C9-01A,0.119739599437579,0,0.208866679357373,0.0442382920774437,0,0.627155429127604,0,0,0.40387544001871,0.950775286915519
TCGA-P5-A5EY-01A,0.0990803300558764,0,0.408253475108597,0.0610261157446209,0,0.431640079090905,0,0,0.195142430339074,1.0380102073376
TCGA-S9-A7R8-01A,0.175140438952857,0,0.230093250134671,0.00536988179061757,0,0.589396429121855,0,0,0.353085893944479,0.978315928353547
TCGA-HT-7471-01A,0,0,0.376624509540561,0.0814464150141807,0,0.541929075445259,0,0,0.31881693544979,0.990438481118354
TCGA-HW-A5KK-01A,0.0433400350117433,0,0.12891060432735,0.0214034822904351,0,0.806345878370472,0,0,0.277316204311798,1.09475969802032
TCGA-E1-A7YQ-01A,0.0228239805723702,0,0.281459476306028,0.0820590683568743,0,0.613657474764727,0,0,0.462985864783005,0.906315113732922
TCGA-HT-A61B-01A,0.0646880564627318,0,0.175870101870358,0.00507118094147916,0,0.754370660725431,0,0,0.40457216213652,0.981747806861326
TCGA-HT-A74O-01A,0.0173303355798496,0,0.23779215630122,0.0206648281191097,0,0.72421267999982,0,0,0.548876392966586,0.856396408974459
TCGA-HT-7469-01A,0.0837238135974189,0,0.375376741693527,0.0677738601680689,0,0.473125584540985,0,0,0.189781663266267,1.04897668284586
TCGA-DU-7292-01A,0.135867522962457,0,0.52668528251555,0.0733458195519397,0,0.264101374970053,0,0.01,0.166895544771626,1.0294575869156
TCGA-DU-A7TG-01A,0,0,0.419438534846055,0.0267718508996026,0,0.553789614254342,0,0,0.242729351626386,1.03918950919033
TCGA-S9-A7R1-01A,0,0,0.56474011911033,0.087026746006891,0,0.348233134882779,0,0,0.281880371255936,0.987438812065552
TCGA-HT-7689-01A,0.0982909299380945,0,0.264323546302482,0.00741981065959607,0,0.629965713099828,0,0,0.209797644624556,1.07900283868779
TCGA-VM-A8CA-01A,0.0504593639335718,0,0.456110673929286,0.105382661441031,0,0.38804730069611,0,0,0.225857602448186,1.01762745321958
TCGA-DU-8162-01A,0.0946386454262625,0,0.344024519338169,0.0447386460325687,0,0.516598189203,0,0.01,0.176378889275663,1.06598505292086
TCGA-HT-8110-01A,0.00266125501056436,0,0.105089678649714,0.0339366092797181,0,0.858312457060004,0,0,0.440498714472941,0.983618951383196
TCGA-S9-A6U8-01A,0,0,0.380017636768588,0.0146689266587262,0,0.605313436572686,0,0,0.364826018229478,0.973568169188504
TCGA-E1-5305-01A,0.0106153811035469,0,0.48155171046195,0.0384579452742761,0,0.469374963160227,0,0,0.280613552263459,1.0012644588766
TCGA-FG-A60K-01A,0,0,0.360881945436466,0.0299061721652838,0,0.609211882398251,0,0,0.259906186183285,1.04177661129071
TCGA-HT-7687-01A,0.14984465842626,0,0.432311387889208,0.0184765854226074,0,0.399367368261924,0,0,0.286870721171077,0.985098206579529
TCGA-HT-7607-01A,0.137948527825832,0,0.475820836755666,0.0454105746750761,0,0.340820060743426,0,0,0.213593559695406,1.01498768625932
TCGA-DU-5871-01A,0.0615734368526705,0,0.347757066726851,0.00401681868090246,0,0.586652677739576,0,0,0.427263676517222,0.927770958154232
TCGA-IK-8125-01A,0,0,0.546323500552456,0.0405446227000436,0,0.4131318767475,0,0,0.270210701270887,1.00014051062352
TCGA-KT-A7W1-01A,0.0686517333328512,0,0.611780279875811,0.0530404188757644,0,0.266527567915573,0,0,0.285327830869288,0.977935147248648
TCGA-DU-7304-01A,0.0913039141244905,0,0.291932057566991,0.00577233673850561,0,0.610991691570012,0,0,0.259404808510439,1.04260743071231
TCGA-HT-7882-01A,0.00239175855767723,0,0.181064354114014,0.450478309660344,0,0.366065577667964,0,0,0.448165432915123,0.907692482903147
TCGA-HT-7608-01A,0.106508418276906,0,0.331859810749432,0.114621393512878,0,0.447010377460784,0,0.01,0.182093448827061,1.04746319330897
TCGA-FG-8187-01A,0,0,0.430540614398202,0.0498838807206516,0,0.519575504881146,0,0,0.239659292683727,1.03338410064655
TCGA-VM-A8CH-01A,0.0713438924774061,0,0.339213979996154,0.0269933807758679,0,0.562448746750572,0,0,0.503370853171001,0.871516095412148
TCGA-E1-5319-01A,0,0,0.530411766431826,0.0563484319199201,0,0.413239801648254,0,0,0.27629972790534,0.996599188272872
TCGA-DU-6403-01A,0.046497322232425,0,0.216527695447019,0.0259261120381664,0,0.71104887028239,0,0,0.362671038767575,0.999967722382793
TCGA-DU-6392-01A,0.0711878070300718,0,0.381858515066691,0.120689025523962,0,0.426264652379275,0,0,0.356847773285699,0.95109866397645
TCGA-HT-7602-01A,0.160593465982885,0,0.293907004498507,0.00759569638450557,0,0.537903833134102,0,0.01,0.157870256781054,1.08249189666873
TCGA-HW-8322-01A,0.208525177165312,0,0.349247227847584,0.0126319758063756,0,0.429595619180728,0,0,0.213450516267847,1.02725067533128
TCGA-FG-8182-01A,0,0,0.256739432165358,0.000366211151050231,0,0.742894356683591,0,0,0.330290236321154,1.03301658593227
TCGA-DU-8165-01A,0.152049337629978,0,0.238635912003687,0.135110442194505,0,0.47420430817183,0,0,0.355084829269719,0.956687307520303
TCGA-S9-A6UB-01A,0.0230772503257422,0,0.674262378650619,0.0513036931308769,0,0.251356677892762,0,0,0.236040980892166,1.00437749783406
TCGA-HT-A61A-01A,0.181994263988931,0,0.448699121904542,0.0387969673381628,0,0.330509646768364,0,0,0.242626962632078,0.998663877913865
TCGA-DU-A6S3-01A,0.00219892291790312,0,0.778889318394614,0.044335809557272,0,0.174575949130211,0,0,0.219344143326902,1.01395417981929
TCGA-P5-A5F4-01A,0,0,0.585384257928255,0.049554759474692,0,0.365060982597053,0,0,0.309178599654396,0.974580627944738
TCGA-DB-A75M-01A,0.147362550469681,0,0.311066621127344,0.0222164010761943,0,0.519354427326781,0,0,0.337079280307084,0.974197566404843
TCGA-E1-5304-01A,0.29942765401121,0,0.420754397026431,0,0,0.279817948962359,0,0.01,0.144887487892455,1.03635531320017
TCGA-DB-A75L-01A,0,0,0.504490914112187,0.0434818969343037,0,0.45202718895351,0,0,0.349992431615535,0.959634209622161
TCGA-P5-A735-01A,0.0138333673304632,0,0.404438904279692,0,0,0.581727728389845,0,0,0.461679533676947,0.903703957771235
TCGA-DB-5270-01A,0.103830489408713,0,0.24007305565614,0.0851812092464039,0,0.570915245688743,0,0,0.40711965330599,0.938118704394274
TCGA-HT-7470-01A,0.120060893583652,0,0.455890482577586,0.00193536007828141,0,0.422113263760482,0,0,0.272805056089434,0.996502482961203
TCGA-HW-7490-01A,0.001705105057108,0,0.48284150168537,0.0334136537698938,0,0.482039739487628,0,0,0.453118825537966,0.899610388232694
TCGA-HT-8564-01A,0.179656908874278,0,0.268240710892734,0.102914892739545,0,0.449187487493443,0,0,0.293568195612668,0.987347637657106
TCGA-HT-7856-01A,0,0,0.599819515441432,0.0475165974922549,0,0.352663887066313,0,0,0.266442001300023,0.996231680931682
TCGA-HT-7692-01A,0.174053475004485,0,0.449504323673907,0,0,0.376442201321608,0,0,0.276088854537342,0.988035525615506
TCGA-QH-A6CZ-01A,0,0,0.533111259883903,0.0606457421258363,0,0.406242997990261,0,0,0.289603732607932,0.988585097593695
TCGA-TQ-A7RG-01A,0,0,0.410533823422188,0.0432440574441923,0,0.54622211913362,0,0,0.342260372520048,0.976959338774683
TCGA-FG-A4MX-01A,0.103427442009658,0,0.457993172653655,0.0189892470858748,0,0.419590138250812,0,0,0.44384351281516,0.900279889928487
TCGA-HT-A74H-01A,0.0878567566128381,0,0.244875628876256,0.0838533503653418,0,0.583414264145564,0,0,0.212051839316942,1.06286011153217
TCGA-TM-A84I-01A,0.178244180609504,0,0.333841131867735,0,0,0.487914687522761,0,0,0.367863075778636,0.951269366535301
TCGA-HT-7857-01A,0.00101005921377169,0,0.146085129530362,0.104326412473102,0,0.748578398782765,0,0,0.570259082797162,0.841647979122394
TCGA-DB-A75O-01A,0.100528399631363,0,0.234716261273007,0.0054189555937923,0,0.659336383501838,0,0,0.364416646605123,0.986012513541856
TCGA-HT-7874-01A,0,0,0.672632541932049,0.0272184765131837,0,0.300148981554767,0,0,0.233425095206317,1.01004791736131
TCGA-FG-A70Z-01A,0.0513686380048755,0,0.373611633033971,0.114695383358094,0,0.46032434560306,0,0,0.412151524038476,0.922284723554879
TCGA-DU-7301-01A,0.0973451775707929,0,0.230139094170042,0.0116747066532944,0,0.660841021605871,0,0,0.473341535937315,0.906912484180912
TCGA-DU-A7TI-01A,0.11526697469324,0,0.194047069728207,0.00142451215557894,0,0.689261443422974,0,0,0.458010283818911,0.924739440399955
TCGA-FG-A60J-01A,0.121592845752516,0,0.217667682870987,0.067160543957033,0,0.593578927419464,0,0,0.42221735202894,0.931725217813359
TCGA-HT-7474-01A,0.0558082455055701,0,0.500974883076123,0.0511170115410155,0,0.392099859877291,0,0,0.27813830410808,0.990997587165377
TCGA-DB-A64L-01A,0,0,0.481904355538152,0.00139047143276331,0,0.516705173029085,0,0,0.276293487943645,1.01274956834257
TCGA-CS-4942-01A,0.0771745028034941,0,0.107415042750715,0.00204778202783172,0,0.813362672417959,0,0,0.501094621729155,0.919434826895652
TCGA-DU-8161-01A,0.0592810459055308,0,0.190167702222125,0.0678029183558682,0,0.682748333516476,0,0,0.19134194268831,1.10678061552195
TCGA-QH-A65X-01A,0.0760186153175361,0,0.688802023792073,0.0359576872916031,0,0.199221673598788,0,0,0.367031418411109,0.935988110359952
TCGA-HT-7468-01A,0,0,0.538559840750174,0.0244349329487673,0,0.437005226301058,0,0,0.240884084392509,1.01939647388629
TCGA-VW-A8FI-01A,0.125095844629011,0,0.341677884634732,0.0339455828949759,0,0.499280687841281,0,0,0.425786555466944,0.916852971879258
TCGA-DB-5277-01A,0.0633060581552779,0,0.427114836571856,0.0315823621080259,0,0.47799674316484,0,0,0.357178624833005,0.956885079691454
TCGA-FG-8181-01A,0.201409453346933,0,0.42509437557632,0.0228966179676769,0,0.35059955310907,0,0.02,0.140632272872271,1.04931176357223
TCGA-DB-A4XE-01A,0.168557766150609,0,0.358698093108693,0.0255003770352215,0,0.447243763705477,0,0,0.322307084404276,0.971613039389767
TCGA-DU-7290-01A,0.148074296327665,0,0.222215163200031,0.0802033708136851,0,0.549507169658619,0,0,0.300297190107953,1.00181534975268
TCGA-P5-A77X-01A,0.044895652959217,0,0.645333999228325,0.0183971605268281,0,0.29137318728563,0,0,0.226431741787691,1.01015273837248
TCGA-RY-A843-01A,0.14474303903376,0,0.427493848328903,0.00759722591596083,0,0.420165886721376,0,0,0.389884606232362,0.931239069936444
TCGA-QH-A65V-01A,0,0,0.403371886078493,0.0678197547532062,0,0.528808359168301,0,0,0.387244532889887,0.94589955995075
TCGA-S9-A7R7-01A,0,0,0.239436569823958,0.117136895559313,0,0.643426534616729,0,0,0.370046449703863,0.9775902188553
TCGA-HT-7610-01A,0,0,0.533100699974771,0.0222284638217675,0,0.444670836203461,0,0,0.231545738178133,1.02561943740873
TCGA-DU-7009-01A,0,0,0.682983763855803,0.0450305784160763,0,0.27198565772812,0,0,0.264470920399761,0.992753396690683
TCGA-DB-5274-01A,0,0,0.515729310491443,0.060154252471981,0,0.424116437036576,0,0,0.344646486021159,0.959789061643049
TCGA-FG-8191-01A,0.166883942091751,0,0.234797072360038,0.0100995535810115,0,0.5882194319672,0,0,0.215272025835697,1.063928125515
TCGA-TM-A84L-01A,0,0,0.286532199536896,0.0168722111433451,0,0.696595589319759,0,0,0.480547785258981,0.907504725756454
TCGA-EZ-7264-01A,0,0,0.553117729194857,0.0306980392222602,0,0.416184231582883,0,0,0.189553828095635,1.04353604034418
TCGA-QH-A870-01A,0.245280373445153,0,0.430539180195293,0.00645262407266199,0,0.317727822286892,0,0,0.245019976868344,0.99564946532654
TCGA-QH-A6XA-01A,0,0,0.36420585068947,0.00879947621356476,0,0.626994673096965,0,0,0.372871354898789,0.972614758269628
TCGA-HT-7611-01A,0,0,0.304281343342145,0.0141420428139088,0,0.681576613843946,0,0,0.371199518238631,0.986014186830328
TCGA-FG-6690-01A,0.156001521770054,0,0.218835113911118,0.0139350191575683,0,0.61122834516126,0,0,0.347552218992692,0.986432271232456
TCGA-HT-7681-01A,0.135864768849895,0,0.414111438484952,0.0284356233551252,0,0.421588169310029,0,0,0.34380825546345,0.956973677856079
TCGA-DU-6408-01A,0.149610578191227,0,0.199382697310295,0.000746124833493753,0,0.650260599664984,0,0,0.304424062127338,1.02553609202213
TCGA-RY-A840-01A,0.233214225971424,0,0.436626960484355,0.0154210064873979,0,0.314737807056823,0,0,0.29952238026859,0.969205355564278
TCGA-HT-A5RC-01A,0.0565551255626693,0,0.412467799840978,0.135296558250226,0,0.395680516346127,0,0,0.189176125966252,1.03738066782557
TCGA-HT-7860-01A,0.0496726290082505,0,0.379930778598387,0.0460143307665135,0,0.524382261626849,0,0,0.271129457394441,1.01482121355703
TCGA-E1-A7YH-01A,0.0686946249219591,0,0.426030894818535,0.0251489588068943,0,0.480125521452611,0,0,0.348558517050338,0.962235152787276
TCGA-S9-A6WM-01A,0.079481438064489,0,0.442896326883853,0.172993103947699,0,0.304629131103959,0,0,0.318914378509692,0.963010151043411
TCGA-S9-A6U6-01A,0,0,0.427196160667173,0,0,0.572803839332827,0,0,0.390047525482265,0.951412341994152
TCGA-HW-7489-01A,0.026056482561147,0,0.393311573387063,0.0160942637624677,0,0.564537680289322,0,0,0.321963953289768,0.992894767215051
TCGA-QH-A65S-01A,0,0,0.303517997821971,0.0242938253887369,0,0.672188176789292,0,0,0.361140113580236,0.99061807211101
TCGA-QH-A6CS-01A,0.139687589274321,0,0.19903624079917,0.0935384727874297,0,0.567737697139079,0,0.04,0.0831402934127653,1.13180664506959
TCGA-S9-A6UA-01A,0.0246368098446887,0,0.115803523352717,0.186189603276782,0,0.673370063525812,0,0,0.601455115635633,0.805359434915501
TCGA-S9-A6TW-01A,0.0959722162563169,0,0.660396916939285,0.0516564528813795,0,0.191974413923018,0,0,0.306956919982477,0.964490152928839
TCGA-S9-A7J2-01A,0,0,0.602782985066021,0.0418810767668443,0,0.355335938167135,0,0,0.37220093320715,0.939801250844297
TCGA-DU-5870-01A,0.0445387455967188,0,0.474243587675132,0.0573508970552439,0,0.423866769672906,0,0,0.342035043605436,0.959824411543409
TCGA-DB-A64P-01A,0,0,0.612373742318663,0.0855618546402,0,0.302064403041137,0,0,0.310949557867443,0.96969900428001
TCGA-DU-7014-01A,0.0695288693954693,0,0.547839730339101,0.0301553124786562,0,0.352476087786773,0,0,0.286529728653856,0.982761939530337
TCGA-HT-7884-01B,0,0,0.583103344583846,0.042827051224737,0,0.374069604191417,0,0,0.269641939077632,0.996442438049744
