Mixture,CD4 T,CD8 T,Cancer Cells,DC,Fibroblasts,Monocytes,NK,P-value,Correlation,RMSE
TCGA-BC-A10Z-01A,0.0411004712803353,0,0.271035721553391,0.00819035500825394,0.432871633918578,0.246801818239442,0,0.01,0.168316731047704,1.16026092390187
TCGA-DD-AAEK-01A,0.117496256083402,0.0633636901986673,0.254209083685405,0.0230842592749776,0.304611177854623,0.237235532902924,0,0.01,0.148115697008944,1.09872234410769
TCGA-G3-A3CK-01A,0.0159606093656414,0.0755938933666573,0.337562450008809,0.00603259817692683,0.256864461903149,0.307985987178817,0,0.01,0.175015410951029,1.09882071500034
TCGA-DD-A1EJ-01A,0,0,0.311781846923118,0,0.210563422267263,0.477654730809619,0,0.01,0.133871601380061,1.17400988321543
TCGA-DD-AACU-01A,0.0233633994747148,0.0349158697893832,0.399267154347963,0.0107108799001594,0.374679353553916,0.157063342933864,0,0.01,0.148437030979037,1.14570013278294
TCGA-ZS-A9CE-01A,0.00618036446726369,0,0.539482642920236,0,0.371102155648021,0.0832348369644797,0,0.01,0.0912882152627026,1.21419259311796
TCGA-2Y-A9H2-01A,0.0249019473303067,0.00457309837703398,0.520817232266098,0,0.276436902757748,0.167113521023842,0.00615729824497194,0,0.342688310096118,1.0082051895053
TCGA-CC-5261-01A,0.104645137026319,0.022963053202372,0.300454478352764,0.0201796431428955,0.446852932737117,0.104904755538533,0,0.01,0.200748614610192,1.12107081328502
TCGA-DD-AADP-01A,0.043701987817893,0.0176351610634747,0.370449832137306,0.00960283137221379,0.362771892615871,0.195838294993242,0,0.01,0.115705092309894,1.16080475085501
TCGA-2Y-A9H4-01A,0.0237962967597575,0.0108183792567923,0.39072237196513,0.0392432123482462,0.348357308386665,0.182927948406942,0.00413448287646616,0.01,0.0904027222053761,1.17109852868739
TCGA-DD-A1EA-01A,0,0.0583582983822234,0.446385117274784,0.00940646183963193,0.208935779198063,0.276914343305298,0,0.01,0.160767653356475,1.10611933832261
TCGA-CC-A3MC-01A,0,0.0087976645338808,0.448497098543896,0,0.405711434486375,0.136993802435848,0,0.01,0.16085277920635,1.16678293064466
TCGA-FV-A2QR-01A,0,0.0146457596356818,0.226437718380158,0,0.524466080168904,0.234450441815256,0,0.01,0.156914676600364,1.21768971707527
TCGA-EP-A26S-01A,0.0118603136263785,0,0.332621125452805,0.0167679680114998,0.371814361202798,0.244657555303471,0.0222786764030475,0.01,0.128444454851,1.16268642379584
TCGA-K7-AAU7-01A,0,0.0209647626684503,0.458709342941197,0,0.349678771242307,0.170647123148046,0,0.01,0.278055820847439,1.06647650500869
TCGA-G3-A25T-01A,0,0.0138280411370572,0.449557193535235,0.00773466774578689,0.362611661506354,0.166268436075567,0,0.01,0.279498099483812,1.06849194540487
TCGA-DD-AADB-01A,0.0559612756521932,0.102078177910207,0.288194827330823,0.0463826867268166,0.299929199491404,0.207453832888556,0,0.01,0.105619646828497,1.1184391398553
TCGA-UB-A7MA-01A,0,0.00196224226062979,0.456833707052422,0,0.415794658605524,0.125409392081424,0,0.01,0.0926200995792118,1.2187372681845
TCGA-DD-AAD0-01A,0,0.00589809464654508,0.572091540053949,0,0.181996137160012,0.240014228139494,0,0.01,0.105505879930708,1.16040350906886
TCGA-BC-4072-01B,0.0165822862113443,0.043492436171028,0.316564043153085,0.00768791993421429,0.357637340773786,0.258035973756542,0,0.01,0.190303644316566,1.11515142265082
TCGA-DD-AACD-01A,0.0369520338669332,0.0198689718696773,0.386994277480609,0.0266933003765572,0.262334038719965,0.26501761602751,0.00213976165874856,0.01,0.134190578691963,1.12403204760228
TCGA-DD-A3A5-01A,0.024487543127246,0.0314812780205371,0.251568499290396,0.010825199854471,0.543413925498517,0.138223554208833,0,0.01,0.148643899221671,1.21795560381723
TCGA-ZP-A9D1-01A,0.0539508768086758,0.0443822026172018,0.260811199077362,0,0.442282249597294,0.198573471899467,0,0.01,0.190809927065863,1.13508127488552
TCGA-ZP-A9D0-01A,0,0.00577263617973995,0.500334601310965,0.00961284546846824,0.374720592836509,0.109559324204318,0,0.01,0.135979156766256,1.17700655316432
TCGA-CC-A7IK-01A,0,0,0.44479215084765,0,0.424725865251604,0.130481983900746,0,0.01,0.100939603450608,1.21626299949804
TCGA-WQ-AB4B-01A,0.0138930633518649,0.0180232972587757,0.431014322080187,0.00127565733626705,0.342432585454553,0.193361074518353,0,0.01,0.119190111936726,1.16383207528663
TCGA-FV-A4ZQ-01A,0.0374705965453715,0.177377644304286,0.19303467369865,0.0495403367844205,0.107402183377705,0.435174565289567,0,0.01,0.159236718918428,1.0970018411522
TCGA-G3-A25S-01A,0,0.0268693932249219,0.391508465083479,0,0.138049626482128,0.443572515209471,0,0.01,0.136217577163959,1.14947103806998
TCGA-NI-A4U2-01A,0.00731232858662181,0.00652064671131178,0.314374473307889,0.00522440137888101,0.516633447543782,0.149934702471515,0,0.02,0.0675217816241435,1.27063488830558
TCGA-RC-A7SK-01A,0,0.00129609705324236,0.603713956164538,0,0.315962097492838,0.0790278492893816,0,0.01,0.084891951695351,1.21222266594513
TCGA-DD-AADS-01A,0.0767113362077488,0.0543461407956629,0.297010998527886,0.0374069315091597,0.172598109244819,0.358283050619222,0.0036434330955011,0.02,0.0725688045465903,1.14013330838767
TCGA-DD-A73F-01A,0.0920710731819305,0.120444787421764,0.180442792125924,0.0194611910218189,0.2715161197177,0.316064036530862,0,0.01,0.122585284620177,1.11393982033483
TCGA-DD-A11C-01A,0.0485326187148022,0.0135561614891847,0.175506370955817,0.00106293495691286,0.579669749200381,0.181672164682902,0,0.01,0.172210627210626,1.22510283210043
TCGA-FV-A23B-01A,0.0511255427089322,0.0180493361351171,0.360883401249327,0.0224330489866363,0.309755989593532,0.22311763231939,0.0146350490070653,0.01,0.0958154065132288,1.14926815803665
TCGA-DD-AADD-01A,0,0.0430539857048611,0.44337827246881,0,0.21457299196983,0.298994749856499,0,0.01,0.124963591163294,1.13565443169576
TCGA-DD-AACO-01A,0.0614276782863863,0.00232692381426668,0.344581285046406,0.0378695322256081,0.307149930311036,0.246644650316297,0,0.03,0.0595238616184952,1.17278422285605
TCGA-RC-A6M3-01A,0.0357328896471235,0,0.613107860116218,0,0.199062793205499,0.150686732627551,0.00140972440360909,0.01,0.177041037182687,1.11731306207101
TCGA-DD-AAED-01A,0.0325757124360792,0.0115999700284362,0.695884019504868,0,0.051681279145041,0.208259018885576,0,0.01,0.106081475616164,1.16768022723914
TCGA-BC-A10X-01A,0,0.0236521383962722,0.227670385695066,0,0.518476353243898,0.230201122664764,0,0.01,0.170804127756875,1.20223991931749
TCGA-DD-AAVP-01A,0,0.0187696238168078,0.356988518621689,0.00086424529016449,0.359146614425342,0.249698926218751,0.0145320716272454,0.01,0.112377267787761,1.17240971802022
TCGA-MI-A75C-01A,0.0138212909688767,0,0.476959533538495,0,0.161976110882831,0.338186628471845,0.00905643613795258,0.01,0.1888364616676,1.10294316849261
TCGA-DD-A39W-01A,0.0578181215221625,0.00327643222558867,0.294597648788131,0,0.403188841110672,0.227468941381231,0.0136500149722146,0.02,0.0683678699269555,1.20442221138916
TCGA-DD-A4NA-01A,0.0284692272067702,0.00112889210656773,0.397591557748781,0,0.375687199003722,0.179536035468944,0.0175870884652153,0.01,0.33248657573905,1.02708188766028
TCGA-DD-AAVY-01A,0.0535896757270072,0,0.233852331634596,0.012689263120982,0.271464288348204,0.42840444116921,0,0.01,0.162794223530982,1.14228977079544
TCGA-DD-A1EC-01A,0.0629970842072865,0.104910485516758,0.255028455106983,0.0744543689438114,0.183275953883272,0.265611864138165,0.0537217882037247,0.01,0.138266381088995,1.07190496435116
TCGA-5C-AAPD-01A,0.0303485237762401,0.0489857316954229,0.275425452477654,0.0582064404823713,0.25763080832636,0.32876340382338,0.00063963941857212,0.01,0.159928107724555,1.10572263468115
TCGA-BC-4073-01B,0,0.075128905028841,0.219396268545479,0.0297468299411528,0.251766876859401,0.423961119625126,0,0.01,0.159711412280483,1.13213274554893
TCGA-WQ-A9G7-01A,0,0.0126714558183506,0.588943219302573,0.0192904970919003,0.245244772971043,0.133850054816133,0,0.01,0.125917879158563,1.154697292425
TCGA-CC-A7II-01A,0,0,0.308412304712507,0,0.495217455871781,0.196370239415712,0,0.01,0.135573580229555,1.21851627241157
TCGA-CC-A8HS-01A,0,0.0338207394702359,0.527062550719874,0.0200972837822421,0.417401077955128,0.0016183480725198,0,0.02,0.0765085719084029,1.23883075392295
TCGA-DD-AAEA-01A,0.0615776129889704,0.0708964513569948,0.408332234359198,0.021151552812851,0.204786002971422,0.233256145510564,0,0.02,0.068872069176132,1.13339768800901
TCGA-DD-A4ND-01A,0.0274133557786404,0.0366316576861315,0.113658044752701,0.00217724320349133,0.639151642276454,0.180968056302582,0,0.01,0.15691141694543,1.27518216638339
TCGA-ZP-A9D2-01A,0.012208206626903,0.0141624351650107,0.379974892470307,0.00291390352028265,0.424807985059478,0.165932577158019,0,0.01,0.261293398068172,1.0955992359053
TCGA-DD-AADI-01A,0.0566378998015908,0.0610423519892116,0.347000979601907,0.0246804426602342,0.280012575503896,0.230625750443161,0,0.01,0.161369262643169,1.09590699610876
TCGA-2Y-A9GX-01A,0.0562047683389701,0.0332800190476718,0.111331746193345,0.00521137946226483,0.506857299274343,0.287114787683405,0,0.01,0.28057603803384,1.11458734332401
TCGA-DD-AACY-01A,0.0245818389378438,0.0238410114009277,0.367421275663326,0.00771889162199454,0.416596403201973,0.159840579173935,0,0.01,0.116702814775801,1.18307193464265
TCGA-DD-A73D-01A,0.0674933821786981,0.0529176991970664,0.194536656225,0.0281800700562728,0.358443057872646,0.274383526205584,0.0240456082647325,0.01,0.083792125570895,1.16495570814053
TCGA-DD-AAE9-01A,0.0100223812085616,0.0364205609884613,0.401031336716182,0,0.123325080868211,0.429200640218584,0,0.01,0.130066189046415,1.14493431829714
TCGA-ED-A7XO-01A,0.00305332267406067,0.0155090047270013,0.232873482544914,0.0122343533397424,0.467813993146286,0.268515843567995,0,0.01,0.113718319209758,1.21919245311993
TCGA-DD-AADM-01A,0.015163562034237,0.00410411620300562,0.366847332335728,0,0.341535905002008,0.272349084425021,0,0.01,0.108884953691784,1.17493193586676
TCGA-FV-A3R3-01A,0.00341116202000002,0.0315197072517922,0.121868502103952,0.0110980976855434,0.565419367399328,0.264406586367756,0.00227657717162816,0.01,0.138264065354181,1.25479584733769
TCGA-DD-AACL-01A,0.0335143306943931,0.0483087869884451,0.128246449270626,0.0456190947640017,0.181482788377099,0.562828549905435,0,0.01,0.193734568333301,1.14903623710596
TCGA-DD-A4NJ-01A,0,0.0200088264664608,0.323763925415569,0.0185918341344721,0.376314723582632,0.261320690400867,0,0.01,0.159261549013789,1.14844465134567
TCGA-DD-AADU-01A,0.0592139444157276,0,0.392012888998761,0.0116968720496239,0.171972699463036,0.365103595072852,0,0.01,0.117429676452976,1.13738905242566
TCGA-CC-A7IF-01A,0,0,0.465939605785693,0.0326687288476682,0.413652411438041,0.0877392539285985,0,0.03,0.0586466323250691,1.23594861862205
TCGA-CC-A5UE-01A,0.0358484851298162,0.00391787571092176,0.319515125520162,0,0.204002487357361,0.436716026281739,0,0.01,0.174775892899501,1.12699526062307
TCGA-DD-AAVW-01A,0.0766997346190519,0.00823931532441889,0.202379252093687,0.0259111115458742,0.537943053585697,0.148827532831271,0,0.01,0.202977009114175,1.16913693337879
TCGA-CC-A9FW-01A,0,0.0701273820964639,0.246073247869838,0.0179434290344252,0.243804605158848,0.422051335840425,0,0.01,0.12993976873358,1.15006295133973
TCGA-DD-A4NQ-01A,0,0.0196684583331083,0.464261102751408,0,0.234382843639247,0.281687595276237,0,0.01,0.181602148582827,1.10941714712656
TCGA-DD-A3A7-01A,0,0.0481794014405554,0.400849990749892,0,0.235293237791288,0.315677370018265,0,0.01,0.136893979647659,1.13063685857052
TCGA-EP-A2KA-01A,0.0194914603152302,0.0790152236742127,0.369091790819047,0.0137501291154741,0.195156014462083,0.323495381613952,0,0.01,0.173560586712689,1.09011044034438
TCGA-ED-A7PZ-01A,0,0.00113309408029775,0.514430862578671,0,0.303292852711453,0.181143190629578,0,0.01,0.0815639288179897,1.19138614096025
TCGA-G3-A25U-01A,0.0107311919219275,0.0163150979674111,0.402098457409726,0.0119463246954035,0.443470759759644,0.115438168245888,0,0.01,0.110844891746903,1.20563778309866
TCGA-RC-A7SH-01A,0.00900038911803044,0.00901997561317122,0.717008064526816,0.00452138994412343,0.221583013535952,0.0388671672619065,0,0.03,0.0600359813586151,1.23002849161782
TCGA-G3-AAV1-01A,0.040438820929279,0.0128222417490939,0.282910360034585,0.00548380702947867,0.343980205536983,0.314364564720581,0,0.01,0.164617010291532,1.13640282856771
TCGA-2Y-A9GZ-01A,0,0,0.528993317093235,0,0.382380002152,0.0886266807547649,0,0.01,0.161168550327319,1.17177756799781
TCGA-DD-AA3A-01A,0.033684975471759,0.00222501450683477,0.450603701571619,0,0.355181670977033,0.158304637472754,0,0,0.359012262600704,1.00755982975924
TCGA-2Y-A9HA-01A,0,0.00443201646919923,0.42792642430122,0,0.358997039559486,0.208644519670095,0,0.01,0.111433808818794,1.18143687555557
TCGA-DD-AADK-01A,0.0565897563936708,0.0198787707917596,0.350408279288132,0.0297671682418507,0.320366955227882,0.222989070056706,0,0.01,0.115058513095866,1.14095326748998
TCGA-G3-A5SI-01A,0,0.00061513858577531,0.564635510303292,0,0.364807892310137,0.069941458800796,0,0.01,0.0836209944678065,1.22351102050978
TCGA-DD-A4NI-01A,0.0639981446081511,0.0841383063858545,0.24544580212816,0.0221317924761838,0.33425675533545,0.249731008092086,0.000298190974113981,0.01,0.11934201370056,1.13085590441272
TCGA-DD-A73A-01A,0.0668729806903532,0.0434226098306709,0.28808585493737,0,0.24347829657327,0.353154740395915,0.00498551757242124,0.01,0.133700720471444,1.12510892225132
TCGA-MR-A8JO-01A,0.0252338045011586,0.0377677240173054,0.0827560110062175,0.0175523640423304,0.558234770481704,0.272451989770027,0.00600333618125665,0.01,0.282282450855253,1.13978587715208
TCGA-5R-AA1C-01A,0,0.0267100256664676,0.37899669837135,0,0.289414206227321,0.304879069734861,0,0.01,0.247284083472201,1.07446481488788
TCGA-ZS-A9CG-01A,0,0.022946281296504,0.245137544979212,0.0212692693932906,0.412057584997188,0.293098063316389,0.00549125601741622,0.01,0.124110912498332,1.18662424062627
TCGA-DD-A4NH-01A,0,0.00734883499477511,0.480934316879264,0,0.218340299697951,0.29337654842801,0,0,0.344736742717796,1.00448731623071
TCGA-FV-A4ZP-01A,0,0.0176156034070293,0.446282343735131,0.0142327610358017,0.14823429591679,0.373071094360119,0.000563901545129115,0.01,0.156481677938986,1.12374610986454
TCGA-DD-AACJ-01A,0.00670582173208206,0.00512329800194778,0.468384423046569,0.00243425746759909,0.24316049736219,0.274191702389613,0,0.01,0.101613704230963,1.16114399362144
TCGA-DD-AAVZ-01A,0.0213479606347742,0.0196576156108458,0.504254006453622,0.0212576664053918,0.308470986761211,0.125011764134156,0,0.01,0.0923890027401541,1.17155687622626
TCGA-DD-AAVR-01A,0.0632824443412286,0.0349486690464299,0.204896954661292,0.018180078648907,0.378000917091387,0.300690936210756,0,0.01,0.137592679686735,1.15350113180913
TCGA-RC-A7SB-01A,0.00676818290230625,0.00560740267381795,0.475756033001974,0,0.273210565762519,0.238657815659382,0,0.01,0.116402357203524,1.15699343337891
TCGA-3K-AAZ8-01A,0.0692704868155648,0.0521246907006593,0.394533336368241,0,0.333721542854184,0.150349943261351,0,0.01,0.111687558809719,1.14296528351395
TCGA-DD-AADA-01A,0.104689886573934,0.0560838342641177,0.232986167513846,0.0102351562901006,0.414339024750588,0.181665930607413,0,0.01,0.0960105845989452,1.16912781039083
TCGA-G3-A25X-01A,0,0.0371482539274197,0.297897293304623,0.020968558872214,0.31018004139017,0.323644994927329,0.0101608575782446,0.01,0.272678380918806,1.05643624639143
TCGA-EP-A3RK-01A,0.0443206419187713,0.0644600587338091,0.186875154261523,0.0245639714956085,0.224620140391998,0.45516003319829,0,0.01,0.286414735183065,1.04988848194338
TCGA-2Y-A9H5-01A,0.0418276311141123,0.00519392127100035,0.348723367167003,0,0.517449689300033,0.0868053911478516,0,0.01,0.0914394376792247,1.25179029658869
TCGA-UB-A7MF-01A,0.0767460828078235,0.110905425577065,0.18598413456352,0.0335796625834104,0.191699630010502,0.388022935978234,0.0130621284794446,0.01,0.141109626927753,1.1047529265259
TCGA-BC-A10R-01A,0,0,0.21223192622725,0,0.631724779232329,0.156043294540421,0,0.01,0.205713552400068,1.24253342908286
TCGA-ED-A459-01A,0,0.015635368316808,0.454003258673091,0,0.255308722412567,0.275052650597535,0,0.01,0.164846077348913,1.12328377432306
TCGA-KR-A7K7-01A,0.0299075690622453,0.0564359363860186,0.421957320370875,0.00589969722333025,0.0995163301889837,0.386283146768548,0,0.01,0.197460662905152,1.08568240515785
TCGA-XR-A8TC-01A,0,0,0.527763705603408,0,0.413270454456448,0.0589658399401443,0,0.01,0.088742782384013,1.23475333251916
TCGA-G3-A3CG-01A,0.00514424442455816,0.0236574931939442,0.413477088018526,0,0.40256549436086,0.155155680002111,0,0.01,0.131981412764216,1.17652488472169
TCGA-BC-A112-01A,0,0,0.356618567365548,0,0.474012600133225,0.169368832501227,0,0.01,0.22886866215757,1.1436322418945
TCGA-ED-A4XI-01A,0.00770947918714733,0.0327713829459517,0.210522750332909,0.00311351533016972,0.508503879604744,0.237378992599079,0,0.01,0.155987232764632,1.20437075610644
TCGA-2Y-A9GT-01A,0.0875906946982836,0.116324960650151,0.201009247695503,0.0104052076059028,0.338166212411743,0.246503676938416,0,0.01,0.148871843720308,1.10811368622392
TCGA-DD-AACX-01A,0.00224184207385435,0.0069645270582001,0.557678671172751,0,0.149884812115401,0.283230147579793,0,0.01,0.13671879553068,1.13862174972706
TCGA-DD-A1EB-01A,0,0.0606278288991377,0.401591783481093,0.00411548279455038,0.442865633426145,0.0907992713990747,0,0.01,0.0982259553230235,1.20825211613394
TCGA-DD-AACE-01A,0.00628220475198452,0.00802251586431997,0.331859635538671,0,0.567096592921514,0.0867390509235107,0,0.01,0.0885235875537904,1.28891192935734
TCGA-2Y-A9H9-01A,0.00717925367677217,0.0104838455839717,0.445143486299216,0.0173962445555966,0.366350205262005,0.153446964622438,0,0.01,0.109993299149052,1.17863948356101
TCGA-CC-5262-01A,0,0.0263931693920488,0.187867269493768,0,0.458051296558102,0.3229190033858,0.00476926117028148,0.01,0.218345926539503,1.15125793652042
TCGA-G3-AAV2-01A,0,0.00829317118631899,0.497784646747894,0.00905106111842515,0.365404851871652,0.119466269075711,0,0.01,0.0851928116560522,1.20480157630115
TCGA-DD-A4NN-01A,0,0.0110041683975343,0.4642686264084,0.00430254985331836,0.444610943429188,0.0758137119115592,0,0.02,0.0641904956974469,1.25076727224125
TCGA-DD-AACZ-01A,0,0.0872946001513152,0.0458647068346042,0.0213689636689453,0.15178895607099,0.687867167747368,0.00581560552677729,0.01,0.249992297866871,1.17020890882195
TCGA-DD-AAE0-01A,0.0313797145210545,0.00509567163925262,0.470468259683804,0.0323391984158416,0.291401482661118,0.169315673078929,0,0.01,0.158652769289491,1.12105621260584
TCGA-YA-A8S7-01A,0,0.0238433316361484,0.143272749391721,0.00714889169939152,0.27870048317511,0.547034544097629,0,0,0.452172263889521,0.971865467739368
TCGA-2Y-A9GY-01A,0.0205831088131985,0.0733593189388142,0.255755324757736,0.0354999420038878,0.080582075286435,0.532348232626189,0.00187199757373883,0.01,0.208110737286684,1.11227177219653
TCGA-UB-A7ME-01A,0.0527600249559451,0.0475788733598824,0.367505217128497,0.0552046558697471,0.319673811296152,0.157277417389777,0,0.01,0.090947763892342,1.14273023167064
TCGA-ED-A8O6-01A,0,0,0.50850831840315,0.0250999196051991,0.279624903247823,0.186766858743828,0,0.01,0.104515120667957,1.16513301099633
TCGA-ZP-A9D4-01A,0.0199738472803883,0.0185634993009395,0.355783203266209,0.0096773188626805,0.356041367980407,0.237849906921617,0.0021108563877596,0.01,0.127376076872787,1.1575871754771
TCGA-DD-A1EH-01A,0.00643819033412512,0,0.379229913225216,0,0.490670998052274,0.123660898388385,0,0.01,0.151038932082644,1.20652714789563
TCGA-DD-A11A-01A,0,0.0119912464133242,0.476550336678155,0,0.326528042021028,0.184930374887493,0,0.01,0.108220587852939,1.17464273151248
TCGA-RC-A7SF-01A,0.0484673417182969,0.018487180413916,0.345688002492926,0.00558750775661483,0.427159449525751,0.151500250823263,0.00311026726923185,0.01,0.0815349509237683,1.20449678786337
TCGA-HP-A5N0-01A,0,0.0271919275576438,0.203119326769764,0.00906311099297866,0.609666809259903,0.15095882541971,0,0.01,0.153591206269642,1.26041715705141
TCGA-DD-A73E-01A,0,0.0155807454792373,0.407282765659586,0.0180866260034459,0.440263007313161,0.109394631529947,0.00939222401462262,0.01,0.124263851843876,1.19512503357195
TCGA-G3-A5SL-01A,0.0161363732957789,0.00585398319721392,0.482049958143198,0.000220034104674126,0.343398499248185,0.15234115201095,0,0.01,0.118903372995134,1.17173416218217
TCGA-2Y-A9H6-01A,0.0886403833104805,0.0237085303714803,0.249088629518756,0.00186398568335137,0.435621263581062,0.20107720753487,0,0.01,0.10901126331657,1.18276873657966
TCGA-WX-AA47-01A,0.0102336987518269,0.014058984880204,0.532683524927623,0,0.256324711167389,0.186699080272957,0,0.01,0.154854242574053,1.13127263345828
TCGA-MR-A520-01A,0,0.025316920281643,0.428902636995306,0.00543107970470514,0.376123285352718,0.164226077665628,0,0.01,0.101908534779743,1.18633229981972
TCGA-DD-A3A1-01A,0,0.0189424955041255,0.407397400368305,0,0.159567458328745,0.41058354585773,0.00350909994109364,0.01,0.175273161581496,1.12016563298244
TCGA-DD-AADF-01A,0.0226510771185905,0.0956587990200829,0.340938203078446,0.00540572745163779,0.348831219602005,0.186514973729237,0,0.02,0.070056816156012,1.16921364171513
TCGA-G3-A7M7-01A,0.0154338718662314,0,0.419489521990107,0.00665522507597655,0.342534719099051,0.215886661968634,0,0.01,0.150025952823429,1.14741240054477
TCGA-DD-AADQ-01A,0.0332623213004709,0.0355279338464218,0.520376180510291,0.0485066066778192,0.243368780948168,0.11895817671683,0,0.01,0.148231224516141,1.11324040851702
TCGA-DD-AAVX-01A,0.0348227838793782,0.0344299607470626,0.369926146280867,0.00686309921092064,0.301417633115133,0.250254808010725,0.00228556875591321,0.01,0.140269332987937,1.12850160183536
TCGA-MI-A75E-01A,0.0232563441098557,0.0286734233328533,0.323288990917903,0.0172527592958222,0.390271619744016,0.21725686259955,0,0.01,0.132718110817821,1.1600533516447
TCGA-GJ-A3OU-01A,0.0790449898614404,0.0289921901170959,0.156754206870273,0.0452921779042166,0.262539313166481,0.426568209441036,0.000808912639456021,0.01,0.261783468557608,1.06567166451492
TCGA-DD-A11B-01A,0.0151362495339398,0,0.458772059778216,0,0.417109181633218,0.108982509054627,0,0.01,0.138921492272027,1.18677866602465
TCGA-LG-A6GG-01A,0,0,0.461482390150469,0,0.340046843957352,0.198470765892179,0,0.01,0.140845017624332,1.16008683842897
TCGA-CC-A7IJ-01A,0.00774886623475771,0.0997427322311036,0.00129981717778608,0.01348188125049,0.498979687828083,0.37874701527778,0,0,0.415595455657628,1.02377942991996
TCGA-DD-AACA-01A,0.0178347421119173,0.0275306092865331,0.325596038279948,0,0.446825390857183,0.182213219464419,0,0.01,0.128425444932224,1.18950452272924
TCGA-DD-A39V-01A,0.0191924437281671,0.0586306965896551,0.259397391334823,0.00973615191965906,0.191543787843118,0.461499528584578,0,0.01,0.133510130583282,1.14991242738389
TCGA-2Y-A9GS-01A,0.0284678775358159,0.00614557045769182,0.327683726650118,0,0.280530486775687,0.357172338580688,0,0.01,0.194138437327335,1.11240468260426
TCGA-DD-AACW-01A,0.0942434215180757,0.0207694377642472,0.229172932233942,0.030024562974174,0.333779906841104,0.271166759579799,0.020842979088658,0.01,0.0820403222906774,1.15738982194639
TCGA-FV-A3R2-01A,0,0.0264561266640933,0.55048843322267,0.00341174479670491,0.299890295087694,0.119753400228838,0,0.01,0.118823768696015,1.1667783016012
TCGA-ZP-A9CY-01A,0.0114920805899263,0.0188491710588417,0.277230284831315,0.0134546450331673,0.372997905126586,0.301423084620561,0.00455282873960215,0.01,0.147842218337392,1.15715981637551
TCGA-NI-A8LF-01A,0.0439964309551738,0.00278234234438503,0.202103294968429,0,0.506556016967372,0.239212490520136,0.00534942424450509,0.01,0.150465447612978,1.20629780581542
TCGA-DD-AAE2-01A,0.014605060385419,0.0987971415764965,0.227679322972715,0.0220946808960607,0.412030036664591,0.224793757504718,0,0.01,0.161016223661238,1.13737894168505
TCGA-5C-A9VG-01A,0,0.00532181812122444,0.121253455655201,0,0.742161777601782,0.131262948621792,0,0.01,0.0982471596411219,1.40373852441714
TCGA-KR-A7K8-01A,0.0845788485862456,0.071305501874842,0.0769617081993615,0.031516426527648,0.338642917009916,0.392972428252255,0.00402216954973182,0.01,0.172935198845104,1.13436865342116
TCGA-ZP-A9CZ-01A,0.0199971326508493,0.0635384071789456,0.210380546032613,0.0369034022245807,0.363702348795451,0.305478163117561,0,0.01,0.109019585129442,1.16616998004436
TCGA-EP-A12J-01A,0,0.0495800707926739,0.454407186595296,0,0.37254835992172,0.12346438269031,0,0.01,0.136732561193532,1.16150807957707
TCGA-DD-A4NV-01A,0,0.00235983207012383,0.276260519251787,0,0.555952598722562,0.165427049955527,0,0.01,0.169728559684149,1.22444207881303
TCGA-BC-A3KF-01A,0,0.019816902037863,0.454925098376335,0.0430090478557364,0.412233446880837,0.0700155048492289,0,0.01,0.137082104881227,1.17781933101463
TCGA-XR-A8TD-01A,0.00720537232036774,0.0710930328725144,0.113924324295907,0.00205278758757534,0.399986173467579,0.405738309456056,0,0.01,0.222468289290485,1.13790027795174
TCGA-DD-A4NK-01A,0,0.000984941491011586,0.533332889489924,0,0.307155324842591,0.158526844176474,0,0.01,0.108174025999507,1.17872146895764
TCGA-DD-AACP-01A,0.0568743506501038,0,0.394058219053432,0.018123118135802,0.269150242953852,0.26179406920681,0,0.01,0.0981218238439984,1.14918129182411
TCGA-G3-A7M5-01A,0,0.0362827106887019,0.43649278551027,0.00595363939711932,0.246290834626771,0.272895181756355,0.00208484802078295,0.01,0.111764658774876,1.14572580949862
TCGA-DD-A4NS-01A,0.024941039113866,0.0480593428448736,0.234896470367556,0,0.506534210380359,0.185568937293345,0,0.01,0.290382864675354,1.09657079522201
TCGA-WX-AA46-01A,0.0293419913070204,0.0046815644998202,0.262155109162238,0.00207798721624436,0.441679808023384,0.260063539791293,0,0.01,0.120531470119534,1.19976493521649
TCGA-O8-A75V-01A,0.0250416129556021,0.0420412412733237,0.289591341717836,0.025654342485171,0.318569269039365,0.299102192528702,0,0.01,0.171973112639265,1.11551301517715
TCGA-DD-AACH-01A,0,0.00139993401874719,0.462382442213681,0,0.329580876509674,0.206636747257898,0,0.01,0.214539031843154,1.10898074907419
TCGA-DD-AAVQ-01A,0.15043214615128,0.0678082406650433,0.198233177373736,0.0522207249347169,0.23438312197984,0.296922588895383,0,0.01,0.122043228405016,1.09729311335427
TCGA-RC-A7S9-01A,0.157435361105186,0.0159405506787912,0.203057906242357,0.0316005528820898,0.344345547141227,0.231572508078259,0.0160475738720906,0.02,0.079598380232047,1.14834365088074
TCGA-BC-A8YO-01A,0.0878669142794062,0.0831696265312251,0.227422696424508,0.0430712627394446,0.22623337636427,0.319198311866096,0.0130378117950503,0.01,0.160444047271305,1.08349392631313
TCGA-DD-A4NR-01A,0.0197064237403828,0.0726567397295858,0.200903887489211,0.0180684566640184,0.27210375824456,0.409105391049823,0.00745534308241856,0.01,0.248934694536593,1.07338143227596
TCGA-CC-A8HU-01A,0,0,0.452380903266997,0.00661236796974859,0.351122235191972,0.189884493571282,0,0.01,0.105851791261825,1.18344430533314
TCGA-DD-AAVS-01A,0.0287907291487158,0.0281708869148827,0.34100791426446,0.0183942339672791,0.36225432507712,0.221381910627543,0,0.01,0.123916560173971,1.15481016816038
TCGA-CC-A7IH-01A,0.0274105486162354,0,0.23018712414814,0.0207972762450532,0.623374176007832,0.0792210698250843,0.0190098051576551,0.01,0.0894163222444137,1.3102572841576
TCGA-FV-A3I0-01A,0,0.0185888616272897,0.537910108558123,0,0.290015476521126,0.146106977176098,0.00737857611736294,0.01,0.225165958854684,1.09427010036465
TCGA-MI-A75H-01A,0.0497045504588887,0.0467979727596668,0.268374155707556,0.00719431093153352,0.302908833039882,0.311333316947866,0.0136868601546072,0.01,0.121912599659256,1.1383802927292
TCGA-CC-A9FV-01A,0.00323242555090926,0.0615373841015894,0,0.0636429754346013,0.35715167247892,0.501539409407349,0.0128961330266312,0.01,0.147139018498653,1.2123783104683
TCGA-BC-A217-01A,0.0162900044244939,0.0482641430076185,0.449717876711293,0.00086447318322238,0.191446135346072,0.293417367327299,0,0.01,0.144035154344253,1.11607825755682
TCGA-DD-AAD5-01A,0,0.00515783007607232,0.448629905493831,0,0.145711064903305,0.400501199526791,0,0,0.539219728742568,0.861150251126723
TCGA-2Y-A9H0-01A,0,0.0587695316032475,0.39208543947086,0.0408772679837722,0.151999323975943,0.356268436966178,0,0.01,0.117981191293542,1.1278850401317
TCGA-DD-AAD8-01A,0,0.0127009472856605,0.401386685290006,0,0.381037777479543,0.20487458994479,0,0.01,0.0979140487418389,1.19386021826004
TCGA-CC-A3MB-01A,0,0.0286800700176067,0.415647218246062,0.00740603624861495,0.424892593269519,0.123374082218197,0,0.01,0.155095132645231,1.16957294769946
TCGA-DD-A4NE-01A,0,0.00803097594765819,0.354372460170042,0.0152585434610066,0.564211087113024,0.0581269333082691,0,0.01,0.192964734699589,1.21328979423771
TCGA-5R-AAAM-01A,0,0.0207850104425018,0.203259029591116,0,0.478367036702514,0.297588923263868,0,0.01,0.169434995170322,1.19259086412875
TCGA-DD-AADY-01A,0,0.0171111292492672,0.469053980190118,0,0.452926947707171,0.0609079428534437,0,0.01,0.133399063068646,1.20993547770309
TCGA-MI-A75I-01A,0,0.0429133533886351,0.310568415279089,0.0159119439794866,0.265557251210012,0.365049036142778,0,0.01,0.115853259869685,1.15446333718674
TCGA-G3-A3CI-01A,0.0467708170594086,0.0131352291741143,0.215433503446467,0.00424081920645902,0.351991734799086,0.359230672806218,0.00919722350824781,0.01,0.113347336645847,1.17860346332645
TCGA-CC-A5UC-01A,0.0148432056820439,0.0219309183128713,0.182642064274136,0.00722799233252082,0.530358801790188,0.24299701760824,0,0.01,0.106149737904079,1.25235763533848
TCGA-FV-A496-01A,0,0.00072097965936569,0.580664123359049,0.0054020734197931,0.349932706693027,0.0632801168687653,0,0.02,0.067116007986254,1.23097638468768
TCGA-DD-AACK-01A,0.0157202220202138,0.0200018245196936,0.343629244613916,0,0.37232692381747,0.248321785028707,0,0.01,0.141474397637443,1.15778277679171
TCGA-XR-A8TE-01A,0,0.00608762072078393,0.345873763278052,0,0.524686645687997,0.123351970313167,0,0.02,0.0791692689363943,1.27185725558314
TCGA-DD-A3A4-01A,0,0.00387230490038453,0.60522235970892,0,0.360102957918523,0.0308023774721722,0,0.02,0.076315621135008,1.23803561316744
TCGA-RC-A6M4-01A,0.0343705241223733,0.02763399701738,0.283270762757959,0.0155396953152259,0.473601758098262,0.1655832626888,0,0.01,0.088064353584696,1.22037935435531
TCGA-ED-A7PY-01A,0.0374048860682906,0.00816409980446006,0.369593255244419,0.0143732477232101,0.348508792603334,0.221955718556286,0,0.01,0.0859365466644438,1.17801956261905
TCGA-DD-AADL-01A,0.0317616043669278,0.0170296223924675,0.268495329256574,0.0341662071998506,0.445877369102018,0.202669867682162,0,0.01,0.134110838143007,1.17841490378722
TCGA-UB-A7MC-01A,0,0,0.584887977803352,0,0.343636744749039,0.0714752774476085,0,0.01,0.0895513802167794,1.215771036921
TCGA-ED-A82E-01A,0.0162132410148563,0.0173255370118212,0.465272342855453,0,0.402210610960853,0.0989782681570169,0,0,0.398559756521348,0.992807440225063
TCGA-CC-A9FS-01A,0.0384515696895217,0.0300693087448237,0.343808544001755,0.0230404225264607,0.366922106743907,0.193193879414552,0.00451416887897964,0.01,0.106930121625319,1.16096973512108
TCGA-T1-A6J8-01A,0,0,0.427824653244168,0.000810826702461304,0.384112237613398,0.187252282439972,0,0.01,0.102491647592788,1.1966055756154
TCGA-DD-AAW0-01A,0.0500113285363472,0.0250230574389036,0.255752785101148,0.00455037830912304,0.44430107463501,0.220361375979467,0,0.01,0.166602686584429,1.1574308771056
TCGA-BC-A216-01A,0,0.119343555700852,0.424824673854428,0.01159364546399,0.272331051307219,0.171907073673511,0,0.01,0.109471205715889,1.12721870519231
TCGA-DD-AACG-01A,0.0289691045768836,0.0244605811947387,0.472779578158689,0,0.0992111895163491,0.374579546553339,0,0.01,0.0849747068959751,1.16161058527561
TCGA-CC-A123-01A,0.0468928083089413,0.013603763505289,0.233136202711993,0.0103763083674095,0.364200049830769,0.331790867275598,0,0.01,0.112516135381143,1.17782820867259
TCGA-DD-A1EE-01A,0.00266172304331425,0,0.557228592560398,0,0.250440524874936,0.189669159521351,0,0.01,0.153246249198486,1.13940273402365
TCGA-FV-A3I1-01A,0.00714878676434044,0.0252923976484317,0.347739222845487,0,0.344350571553449,0.275469021188292,0,0.01,0.174121015253969,1.13103334351878
TCGA-G3-A5SJ-01A,0.0235305110664888,0.0465769365184876,0.416080792472951,0.013377742914185,0.22481660154352,0.272055401141259,0.00356201434310815,0.01,0.20539223711459,1.07584613960539
TCGA-BC-A3KG-01A,0.0252941950606138,0.0164849663026562,0.138050692988287,0.0187619603253129,0.465260914737388,0.334783065030828,0.00136420555491406,0.01,0.112225821482769,1.22818172845851
TCGA-ZS-A9CF-01A,0.143647537653407,0,0.205158853795083,0.00678672437033829,0.320791332651766,0.317344804212313,0.00627074731709247,0.01,0.179930399664184,1.10494356531899
TCGA-RC-A6M6-01A,0.0291858889121257,0.0108348471793829,0.423219181593647,0.0153114768999817,0.298723175152188,0.222725430262675,0,0.03,0.0553273557940535,1.18474243697179
TCGA-DD-AACI-01A,0.00224958571782681,0.0575872209746179,0.340970956928275,0.0188145499202813,0.207572433800706,0.372805252658292,0,0.01,0.19833214820274,1.09112083121377
TCGA-EP-A3JL-01A,0.0226774199918431,0.0368048134112434,0.295665593996264,0.0225369842218024,0.255850805765766,0.366464382613081,0,0.01,0.142023711888563,1.13237547252787
TCGA-CC-A5UD-01A,0.00664277976597645,0.0270255212611679,0.466316828742262,0,0.258317847872081,0.241697022358512,0,0.01,0.262760012642592,1.05619334270936
TCGA-ES-A2HS-01A,0,0,0.274214923395941,0,0.540793736232891,0.184991340371168,0,0.03,0.058124804494388,1.29532390218193
TCGA-BC-A10U-01A,0,0.0231325730929047,0.433900002298071,0.0109369903252382,0.210079361686628,0.321951072597158,0,0.01,0.125436178488971,1.13967322332992
TCGA-DD-A119-01A,0.0119926544986714,0.00965792138477549,0.386499912604094,0.00897817966854653,0.358511242766051,0.224360089077861,0,0.01,0.0962063884768851,1.1828266591074
TCGA-2Y-A9H1-01A,0.0596968999171126,0.0237180370189727,0.41771221679912,0,0.148255014095341,0.350617832169455,0,0.01,0.0879898264230278,1.14733880768392
TCGA-G3-A5SK-01A,0.0113054738284301,0.0533961079056703,0.333706617960094,0.0165868274846255,0.3069463836626,0.268865267501313,0.00919332165726692,0.01,0.107346189142961,1.14788988998868
TCGA-BC-A10Y-01A,0.0210931085855677,0.0502148701878944,0.363223108575379,0.0127415418554036,0.3705207339075,0.182206636888255,0,0.01,0.135469609444684,1.14730368380542
TCGA-DD-AAE1-01A,0.0568805967966884,0.0364826101463329,0.435833058115147,0.0378548486421699,0.256980900956355,0.175967985343306,0,0.01,0.0933225028606013,1.13460085489011
TCGA-DD-AADN-01A,0.00918807085293137,0.0793732170075143,0.28607334326561,0.0600332811317294,0.0339192427581332,0.522708524098152,0.00870432088592957,0.01,0.124666151937504,1.16048223411679
TCGA-CC-A3M9-01A,0.00734665611764897,0.121741213937827,0.00611755344979752,0.0404249186497002,0.287254849231611,0.537114808613416,0,0,0.378551876108119,1.0274806882827
TCGA-DD-A73C-01A,0,0.0499818163352578,0.244274594056824,0.00241944793639082,0.526233978373243,0.177090163298284,0,0.01,0.0956171770458935,1.24847323239397
TCGA-BW-A5NP-01A,0,0.0120271064605222,0.303057884484382,0.031596299668579,0.409131225917459,0.244187483469057,0,0.01,0.0974245099796093,1.19818435913486
TCGA-CC-A7IL-01A,0,0.0112144903973478,0.519336137469207,0,0.287353628246866,0.182095743886579,0,0.01,0.0911396337748242,1.17912844172852
TCGA-DD-AACV-01A,0.0443468369291156,0,0.346435024145889,0.000800780650723068,0.389006257239244,0.219411101035029,0,0.01,0.162061021285248,1.14688853604032
TCGA-DD-AAD1-01A,0.0875910217244453,0.0369125320250954,0.351744918758476,0.0147758690509247,0.389681041702606,0.119294616738453,0,0.01,0.139958015434755,1.14000419311756
TCGA-DD-AAVV-01A,0.0629644452316752,0.0310857871633416,0.195306317031392,0.0230879848048489,0.45542432739302,0.227493872657216,0.00463726571850602,0.01,0.157076031525802,1.16265894411905
TCGA-ED-A8O5-01A,0,0.037189786350024,0.378317555935446,0,0.530530932326301,0.0539617253882282,0,0.02,0.0714787214451805,1.27872994203071
TCGA-ED-A97K-01A,0.0181217364070733,0.0191377259669398,0.65828216208955,0,0.200477803425397,0.10398057211104,0,0,0.342488480517708,1.01580787541797
TCGA-2V-A95S-01A,0.0465992063287347,0.117024492790133,0.306496736583394,0.0565109242808161,0.117900787736992,0.341596627980334,0.0138712242995963,0.01,0.157059917822965,1.07668863278283
TCGA-UB-A7MB-01A,0,0.00218351481039998,0.510340542464816,0,0.363584409130528,0.123891533594256,0,0.01,0.101288187077526,1.19899695201311
TCGA-CC-5264-01A,0.00761166217821807,0.0252115469717061,0.50296786184949,0.00239238882018417,0.312961591250642,0.14885494892976,0,0.01,0.15785343312902,1.13722254824266
TCGA-ED-A66Y-01A,0,0,0.456736632978626,0,0.503609725389322,0.0396536416320526,0,0.04,0.0435798930197068,1.30126956243452
TCGA-ED-A627-01A,0.0287577756611855,0.0637772196491005,0.14576700465586,0.0163168959116226,0.532461906515608,0.212919197606624,0,0.01,0.2291173763337,1.15219515210611
TCGA-DD-AACC-01A,0.100092450419892,0.110822466492391,0.140222464676821,0.065614639572751,0.183079257862754,0.396688511733556,0.00348020924183617,0.01,0.103589677908132,1.12520566460422
TCGA-DD-A4NB-01A,0.0274413800707195,0.0203355427458075,0.01517748936147,0,0.752402472353662,0.180768956503869,0.00387415896447122,0,0.344521890972523,1.20606010573
TCGA-ED-A66X-01A,0,0.00784022370354857,0.180333934459057,0.00899945861589006,0.470935702619053,0.331890680602451,0,0.01,0.138517901893446,1.21877636079008
TCGA-DD-A114-01A,0.0417951422674067,0.0634981902022041,0.264304934088413,0.0397002290705596,0.322225431508423,0.268476072862993,0,0,0.335845534047341,0.999435818452118
TCGA-DD-A3A9-01A,0.0208401838421718,0.0269279420420438,0.205008581595674,0.00130417423617474,0.584132338655133,0.161786779628802,0,0.01,0.114304164844635,1.27046527502625
TCGA-XR-A8TG-01A,0.0350028364724179,0,0.265586072110922,0,0.435643753708513,0.263767337708147,0,0.01,0.192779233390443,1.14932049833184
TCGA-ES-A2HT-01A,0,0.00539690239462105,0.396944274595215,0.00477314607524924,0.30975542139868,0.283130255536234,0,0.01,0.127728137322276,1.15826946654613
TCGA-2Y-A9H3-01A,0.0943325781231728,0.0611495286710772,0.0820860881673444,0.0685789133080767,0.284947108553864,0.390530099002012,0.0183756841744533,0.01,0.0897496427326274,1.16342171071613
TCGA-2Y-A9HB-01A,0.0608870969938888,0.101410400602955,0.145400804520496,0.0037078170196746,0.41994494003838,0.268648940824605,0,0.01,0.161365534186009,1.14311038765966
TCGA-FV-A495-01A,0.0425115809440639,0.0270880074266515,0.142533263929574,0.0590370053862509,0.509261095560117,0.219569046753343,0,0.01,0.125200279048869,1.21210935888877
TCGA-G3-AAV4-01A,0.068412125263137,0.0141629769577558,0.166730217010974,0.0102134447649567,0.513937384142273,0.217462759054181,0.00908109280672258,0.01,0.1401966381229,1.20663048195462
TCGA-BC-A10W-01A,0,0.0150326600945002,0.424980073664574,0,0.313440449165806,0.246546817075119,0,0.01,0.211114809083579,1.10308873364561
TCGA-DD-A1EK-01A,0,0.0144816132884711,0.268537851168899,0,0.29333712034367,0.42364341519896,0,0.01,0.166040289346206,1.15244851815572
TCGA-DD-AAD6-01A,0,0.00637129680439499,0.585797847351874,0,0.158924518481543,0.248906337362188,0,0.01,0.105155307315206,1.16056148029896
TCGA-G3-A3CH-01A,0.0302935440490405,0.0427021799882497,0.323242499038785,0.0137949042856627,0.421555990747047,0.168410881891215,0,0.01,0.112265633285837,1.17939402598144
TCGA-KR-A7K2-01A,0.0820656466781666,0.0135175987687179,0.254894279287661,0,0.480679082946193,0.168843392319262,0,0.01,0.0882879179587454,1.22001225496368
TCGA-DD-AAEG-01A,0,0.00913440121664946,0.507026822442975,0,0.359418324956879,0.124420451383497,0,0.01,0.121176178276214,1.1825377190397
TCGA-ZS-A9CD-01A,0.00148323313616883,0.00846500710000059,0.435490174710616,0,0.326358275427202,0.228203309626013,0,0.01,0.205694739077112,1.11082183861337
TCGA-2Y-A9GV-01A,0.0369279950702236,0.0121904264413344,0.19802472841722,0.00184965184719707,0.403454199599368,0.346124711776553,0.00142828684810348,0.01,0.174175964136642,1.15969467094165
TCGA-BC-A10T-01A,0,0.0465973417033038,0.25223312299089,0,0.569504455511453,0.131665079794353,0,0.01,0.179564413546437,1.21430424469725
TCGA-DD-AAEI-01A,0.000567421067577678,0.0251347431105084,0.302096523572704,0,0.248639635774229,0.423561676474981,0,0.01,0.166058348935205,1.1393714964613
TCGA-FV-A2QQ-01A,0.00730289554020274,0.0289134951277793,0.441192474222747,0.0207168508066268,0.252360827065982,0.249513457236662,0,0.01,0.222494133546716,1.07561590975117
TCGA-PD-A5DF-01A,0,0.00867108358313233,0.131364077236272,0,0.562784766212801,0.297180072967794,0,0.01,0.183951149156483,1.23193491237062
TCGA-EP-A2KC-01A,0.00268533950664616,0.0064238083614924,0.452602970439121,0.000146124333026927,0.307691144105446,0.230450613254267,0,0.01,0.121494552491423,1.16091326198958
TCGA-CC-A7IG-01A,0,0.00174137712628181,0.426398075948824,0.0172033595362077,0.283078201861099,0.271578985527587,0,0.01,0.112418866750748,1.15955394916278
TCGA-DD-A3A3-01A,0.0260493335355102,0.0363288778677811,0.550531894491607,0.0203110950517871,0.159987638212142,0.206791160841172,0,0.01,0.101708605369325,1.1383282792036
TCGA-4R-AA8I-01A,0,0.0222153729372489,0.342714350966062,0.0131586207557528,0.348217138075444,0.269309135442547,0.00438538182294497,0.01,0.16982979775156,1.13305342321986
TCGA-G3-AAV3-01A,0.0690429702134045,0.0850924009423281,0.208745742023767,0.0153916822954251,0.335372220532805,0.28635498399227,0,0.01,0.170322318224094,1.10677570706547
TCGA-G3-A3CJ-01A,0.020694210798043,0.00771486261760681,0.510366897721849,0.00469248434139821,0.32243735976658,0.134094184754522,0,0.01,0.0898469679647657,1.1845409693903
TCGA-DD-A4NG-01A,0.0453922382139869,0.0149603061229909,0.450268908984754,0.000724443612782281,0.295942411727153,0.192711691338333,0,0.01,0.134408485221765,1.1363694258166
TCGA-DD-A4NP-01A,0.0166371889875928,0.010251009871446,0.504043953389292,0.00752020711038571,0.290954329775161,0.159821224952832,0.0107720859132901,0.01,0.0882694727271717,1.17193537506698
TCGA-5R-AA1D-01A,0.0246906708218159,0.0251821948920463,0.0359604911438601,0,0.682535709058151,0.231630934084127,0,0.01,0.197396366303484,1.28629413834924
TCGA-ED-A5KG-01A,0.239503280701068,0.113331087174361,0.0578542342812441,0.100301047553859,0.190024415056113,0.255897972335213,0.0430879628981418,0.01,0.210433465489731,1.02671419263878
TCGA-DD-AAW2-01A,0,0.018454640639538,0.528448324011451,0,0.387368031647855,0.0657290037011561,0,0.01,0.0875809740148199,1.21952405825594
TCGA-2Y-A9GW-01A,0.0534158024364691,0.0149964598020169,0.253091547832364,0.0117305655414901,0.280261999677829,0.38650362470983,0,0.01,0.208030921711902,1.10152813696991
TCGA-DD-A116-01A,0.00336195246023649,0.00408018261371853,0.314107069718834,0,0.357379676699926,0.321071118507285,0,0.01,0.0959829632517262,1.19660130691666
TCGA-CC-A1HT-01A,0.0106161369349571,0.0324458570470298,0.26877677709011,0.0114366963139262,0.251946048569685,0.418018213765379,0.00676027027891342,0,0.472963170770126,0.91677598262377
TCGA-DD-AAC8-01A,0.00169267382399581,0.014897667222355,0.390248926628643,0.0127383828364669,0.275025468579095,0.305396880909444,0,0.01,0.16927011649927,1.12182793625791
TCGA-G3-AAUZ-01A,0.0443738915095095,0.0313647291122214,0.263177414646032,0.0286277290696927,0.362199576561558,0.270256659100987,0,0.01,0.098022349257967,1.16887045803586
TCGA-DD-AAD2-01A,0.019637079956466,0.0235981591509826,0.235282917471698,0.00251878493576887,0.517477167060984,0.2014858914241,0,0.01,0.157281360315536,1.2044599057156
TCGA-BD-A3EP-01A,0.0949756180565654,0.0266312655365828,0.207958788154837,0.0161032826665523,0.369977328252297,0.28275299800622,0.00160071932694563,0.01,0.138108777824191,1.14325857903451
TCGA-DD-AADR-01A,0.0342511129634693,0.0333018242107646,0.379824548346591,0.0161533601149645,0.224885206104945,0.311583948259266,0,0.01,0.140907223107152,1.11819675576595
TCGA-DD-AAVU-01A,0.0318807072092784,0.0162620957188854,0.31960190058661,0.0285812253156619,0.186121753980045,0.417552317189519,0,0.01,0.132442344726756,1.13989608354959
TCGA-QA-A7B7-01A,0.0747301646845571,0.0293472521683341,0.279723336785399,0,0.510592467759165,0.105606778602545,0,0.01,0.151946914751599,1.1912202124405
TCGA-UB-AA0U-01A,0.0171121932059856,0.0299654007880116,0.230213359837799,0,0.522707893279896,0.200001152888307,0,0.01,0.161753924764465,1.20361791069077
TCGA-CC-A9FU-01A,0.00104181139842538,0.021819353376672,0.457030681694623,0,0.269671589165487,0.250436564364792,0,0.01,0.0822990041558557,1.17306911696048
TCGA-DD-A113-01A,0.0320389383921831,0.0276078586004097,0.303898418033806,0.0218083336738399,0.332634434670664,0.282012016629097,0,0.01,0.114307329206482,1.15506256656124
TCGA-KR-A7K0-01A,0,0.00659783041861789,0.419538627155894,0,0.360177338918913,0.213686203506575,0,0.01,0.173460092653228,1.14105343827
TCGA-DD-A4NL-01A,0.0347407205689776,0.014284497020304,0.322077566020204,0.0142898644172661,0.444102115873014,0.166438381255277,0.00406685484495738,0.01,0.142838595480745,1.17399729343851
TCGA-DD-AADW-01A,0,0.00192972139543361,0.41809286673416,0,0.452461833908117,0.12751557796229,0,0.01,0.11462351767019,1.21682803168885
TCGA-DD-A39X-01A,0,0.00287212775779048,0.321693537257307,0.0290076463145191,0.317641816678519,0.328784871991865,0,0.01,0.222537438188523,1.09987173909883
TCGA-DD-AAEE-01A,0.0307170557985116,0.029129874224465,0.262804290969091,0,0.415136358634244,0.262212420373688,0,0.01,0.102806662820203,1.19428646527246
TCGA-2Y-A9GU-01A,0,0.0283442663475148,0.532826216180995,0.0193970894368742,0.34053701456918,0.0788954134654351,0,0.01,0.108157286182966,1.18198938099986
TCGA-CC-A7IE-01A,0.050069206495434,0.0526318463688452,0.16935101951553,0.0108453450831118,0.335295632564965,0.378839874610999,0.00296707536111529,0.01,0.11724913037509,1.16902121417773
TCGA-WX-AA44-01A,0.0378276143708192,0.0131340130387133,0.337022589096536,0.00512237997795698,0.33392822438406,0.272965179131914,0,0.01,0.151819104965769,1.13682935640594
TCGA-G3-A7M8-01A,0,0,0.287931365197533,0,0.451488911760879,0.260579723041588,0,0.01,0.114923387844091,1.21604287869289
TCGA-ED-A7XP-01A,0.023741625120644,0.0112602811204575,0.353752578417181,0.00373634759150955,0.411018083836266,0.196491083913942,0,0.01,0.0984174773338669,1.19666301936696
TCGA-BW-A5NQ-01A,0.028917182626101,0.119324896799776,0.353351820552356,0.0361315192964447,0.136951718355202,0.32532286237012,0,0.01,0.199588401333474,1.05836345741992
TCGA-DD-A73G-01A,0.00798320523303813,0.0151571084146923,0.361119044171043,0.0180488656321683,0.316466783596408,0.28122499295265,0,0.02,0.0762048522213665,1.18309053925462
TCGA-RG-A7D4-01A,0.121732056561705,0.147024606835054,0.323618289858529,0.0329001181452745,0.080221287276736,0.294503641322701,0,0.01,0.142067911926981,1.06673249540218
TCGA-DD-A3A6-01A,0.0741253191879367,0.0355030123770228,0.00517697832253434,0.0228010552493278,0.661065271166274,0.189708240285579,0.0116201234113261,0.01,0.126347763605244,1.30867686907482
TCGA-BW-A5NO-01A,0.0141782366660725,0.0280614199136633,0.399792216290988,0.0121487803618229,0.306927152390318,0.238892194377135,0,0.01,0.142857981663179,1.13419237105884
TCGA-CC-A3MA-01A,0,0.0226281284173819,0.437611690335555,9.41040235934391e-05,0.464536527707855,0.0722683815612769,0.00286116795433767,0.01,0.214550119146454,1.15240668319168
TCGA-DD-AADC-01A,0.0273976190251789,0.030069719280571,0.224493994089277,0,0.350558659696242,0.367480007908731,0,0.01,0.1454520113419,1.16176843167383
TCGA-G3-AAV0-01A,0,0.0246814097282768,0.316789188036021,0.0242544931837294,0.384772093479039,0.249502815572933,0,0.03,0.0605609431057983,1.21016571799844
TCGA-DD-AAE3-01A,0,0.0322727708720415,0.232294484946138,0.00281319061646875,0.472307044579613,0.260312508985739,0,0.01,0.0836777549502993,1.23880662162442
TCGA-DD-A118-01A,0,0,0.297034747956418,0.0154472999983773,0.521592285799009,0.165925666246196,0,0.01,0.119182614767591,1.23923254004669
TCGA-DD-A1EF-01A,0.0707946587962343,0.0617451679674276,0.18410819714012,0.0208836626052466,0.384446401850381,0.278021911640591,0,0.01,0.0846797267557128,1.17862403643649
TCGA-DD-A11D-01A,0,0.00478403846465507,0.458242189321731,0,0.413837058082204,0.12313671413141,0,0.01,0.150133735544877,1.17953806020606
TCGA-G3-A6UC-01A,0,0.00674134695721866,0.587424130139512,0.00122159307796074,0.33622610747845,0.068386822346859,0,0.01,0.123919883121663,1.18979972575618
TCGA-WJ-A86L-01A,0,0,0.519535095467476,0,0.331081616615936,0.149383287916588,0,0.01,0.108913000309301,1.18403539766794
TCGA-CC-5263-01A,0,0.000917240971636213,0.359737505113051,0,0.303510643465439,0.335834610449874,0,0.01,0.268493032208711,1.0720471840202
TCGA-DD-AAE6-01A,0,0.0518383192454778,0.413748916032234,0.0810744553536647,0.274849946512864,0.157934468492919,0.0205538943628411,0.04,0.045071650951971,1.15993726628958
TCGA-K7-A6G5-01A,0,0.0233506693800904,0.419349497390495,0.0133757374770112,0.273619366400469,0.270304729351935,0,0.01,0.137746549946128,1.13672741492884
TCGA-DD-A1EL-01A,0,0.00424467495570947,0.375005736055108,0,0.249351688458983,0.371397900530199,0,0.01,0.296506642651964,1.04715043815175
TCGA-G3-A7M6-01A,0.0112649743091923,0.0144711313202771,0.354172352760966,0,0.380204301822365,0.236570348384902,0.0033168914022976,0.01,0.306516196248297,1.05031337743839
TCGA-DD-AAE4-01A,0.0767156518120174,0.083847880880436,0.0570455547190499,0.0427746110410087,0.290647682500393,0.423283106093907,0.0256855129531887,0.01,0.0955910431550017,1.17534071507128
TCGA-MI-A75G-01A,0.0173766730637135,0.00760198301587832,0.52989773532283,0.00348280218995882,0.33262372507858,0.109017081329039,0,0.03,0.055978907278229,1.2137778194327
TCGA-DD-AACQ-01A,0,0.0209955809058203,0.577208057329259,0,0.305669888527098,0.0961264732378221,0,0.03,0.0566438747774254,1.21515722562994
TCGA-DD-AADV-01A,0,0.00846995576818792,0.380300590907114,0,0.43767272833826,0.173556724986438,0,0.01,0.142614335420087,1.18682486291471
TCGA-LG-A9QD-01A,0.0354145390133475,0.0345746090834571,0.43444682354356,0.0180444114561781,0.319484146343702,0.152032384755838,0.00600308580391709,0.01,0.114139599705635,1.14613379999121
TCGA-DD-A3A2-01A,0,0.0177939446510608,0.360349565078829,0.00955713612548337,0.351188504582369,0.261110849562258,0,0.02,0.0728426520657631,1.19712440660666
TCGA-DD-A115-01A,0.0154720594084168,0.0380248870458566,0.292893684020152,0.00681822800754946,0.493473412892571,0.153317728625455,0,0.01,0.133936686124516,1.2034009511924
TCGA-DD-A1EG-01A,0.0383483847955863,0.0279667310857844,0.308088182904729,0.0327838294745089,0.286124536631612,0.306688335107779,0,0.01,0.199651162254644,1.09049721160236
TCGA-DD-AADO-01A,0.0497262928104103,0.0664097161879001,0.310905298670732,0.0324106323650048,0.157058249760808,0.383489810205144,0,0.01,0.0921419597094172,1.13758670672641
TCGA-5C-A9VH-01A,0.0027107871287904,0.0238699255724646,0.443013407021786,0.0141061112591719,0.443193158806663,0.0731066102111236,0,0.01,0.100022780094853,1.21839588051813
TCGA-DD-AACS-01A,0.0103060713449792,0,0.612651644914148,0,0.362291762394458,0.0147505213464146,0,0.01,0.0999042107797416,1.22576776247984
TCGA-DD-AAE7-01A,0.0172533535941086,0.0474520265114935,0.279700780730503,0.006645022165254,0.428037496679482,0.220911320319158,0,0.01,0.0837923538558742,1.20519493655927
TCGA-DD-AADJ-01A,0.0458428908742687,0.0259269017894977,0.401751067768393,0.0191059931103453,0.299788691960944,0.207584454496551,0,0.01,0.0924447188794518,1.15277651859502
TCGA-UB-A7MD-01A,0.00831635101094407,0.00630927646256787,0.374751995021956,0.000363874899155671,0.307952995708644,0.302305506896733,0,0.01,0.243276039800679,1.08347290680176
TCGA-CC-5259-01A,0.019709910108853,0.0531576970949907,0.5459551807272,0.0130687591861262,0.16831508803583,0.199793364847,0,0.04,0.0425029871829042,1.17073874611636
TCGA-HP-A5MZ-01A,0.0369497408847348,0.0292455159724965,0.243948933205384,0.00490746032682196,0.383613684546998,0.301334665063565,0,0.01,0.211815065213859,1.114508305964
TCGA-EP-A2KB-01A,0,0.0434805254279201,0.516514199841105,0,0.312606356357862,0.127398918373113,0,0.01,0.0894917078339587,1.17984323747949
TCGA-ED-A7PX-01A,0.000373535904746926,0.0194083417133383,0.26438408658012,0.0112619962852584,0.511061023250378,0.189228175372967,0.00428284089319113,0,0.378975456406546,1.03667156288569
TCGA-G3-A5SM-01A,0.0215960390196541,0.025355790729794,0.251913074781789,0.0116746071943496,0.421903305845872,0.267557182428542,0,0.01,0.13782052871763,1.17595123038225
TCGA-DD-AAEB-01A,0.00983390464914691,0.0126732419566826,0.408723269332474,0,0.330585509857362,0.225670311852809,0.012513762351525,0.03,0.0619672168611474,1.19420791600242
TCGA-BC-A5W4-01A,0.0343890584874686,0.028315684295492,0.497961466861722,0,0.279863109638395,0.159470680716922,0,0.01,0.115651080265058,1.14769436492166
TCGA-DD-A73B-01A,0.0527029733837607,0,0.138871341204449,0.00746083105207459,0.521701319318215,0.2792635350415,0,0.01,0.0830257898790418,1.26756561752601
TCGA-DD-A1EI-01A,0,0.0128584920496049,0.259199637721115,0.0108415260424769,0.535664364719006,0.181435979467797,0,0.01,0.113128788833067,1.24900889052902
TCGA-K7-A5RF-01A,0.0212854843908778,0.0292616031574219,0.214507719486456,0.0117660757953522,0.405888069883503,0.317291047286389,0,0.01,0.142560384040839,1.17379563843168
TCGA-DD-AACT-01A,0.027828007579728,0.0255028902892837,0.352606994366415,0.0137857649606106,0.377822553819791,0.202453788984172,0,0.01,0.12042509116633,1.16358006474785
TCGA-DD-A4NO-01A,0.0201932459576874,0.00727119169261094,0.311886248547677,0,0.49425547849594,0.166393835306084,0,0.01,0.139362261833908,1.20826808856901
TCGA-2Y-A9H8-01A,0.0633338132186873,0.054141706808572,0.365946880758375,0.00516472253123145,0.231293570837412,0.280119305845722,0,0.01,0.104932358476854,1.12703554281504
TCGA-DD-A3A8-01A,0.0294819714857934,0,0.31983240583676,0.0165248962724437,0.435967332156823,0.168191350967704,0.0300020432804758,0.01,0.108406802300153,1.19102841235184
TCGA-LG-A9QC-01A,0.0274740718099204,0,0.271506659179486,0,0.593725046166308,0.107294222844286,0,0.01,0.0850854012435737,1.30211464127793
TCGA-BC-A10S-01A,0,0.0321526674442574,0.324190171465054,0.00217901799104714,0.369825809906143,0.271652333193498,0,0.01,0.148472801150802,1.15447147569334
TCGA-DD-AACN-01A,0.0245302964859263,0.0163169433121328,0.363651857281845,0,0.485331241875744,0.110169661044351,0,0.01,0.125596582280909,1.2127976487102
TCGA-DD-A1ED-01A,0.103312586744737,0,0.348116206578737,0.0153065248518213,0.285237630127184,0.242530735936659,0.00549631576086184,0.01,0.123109883290032,1.12459875861818
TCGA-BC-A10Q-01A,0,0.0260227776190237,0.423735108485965,0.0144224839270306,0.36674357045422,0.169076059513761,0,0.01,0.322330554886553,1.0343203909719
TCGA-BC-A110-01A,0.0141221958145556,0.0243607227568878,0.174536918953939,0.0131440071114529,0.45577362950801,0.318062525855155,0,0.01,0.176512678635064,1.17604645614392
TCGA-DD-AAW3-01A,0,0.00349991706631045,0.503125879382663,0,0.393127302626845,0.100246900924181,0,0.01,0.0960899245198372,1.21359920036408
TCGA-2Y-A9H7-01A,0.0609823552546299,0.0113295111330476,0.29049026270582,0.0174137314321903,0.271818025639082,0.347966113835231,0,0.02,0.0777439414294669,1.16932331479331
TCGA-CC-5260-01A,0,0.0330920041082682,0.36194848575948,0.0112254702185395,0.414017669086605,0.177248669381703,0.00246770144540406,0,0.371173365016688,1.00814456903913
TCGA-DD-AAD3-01A,0.0337310416626966,0.0281266172188351,0.208166593761611,0,0.572801784176344,0.157173963180513,0,0.01,0.135466775661992,1.24569583930667
TCGA-G3-AAV7-01A,0,0.0276294714942333,0.46632825206822,0.00577488602120064,0.243043871311106,0.25722351910524,0,0.01,0.329218899273275,1.01059239227286
TCGA-DD-A39Y-01A,0,0.021510318705343,0.438878360718578,0.018259581155453,0.18073908833329,0.340612651087336,0,0.01,0.178584969599781,1.10571988815421
TCGA-K7-A5RG-01A,0.0939067900852601,0.154616561807603,0.145774784357435,0.0587826017103526,0.17127445283259,0.347906775365479,0.0277380338412803,0.01,0.166782569317081,1.06954657833572
TCGA-G3-A25Y-01A,0.00473592342604682,0.0128412222982856,0.342619812184461,0.00284810632774595,0.413594828004064,0.223360107759396,0,0.01,0.125314985925704,1.18560978631652
TCGA-DD-AACF-01A,0,0.0145382590767692,0.435771402922061,0.0222083021653164,0.279224538107637,0.248257497728216,0,0.01,0.11239335754942,1.1529727223121
TCGA-DD-A39Z-01A,0.0190257108490148,0.0172819645466686,0.588907854828985,0.0121769633979611,0.297881650876785,0.0647258555005856,0,0.02,0.0721750887264332,1.20207523704338
TCGA-DD-AACB-01A,0.0369451704557093,0.0877603509926146,0.207286122013598,0.0301897306356085,0.194570587950601,0.443248037951869,0,0.01,0.144379126081667,1.12930556280403
TCGA-DD-AADG-01A,0,0.0155393305550312,0.378442567769682,0,0.54105590180435,0.064962199870937,0,0.02,0.0780698088063096,1.28472023496233
TCGA-DD-AAW1-01A,0,0,0.484265237469357,0,0.407200139686024,0.108534622844619,0,0.01,0.114585461707926,1.20520458831204
TCGA-DD-AAC9-01A,0.049671685593856,0.0295304023277436,0.21607745495489,0.0243929682459991,0.423009738076182,0.257317750801329,0,0.01,0.09220850333994,1.19622045691884
TCGA-G3-A25Z-01A,0,0.00567575005278162,0.40929429632027,0,0.351180203918343,0.233849749708605,0,0.01,0.107564926863726,1.18089891710685
TCGA-DD-A4NF-01A,0.00887222703806973,0.00972221178027214,0.279817610808264,0.0043244732577384,0.514130435860677,0.183133041254979,0,0.01,0.122956099426835,1.23072606563535
TCGA-G3-A25V-01A,0.026910915537183,0.021135679232812,0.326769738843179,0.00317804168282254,0.362528298346497,0.259477326357506,0,0.01,0.156165744512824,1.14242545194308
TCGA-G3-AAV5-01A,0,0.0143987337885622,0.577093324972863,0,0.15230346595533,0.256204475283245,0,0.01,0.0946324808385002,1.16343738967759
TCGA-BD-A2L6-01A,0.0513205247932187,0.0403409934521372,0.302761551050817,0,0.43608124673032,0.169495683973507,0,0.01,0.108838679156698,1.1862814144907
TCGA-XR-A8TF-01A,0.0384123532992893,0.0944539541202067,0.213301869548751,0.0181432639559285,0.403010456367788,0.2223764507286,0.0103016519794366,0.01,0.115584970383165,1.15737141832902
TCGA-DD-AAEH-01A,0.107452046671195,0.136958934447984,0.104812651323574,0.0155338423338836,0.344156207727506,0.290628678395872,0.000457639099986142,0.01,0.116207823970132,1.13476301793201
TCGA-GJ-A6C0-01A,0,0.023309379790111,0.26929224411011,0.00177177099931405,0.262814262329258,0.442812342771207,0,0.01,0.170798642037557,1.14499512180712
TCGA-UB-AA0V-01A,0,0.014260210023514,0.301387555268731,0,0.486780450953923,0.197571783753832,0,0.01,0.125662721610377,1.21748555805269
TCGA-RC-A6M5-01A,0,0.00369479403887082,0.170141349301894,0,0.676788263930948,0.149375592728286,0,0.01,0.161395844498809,1.30628187767265
TCGA-BC-A69H-01A,0,0.0303697760091806,0.398234873597736,0.011439061268859,0.198346726268935,0.361609562855289,0,0.01,0.10571417552137,1.15282257196718
TCGA-CC-5258-01A,0.0165964898395803,0.0151602269881797,0.240299188732616,0.0542353079923464,0.438256181889591,0.235452604557686,0,0.01,0.0878327739657311,1.20795044123227
TCGA-BC-A69I-01A,0,0.0211295622198751,0.372757755319511,0.00452224912676123,0.442309621744403,0.15928081158945,0,0.01,0.129839458815494,1.19275033573126
TCGA-G3-A7M9-01A,0,0.0205857324214552,0.435748538600349,0.00371993957428014,0.299529973646503,0.240415815757412,0,0.01,0.169092136434313,1.12476423268861
TCGA-G3-AAV6-01A,0.016804862596021,0.0319142394183156,0.272210426328035,0.00573661849743206,0.485059608264353,0.188274244895844,0,0.02,0.0700281543627518,1.24353424767991
TCGA-CC-A8HT-01A,0,0.0278457097389281,0.327184344619175,0.0266029054596036,0.180784967792614,0.43758207238968,0,0.01,0.209781891678936,1.09981002100092
TCGA-CC-A8HV-01A,0.017269235787218,0.0064893779526741,0.605885698854776,0.00251926934870332,0.332607205502871,0.0352292125537577,0,0.01,0.127703484300449,1.18932642689544
TCGA-GJ-A9DB-01A,0,0.00478263773868081,0.326199026928569,0,0.406570042166205,0.262448293166546,0,0.01,0.143183494152346,1.17752702259214
TCGA-BD-A3ER-01A,0.0176611454835212,0.0110364915240819,0.316802243712639,0.00663844286239941,0.462219109737255,0.185642566680104,0,0.01,0.185588896806788,1.16039034119342
TCGA-ZP-A9CV-01A,0.000604132621872599,0.0438206459551266,0.420279910946961,0.00385897625318979,0.300180942244302,0.231255391978548,0,0.01,0.217433460262103,1.0875209298231
