"","T Cells","NK","Macrophages","B Cells","Endothelial Cells","Cancer Cells","Fibroblasts"
"TCGA.TQ.A7RO.01A",0,0,0,0,0.749949982437219,0.250050017562781,0
"TCGA.CS.6670.01A",0,0,0,0,0.645875130254372,0.354124869745628,0
"TCGA.QH.A6X5.01A",0,0,0,0,0.652348189832577,0.347651810167423,0
"TCGA.HW.7493.01A",0,0,0.0135450543270493,0,0.765162223584612,0.221292722088338,0
"TCGA.CS.6667.01A",0,0,0,0,0.700389172306355,0.299610827693645,0
"TCGA.DU.6406.01A",0,0,0.0846726093968355,0,0.885550520926051,0.0297768696771133,0
"TCGA.DU.A7TA.01A",0,0,0.0657228926282003,0,0.642275883039079,0.29200122433272,0
"TCGA.QH.A6X4.01A",0,0,0,0,0.546574290688837,0.453425709311163,0
"TCGA.TQ.A7RR.01A",0,0,0.0365664969189062,0,0.68118970871146,0.282243794369634,0
"TCGA.HT.8104.01A",0,0,0.0517964342862239,0,0.859243389897687,0.0889601758160895,0
"TCGA.HT.A74K.01A",0,0,0.0165493380344173,0,0.64147230156724,0.341978360398342,0
"TCGA.DB.A64X.01A",0,0,0,0,0.571895269114208,0.428104730885792,0
"TCGA.HT.8107.01A",0,0,0,0,0.680102969866755,0.319897030133245,0
"TCGA.FG.A710.01A",0,0,0.0792170637509872,0,0.691680428878175,0.229102507370838,0
"TCGA.QH.A6CX.01A",0,0,0.10682605635901,0,0.641622944915029,0.251550998725961,0
"TCGA.CS.6666.01A",0,0,0,0,0.681012697880069,0.318987302119931,0
"TCGA.TM.A7CA.01A",0,0,0,0,0.547116781585342,0.452883218414658,0
"TCGA.HW.7486.01A",0,0,0,0,0.667225214940576,0.332774785059424,0
"TCGA.QH.A6X8.01A",0,0,0,0,0.546480488776432,0.453519511223568,0
"TCGA.DU.A76K.01A",0,0,0,0,0.555657876295814,0.444342123704186,0
"TCGA.DB.A4XD.01A",0,0,0,0,0.640979039669971,0.359020960330029,0
"TCGA.DH.A669.01A",0,0,0.0619204240809924,0,0.724256322043926,0.213823253875082,0
"TCGA.WY.A858.01A",0,0,0.141639590144238,0,0.644479954923154,0.213880454932608,0
"TCGA.DU.7294.01A",0,0,0,0,0.665627665474617,0.334372334525383,0
"TCGA.TM.A7C3.01A",0,0,0,0,0.709003132268711,0.290996867731289,0
"TCGA.WY.A85E.01A",0,0,0,0,0.572571771738206,0.427428228261794,0
"TCGA.FG.A6J1.01A",0,0,0,0,0.652222207478399,0.347777792521601,0
"TCGA.QH.A65Z.01A",0,0,0,0,0.596109247732596,0.403890752267404,0
"TCGA.VM.A8CD.01A",0,0,0.133320627588328,0,0.757106184210799,0.109573188200873,0
"TCGA.HT.8019.01A",0,0,0,0,0.513366942319099,0.486633057680901,0
"TCGA.QH.A6CV.01A",0,0,0.175260520567201,0,0.684639721856575,0.139807985835494,0.000291771740729748
"TCGA.FG.A6IZ.01A",0,0,0,0,0.612068155269662,0.387931844730338,0
"TCGA.P5.A5F1.01A",0,0,0.115560521065123,0,0.706292212518158,0.178147266416719,0
"TCGA.P5.A72U.01A",0,0,0.0464484468599156,0,0.826521175405791,0.114906127813632,0.0121242499206621
"TCGA.CS.4943.01A",0,0,0.00121058804039615,0,0.487644707948292,0.511144704011312,0
"TCGA.P5.A5EW.01A",0,0,0,0,0.719731226276186,0.280268773723814,0
"TCGA.E1.5322.01A",0,0,0.115510961609459,0,0.645032888833261,0.23945614955728,0
"TCGA.HT.A4DS.01A",0,0,0.199821520115052,0,0.509334836343428,0.29084364354152,0
"TCGA.FG.7634.01A",0,0,0.045796157128566,0,0.856640433152129,0.0975634097193053,0
"TCGA.DU.7306.01A",0,0,0,0,0.706256506110584,0.293743493889416,0
"TCGA.FG.7636.01A",0,0,0.000319694786078533,0,0.567784391205622,0.4318959140083,0
"TCGA.S9.A7J3.01A",0,0,0,0,0.71996523739026,0.28003476260974,0
"TCGA.DU.A6S7.01A",0,0,0,0,0.556355438381558,0.443644561618442,0
"TCGA.DU.6396.01A",0,0,0.196785117152703,0,0.786009944520779,0.017204938326518,0
"TCGA.S9.A7QW.01A",0,0,0,0,0.46959773118455,0.53040226881545,0
"TCGA.FG.7643.01A",0,0,0,0,0.675436092236049,0.324563907763951,0
"TCGA.S9.A7R4.01A",0,0,0.028812194290741,0,0.78669272418051,0.184495081528749,0
"TCGA.DU.A6S8.01A",0,0,0,0,0.494925149099032,0.505074850900968,0
"TCGA.HT.7601.01A",0,0,0.278506144528853,0,0.676251165854015,0.0452426896171319,0
"TCGA.HT.7854.01A",0,0,0.140835896159555,0,0.747669450711744,0.111494653128701,0
"TCGA.QH.A6X3.01A",0,0,0.0551840822878529,0,0.626944516877468,0.317871400834679,0
"TCGA.P5.A5F0.01A",0,0,0,0,0.536731153792639,0.46326884620736,0
"TCGA.CS.5395.01A",0,0,0,0,0.638591890437685,0.361408109562315,0
"TCGA.DU.6402.01A",0,0,0.157044791911319,0,0.813469677955294,0.0294855301333877,0
"TCGA.VM.A8CE.01A",0,0,0,0,0.748403554635314,0.251596445364686,0
"TCGA.HT.7467.01A",0,0,0,0,0.697032847064554,0.302967152935446,0
"TCGA.DB.A4XC.01A",0,0,0.0316525794722507,0,0.653657880154253,0.314689540373497,0
"TCGA.RY.A83X.01A",0,0,0,0,0.675203840889231,0.324796159110769,0
"TCGA.HT.A5R9.01A",0,0,0,0,0.547951875542156,0.452048124457844,0
"TCGA.S9.A6WD.01A",0,0,0,0,0.536664112357942,0.463335887642058,0
"TCGA.F6.A8O4.01A",0,0,0,0,0.494977629755232,0.505022370244768,0
"TCGA.TQ.A7RV.01A",0,0,0,0,0.569420329294694,0.430579670705306,0
"TCGA.FG.7637.01A",0,0,0,0,0.682036688490654,0.317963311509346,0
"TCGA.FG.6689.01A",0,0,0.0137519688945471,0,0.734808774722298,0.251439256383155,0
"TCGA.E1.A7YO.01A",0,0,0,0,0.695712069790202,0.304287930209798,0
"TCGA.FG.7638.01B",0,0,0,0,0.686220502533207,0.313779497466793,0
"TCGA.S9.A7QZ.01A",0,0,0,0,0.630456584859474,0.369543415140526,0
"TCGA.P5.A5F2.01A",0,0,0,0,0.638523575149382,0.361476424850618,0
"TCGA.R8.A6YH.01A",0,0,0,0,0.60279256490012,0.39720743509988,0
"TCGA.E1.A7YS.01A",0,0,0,0,0.591068958497806,0.408931041502194,0
"TCGA.HT.7880.01A",0,0,0,0,0.622230338419199,0.377769661580801,0
"TCGA.DU.5852.01A",0,0,0.0681632310204959,0,0.754589668966988,0.177247100012517,0
"TCGA.E1.A7Z4.01A",0,0,0.0537459724922819,0,0.550604063152013,0.395649964355705,0
"TCGA.DU.7298.01A",0,0,0,0,0.635923217046734,0.364076782953266,0
"TCGA.HT.7478.01A",0,0,0.151826774475722,0,0.74550623817937,0.102666987344908,0
"TCGA.DU.A5TU.01A",0,0,0.140835011598041,0,0.576309512859894,0.282855475542065,0
"TCGA.DU.6399.01A",0,0,0.0348559570222965,0,0.668347256963651,0.296796786014052,0
"TCGA.RY.A83Y.01A",0,0,0.00790215570953582,0,0.65767412002854,0.334423724261924,0
"TCGA.DU.7300.01A",0,0,0.00684464084420831,0,0.680047995129145,0.313107364026646,0
"TCGA.S9.A7IX.01A",0,0,0.0867523028714315,0,0.679298571731171,0.233949125397398,0
"TCGA.HT.8558.01A",0,0,0,0,0.527956335693395,0.472043664306605,0
"TCGA.S9.A7IY.01A",0,0,0.0331736008077138,0,0.772304335892051,0.194522063300235,0
"TCGA.DB.A64W.01A",0,0,0,0,0.527636622713749,0.472363377286251,0
"TCGA.S9.A7IZ.01A",0,0,0.0317906864537676,0,0.703012636560587,0.265196676985646,0
"TCGA.DU.6410.01A",0,0,0,0,0.553441801198946,0.446558198801054,0
"TCGA.R8.A6MO.01A",0,0,0,0,0.706981690828545,0.293018309171455,0
"TCGA.P5.A780.01A",0,0,0,0,0.761308092210644,0.238691907789356,0
"TCGA.QH.A6XC.01A",0,0,0.0238686450844613,0,0.656695830210839,0.319435524704699,0
"TCGA.E1.A7YD.01A",0,0,0,0,0.665565940505702,0.334434059494298,0
"TCGA.E1.A7YI.01A",0,0,0,0,0.753867129112886,0.246132870887114,0
"TCGA.DU.8158.01A",0,0,0.244950578593085,0,0.586477021435396,0.168572399971518,0
"TCGA.S9.A6WN.01A",0,0,0.189304746177661,0,0.804963620882817,0.00573163293952202,0
"TCGA.HT.7855.01A",0,0,0,0,0.667510417854796,0.332489582145204,0
"TCGA.HT.8111.01A",0,0,0.0894495577122308,0,0.698364377851039,0.21218606443673,0
"TCGA.WY.A85C.01A",0,0,0,0,0.684939313968293,0.315060686031707,0
"TCGA.CS.6290.01A",0,0,0.188998952181586,0,0.622763354464117,0.188237693354296,0
"TCGA.HT.8114.01A",0,0,0.0794657793470188,0,0.793044056791409,0.127490163861572,0
"TCGA.S9.A6TU.01A",0,0,0.0292969633552248,0,0.679446199207305,0.29125683743747,0
"TCGA.HT.7616.01A",0,0.00219364495190896,0.10531794605416,0,0.808167721532736,0.0843206874611954,0
"TCGA.HT.8010.01A",0,0,0,0,0.674241831214936,0.325758168785064,0
"TCGA.DH.A7UU.01A",0,0,0,0,0.611177393580975,0.388822606419025,0
"TCGA.E1.A7Z3.01A",0,0,0,0,0.737961427766799,0.262038572233201,0
"TCGA.E1.A7YM.01A",0,0,0,0,0.559619819327014,0.440380180672986,0
"TCGA.S9.A6WG.01A",0,0,0.0174339193779725,0,0.946649577281093,0.0152012432343383,0.0207152601065966
"TCGA.HW.8319.01A",0,0,0,0,0.629355811474221,0.370644188525779,0
"TCGA.TM.A84R.01A",0,0,0,0,0.548648473316526,0.451351526683474,0
"TCGA.DH.A66D.01A",0,0,0.0221633379429254,0,0.697261625068669,0.280575036988406,0
"TCGA.S9.A6WP.01A",0,0,0.0328650008794569,0,0.603852024639308,0.363282974481235,0
"TCGA.DU.A7TB.01A",0,0,0,0,0.573538115932956,0.426461884067044,0
"TCGA.DB.A64V.01A",0,0,0.171139954607531,0,0.572811168388148,0.256048877004321,0
"TCGA.HT.8113.01A",0,0,0,0,0.550137895632369,0.449862104367631,0
"TCGA.HT.7604.01A",0,0,0,0,0.565529289469257,0.434470710530743,0
"TCGA.FG.A711.01A",0,0,0,0,0.614684963302113,0.385315036697887,0
"TCGA.FG.A60L.01A",0,0,0.0837962700012512,0,0.600701932777929,0.315501797220819,0
"TCGA.E1.5307.01A",0,0,0,0,0.572773488845056,0.427226511154944,0
"TCGA.DB.5279.01A",0,0,0,0,0.800636392465376,0.199363607534624,0
"TCGA.DU.7018.01A",0,0,0,0,0.571415841812759,0.428584158187241,0
"TCGA.S9.A6TZ.01A",0,0,0.00342000324363002,0,0.707562614541735,0.289017382214635,0
"TCGA.HT.A61C.01A",0,0,0.150553476771333,0,0.699088490595397,0.150358032633269,0
"TCGA.HT.A5R7.01A",0,0,0,0,0.639490017170296,0.360509982829704,0
"TCGA.HW.7495.01A",0,0,0,0,0.729092829943617,0.270907170056383,0
"TCGA.HT.7677.01A",0,0,0,0,0.822521375486399,0.177478624513601,0
"TCGA.F6.A8O3.01A",0,0,0,0,0.544076961679311,0.455923038320689,0
"TCGA.P5.A730.01A",0,0,0,0,0.641844710085376,0.358155289914624,0
"TCGA.DU.A5TY.01A",0,0,0.399838126256963,0,0.439761850153488,0.160400023589549,0
"TCGA.HT.8015.01B",0,0,0.0426538957330029,0,0.658870631864079,0.298475472402918,0
"TCGA.DU.6393.01A",0,0,0,0,0.640096517066285,0.359903482933715,0
"TCGA.TQ.A7RS.01A",0,0,0,0,0.700658196652242,0.299341803347758,0
"TCGA.E1.A7YU.01A",0,0,0,0,0.60754078021181,0.39245921978819,0
"TCGA.CS.5394.01A",0,0,0,0,0.522553355331615,0.477446644668385,0
"TCGA.HT.8018.01A",0,0,0.0782224836097948,0,0.807729459603909,0.114048056786297,0
"TCGA.HT.7482.01A",0,0,0.00846259144597201,0,0.756084215386258,0.23545319316777,0
"TCGA.E1.A7YY.01A",0,0,0,0,0.586606349805588,0.413393650194412,0
"TCGA.DU.A5TR.01A",0,0,0.219044402854264,0,0.620216765481591,0.160738831664145,0
"TCGA.VM.A8CB.01A",0,0,0,0,0.46759536692689,0.53240463307311,0
"TCGA.E1.5311.01A",0,0,0,0,0.729870368651445,0.270129631348555,0
"TCGA.E1.A7Z2.01A",0,0,0,0,0.601157930012385,0.398842069987615,0
"TCGA.DB.A75P.01A",0,0,0,0,0.723188403070255,0.276811596929745,0
"TCGA.TM.A84T.01A",0,0,0,0,0.592460863211252,0.407539136788748,0
"TCGA.FG.A4MT.01A",0,0,0,0,0.551417010252282,0.448582989747719,0
"TCGA.DU.A5TW.01A",0,0,0,0,0.526218244040404,0.473781755959596,0
"TCGA.DU.A6S2.01A",0,0,0,0,0.696821425981578,0.303178574018422,0
"TCGA.DU.6395.01A",0,0,0,0,0.620455762110553,0.379544237889447,0
"TCGA.FG.8189.01B",0,0,0,0,0.550520956307725,0.449479043692275,0
"TCGA.CS.4941.01A",0,0,0.256923577277279,0,0.69170729471108,0.0513691280116411,0
"TCGA.HT.7684.01A",0,0,0.051472502084254,0,0.600088281495578,0.348439216420168,0
"TCGA.RY.A83Z.01A",0,0,0,0,0.475359562051652,0.524640437948348,0
"TCGA.S9.A6U9.01A",0,0,0.0728072325491126,0,0.773160228119927,0.154032539330961,0
"TCGA.DB.A4XH.01A",0,0,0,0,0.675135310800602,0.324864689199398,0
"TCGA.HT.7881.01A",0,0,0,0,0.615731143084935,0.384268856915065,0
"TCGA.HW.7491.01A",0,0,0,0,0.618238605109339,0.38176139489066,0
"TCGA.DB.A64Q.01A",0,0,0,0,0.670268093865409,0.329731906134591,0
"TCGA.DU.6542.01A",0,0,0.0655137568933211,0,0.780948602024827,0.153537641081852,0
"TCGA.S9.A6WL.01A",0,0,0,0,0.721477604406374,0.278522395593626,0
"TCGA.S9.A6TV.01A",0,0,0.185543362501244,0,0.780321228934885,0.0341354085638711,0
"TCGA.S9.A6WQ.01A",0,0,0.0645767030809326,0,0.629509650262257,0.30591364665681,0
"TCGA.HT.7472.01A",0,0,0.0789951330418835,0,0.738170151292482,0.182834715665634,0
"TCGA.E1.A7YE.01A",0,0,0.197923896055504,0,0.747488441309142,0.0545876626353533,0
"TCGA.CS.5393.01A",0,0,0.00459289471769479,0,0.656457870505273,0.338949234777032,0
"TCGA.HT.7858.01A",0,0,0.111855301811556,0,0.639731878666246,0.248412819522198,0
"TCGA.DU.A76L.01A",0,0,0.190384509669777,0,0.742130600638062,0.000931915260638134,0.0665529744315234
"TCGA.FG.8188.01A",0,0,0,0,0.664302292091415,0.335697707908585,0
"TCGA.HT.7480.01A",0,0,0,0,0.732642528933866,0.267357471066134,0
"TCGA.FG.5965.01B",0,0,0.0235947971974344,0,0.764763515238906,0.21164168756366,0
"TCGA.W9.A837.01A",0,0,0,0,0.660779660858936,0.339220339141064,0
"TCGA.HT.7485.01A",0,0,0.0408455341385853,0,0.669918357688116,0.289236108173298,0
"TCGA.HT.8011.01A",0,0,0.0629338678132984,0,0.606155217749348,0.330910914437354,0
"TCGA.DU.A7TC.01A",0,0,0,0,0.5032281080034,0.4967718919966,0
"TCGA.DU.A76R.01A",0,0,0,0,0.625293770948545,0.374706229051455,0
"TCGA.DH.5140.01A",0,0,0.00314703587161959,0,0.718872477352839,0.24552946676231,0.032451020013232
"TCGA.TM.A84F.01A",0,0,0.197717101211232,0,0.623362600900642,0.178920297888126,0
"TCGA.HT.8563.01A",0,0,0.528694731549673,0,0.469532122077387,0.00177314637294,0
"TCGA.HT.7691.01A",0,0,0.183439762135398,0,0.732899304547149,0.0507821181575983,0.0328788151598551
"TCGA.P5.A72X.01A",0,0,0,0,0.736636295502114,0.263363704497886,0
"TCGA.HT.8108.01A",0,0,0.0487117977364945,0,0.62594424061173,0.325343961651775,0
"TCGA.S9.A7J1.01A",0,0,0,0,0.76921046674798,0.23078953325202,0
"TCGA.HT.A5R5.01A",0,0,0.112659235393987,0,0.7730922811085,0.114248483497513,0
"TCGA.P5.A781.01A",0,0,0,0,0.615372636716108,0.384627363283892,0
"TCGA.FN.7833.01A",0,0,0.16407212704948,0,0.768569050037189,0.0673588229133305,0
"TCGA.E1.A7YV.01A",0,0,0,0,0.621096683221143,0.378903316778857,0
"TCGA.TQ.A7RM.01A",0,0,0,0,0.517929368483166,0.482070631516834,0
"TCGA.DU.5849.01A",0,0,0,0,0.594343384754567,0.405656615245433,0
"TCGA.TQ.A8XE.01A",0,0,0,0,0.571285168834432,0.428714831165568,0
"TCGA.S9.A6WO.01A",0,0,0.00492738449356496,0,0.64430117754812,0.350771437958315,0
"TCGA.DU.A7TD.01A",0,0.00142808002935339,0.1606834626806,1.28014449268294e-05,0.791032132741205,0.0468435231039143,0
"TCGA.TM.A84G.01A",0,0,0,0,0.643138342694419,0.356861657305581,0
"TCGA.DB.5273.01A",0,0,0.123115425040891,0,0.697517809934261,0.179366765024848,0
"TCGA.DB.A4XB.01A",0,0,0.0055213021902258,0,0.643182761533161,0.351295936276613,0
"TCGA.HT.7620.01A",0,0,0,0,0.615261640830053,0.384738359169947,0
"TCGA.TM.A84B.01A",0,0,0,0,0.823000733149556,0.176999266850444,0
"TCGA.TM.A7CF.01A",0,0,0,0,0.520578313556703,0.479421686443297,0
"TCGA.FG.5964.01A",0,0,0.14910020437743,0,0.554290944224961,0.29660885139761,0
"TCGA.DU.5874.01A",0,0,0,0,0.585738720112479,0.414261279887521,0
"TCGA.DU.A5TT.01A",0,0,0.00291474588018618,0,0.688116954575555,0.308968299544259,0
"TCGA.HT.7695.01A",0,0,0,0,0.650358664411925,0.349641335588075,0
"TCGA.S9.A7R2.01A",0,0,0.176728507344673,0,0.479735425241536,0.343536067413791,0
"TCGA.DU.8164.01A",0,0,0,0,0.606343059987991,0.393656940012009,0
"TCGA.TQ.A7RF.01A",0,0,0,0,0.710376993405265,0.289623006594735,0
"TCGA.FG.6692.01A",0,0,0.0581224376361775,0,0.699554877079932,0.242322685283891,0
"TCGA.DU.7013.01A",0,0,0.106404495185576,0,0.752148366213376,0.141447138601048,0
"TCGA.P5.A733.01A",0,0,0,0,0.614666190512917,0.385333809487083,0
"TCGA.CS.4938.01B",0,0,0,0,0.62145370022153,0.37854629977847,0
"TCGA.DB.A64O.01A",0,0,0.0145569303816522,0,0.611171565473561,0.374271504144787,0
"TCGA.HW.8320.01A",0,0,0.000743127327816283,0,0.692316664580708,0.306940208091476,0
"TCGA.HT.7694.01A",0,0,0,0,0.608938603446141,0.391061396553859,0
"TCGA.P5.A77W.01A",0,0,0,0,0.534136404150564,0.465863595849436,0
"TCGA.HT.7473.01A",0,0,0.194720355321436,0,0.58851153027237,0.216768114406194,0
"TCGA.CS.5396.01A",0,0,0.0076281855758496,0,0.857712030083742,0.134659784340408,0
"TCGA.CS.6669.01A",0,0,0,0,0.520440438037778,0.479559561962222,0
"TCGA.FG.A70Y.01A",0,0,0.0304053155974286,0,0.648472120485692,0.321122563916879,0
"TCGA.FG.8185.01A",0,0,0,0,0.574842432522747,0.425157567477253,0
"TCGA.QH.A6CY.01A",0,0,0,0,0.614162041744824,0.385837958255176,0
"TCGA.S9.A6WE.01A",0,0,0,0,0.751476649255315,0.248523350744685,0
"TCGA.HT.7875.01A",0,0,0,0,0.715560382161515,0.284439617838485,0
"TCGA.DU.A5TS.01A",0,0,0,0,0.590282570500716,0.409717429499284,0
"TCGA.CS.6668.01A",0,0,0,0,0.553045275109004,0.446954724890996,0
"TCGA.DB.A4XA.01A",0,0,0.0217782678845414,0,0.598847747239065,0.379373984876394,0
"TCGA.P5.A5EZ.01A",0,0,0.0421983911736266,0,0.668686310490589,0.289115298335784,0
"TCGA.DU.5855.01A",0,0,0.0596216845207357,0,0.759093920474707,0.181284395004557,0
"TCGA.HW.A5KJ.01A",0,0,0,0,0.625303237661186,0.374696762338814,0
"TCGA.R8.A6MK.01A",0,0,0,0,0.68444099577287,0.31555900422713,0
"TCGA.DH.A7UR.01A",0,0,0,0,0.665996024243826,0.334003975756174,0
"TCGA.HT.7680.01A",0,0,0.203977261631608,0,0.7405365359658,0.0524478535206199,0.00303834888197271
"TCGA.WY.A85D.01A",0,0,0.0204660410781652,0,0.523267331718516,0.456266627203319,0
"TCGA.FG.A4MU.01B",0,0,0.180163254704758,0,0.789157648826009,0,0.0306790964692327
"TCGA.S9.A6TY.01A",0,0,0,0,0.465053352846039,0.534946647153961,0
"TCGA.DU.7309.01A",0,0,0,0,0.635404180007946,0.364595819992054,0
"TCGA.TQ.A7RN.01A",0,0,0,0,0.643820493705471,0.356179506294529,0
"TCGA.HT.A615.01A",0,0,0.075592757466592,0,0.679311905800135,0.245095336733273,0
"TCGA.E1.A7YL.01A",0,0,0.251638152178443,0,0.642803044735822,0.0891799277505031,0.0163788753352312
"TCGA.DH.A66B.01A",0,0,0.233833487947694,0,0.526616546359941,0.239549965692365,0
"TCGA.TQ.A7RW.01A",0,0,0.0809778665170934,0,0.675675040053752,0.243347093429154,0
"TCGA.QH.A86X.01A",0,0,0,0,0.712601755268095,0.287398244731905,0
"TCGA.DB.A4XF.01A",0,0,0.0179167457367575,0,0.77535247447665,0.206730779786593,0
"TCGA.HT.7605.01A",0,0,0,0,0.65009649124116,0.34990350875884,0
"TCGA.TQ.A7RK.01A",0,0,0,0,0.523411275204783,0.476588724795217,0
"TCGA.E1.A7YK.01A",0,0,0.289634471817439,0,0.584195387235674,0.126170140946888,0
"TCGA.CS.5397.01A",0,0,0.049492759147533,0,0.69725968609628,0.253247554756187,0
"TCGA.DU.5853.01A",0,0,0.0427726670083231,0,0.635649650112142,0.321577682879535,0
"TCGA.HT.7902.01A",0,0,0.000699459977988024,0,0.651021635680599,0.348278904341413,0
"TCGA.HT.7479.01A",0,0,0.0585858816925116,0,0.660595048380223,0.280819069927266,0
"TCGA.HT.7477.01B",0,0,0,0,0.658586550030312,0.341413449969688,0
"TCGA.TM.A84O.01A",0,0,0.00420179434084269,0,0.761736113743012,0.234062091916146,0
"TCGA.DH.5141.01A",0,0,0,0,0.675870812358027,0.324129187641973,0
"TCGA.FG.8186.01A",0,0,0.112432828517652,0,0.696994590613607,0.190572580868741,0
"TCGA.HT.8012.01A",0,0,0,0,0.714832477616799,0.285167522383201,0
"TCGA.HT.7686.01A",0,0,0.201396399713753,0,0.744105452615637,0.0544981476706106,0
"TCGA.HT.7475.01A",0,0,0,0,0.471574250802665,0.528425749197335,0
"TCGA.FG.A87Q.01A",0,0,0.15392343950837,0,0.657186121869417,0.188890438622213,0
"TCGA.S9.A6TX.01A",0,0,0,0,0.65432366569661,0.34567633430339,0
"TCGA.HT.8013.01A",0,0,0.117587801048327,0,0.57044999254237,0.311962206409303,0
"TCGA.TM.A7C4.01A",0,0,0,0,0.514195927011138,0.485804072988862,0
"TCGA.DH.5143.01A",0,0,0.0132323415565699,0,0.669730471409759,0.317037187033671,0
"TCGA.HT.7606.01A",0,0,8.58425003293077e-05,0,0.708061671697769,0.291852485801902,0
"TCGA.WY.A859.01A",0,0,0,0,0.504615710310141,0.495384289689859,0
"TCGA.HT.7483.01A",0,0,0,0,0.62548150191985,0.374518498080151,0
"TCGA.VW.A7QS.01A",0,0,0,0,0.576530894418334,0.423469105581666,0
"TCGA.P5.A5EV.01A",0,0,0,0,0.580364072611738,0.419635927388262,0
"TCGA.DU.6400.01A",0,0,0,0,0.603200769443642,0.396799230556358,0
"TCGA.VV.A86M.01A",0,0,0.00671098688303507,0,0.609720518896452,0.383568494220513,0
"TCGA.QH.A6X9.01A",0,0,0,0,0.540015396782485,0.459984603217515,0
"TCGA.HT.A618.01A",0,0,0.160354872945354,0,0.593424493552186,0.246220633502459,0
"TCGA.FG.6691.01A",0,0,0.0872809894173295,0,0.628213382525177,0.284505628057494,0
"TCGA.S9.A6WI.01A",0,0,0,0,0.510903127808467,0.489096872191532,0
"TCGA.DU.7011.01A",0,0,0.0844426440205271,0,0.665048588566259,0.250508767413214,0
"TCGA.DU.6405.01A",0,0,0.10004745621561,0,0.735953791531846,0.163998752252544,0
"TCGA.HT.7609.01A",0,0,0.0257358821546052,0,0.653618963140412,0.320645154704982,0
"TCGA.TM.A84S.01A",0,0,0,0,0.703643547169776,0.296356452830224,0
"TCGA.DU.8168.01A",0,0,0,0,0.577575457739649,0.422424542260351,0
"TCGA.FG.A87N.01A",0,0,0,0,0.75698510496776,0.24301489503224,0
"TCGA.DB.5278.01A",0,0,0,0,0.759122189361102,0.240877810638898,0
"TCGA.FG.A4MY.01A",0,0,0,0,0.639942046315654,0.360057953684346,0
"TCGA.E1.A7YN.01A",0,0.00303780977519636,0.505299156099261,0,0.490102205082582,0.00156082904296047,0
"TCGA.DU.7010.01A",0,0,0,0,0.672893430355593,0.327106569644407,0
"TCGA.S9.A7J0.01A",0,0,0,0,0.492735458630693,0.507264541369307,0
"TCGA.WY.A85A.01A",0,0,0,0,0.544534706687488,0.455465293312512,0
"TCGA.TQ.A7RQ.01A",0,0,0,0,0.57666008919729,0.42333991080271,0
"TCGA.HT.7873.01B",0,0,0,0,0.755998262949289,0.244001737050711,0
"TCGA.DU.8167.01A",0,0,0.0266123556977243,0,0.615483452913607,0.357904191388669,0
"TCGA.S9.A6U2.01A",0,0,0.00610036813726861,0,0.780606437128167,0.213293194734564,0
"TCGA.S9.A7IQ.01A",0,0,0,0,0.559466563069988,0.440533436930012,0
"TCGA.HW.7487.01A",0,0,0,0,0.574474089403082,0.425525910596918,0
"TCGA.FG.5963.01A",0,0,0.47375205750184,0,0.443512974528917,0.0827349679692425,0
"TCGA.HT.A5RA.01A",0,0,0.0377991040613481,0,0.929742383824789,0.0324585121138624,0
"TCGA.HT.A4DV.01A",0,0,0.00736400584746067,0,0.64966643277982,0.342969561372719,0
"TCGA.DH.A66G.01A",0,0,0.0771183573792854,0,0.698622966982356,0.224258675638358,0
"TCGA.DU.7015.01A",0,0,0.0476569962390182,0,0.670231117757142,0.28211188600384,0
"TCGA.R8.A73M.01A",0,0,0,0,0.52638287439315,0.47361712560685,0
"TCGA.TQ.A7RJ.01A",0,0,0.00880327184730307,0,0.685805244553344,0.305391483599353,0
"TCGA.DU.A7TJ.01A",0,0,0.0975062989672468,0,0.846394197216637,0.0560995038161165,0
"TCGA.TM.A84C.01A",0,0,0.0675465298817914,0,0.86095208729193,0.0715013828262784,0
"TCGA.DB.5280.01A",0,0,0,0,0.703956847700444,0.296043152299556,0
"TCGA.TQ.A7RH.01A",0,0,0.0199068929917268,0,0.584026145232631,0.396066961775642,0
"TCGA.RY.A847.01A",0,0,0.00721931426526785,0,0.663888309742965,0.328892375991767,0
"TCGA.HW.A5KL.01A",0,0,0,0,0.641284478773243,0.358715521226757,0
"TCGA.DU.8163.01A",0,0,0.0344866577821092,0,0.658765752267483,0.306747589950408,0
"TCGA.HT.7603.01A",0,0,0,0,0.604112233066997,0.395887766933003,0
"TCGA.HT.8105.01A",0,0,0,0,0.733774641172917,0.266225358827083,0
"TCGA.P5.A72W.01A",0,0,0,0,0.474277032270305,0.525722967729695,0
"TCGA.DB.5281.01A",0,0,0,0,0.690941445074544,0.309058554925456,0
"TCGA.DB.A64S.01A",0,0,0.0718693305507865,0,0.643703031094202,0.284427638355011,0
"TCGA.HT.8109.01A",0,0,0,0,0.64597279217398,0.35402720782602,0
"TCGA.WY.A85B.01A",0,0,0.0571081807903013,0,0.533015232230636,0.409876586979063,0
"TCGA.E1.5302.01A",0,0,0.104120623520059,0,0.648533528772271,0.24734584770767,0
"TCGA.DB.5275.01A",0,0,0,0,0.760174339592138,0.239825660407862,0
"TCGA.E1.A7YJ.01A",0,0,0.153560422771084,0,0.777604665256309,0.0688349119726069,0
"TCGA.FG.6688.01A",0,0,0.222053555895202,0,0.552430179426179,0.225516264678619,0
"TCGA.TM.A84M.01A",0,0,0,0,0.588478875699422,0.411521124300578,0
"TCGA.HT.A617.01A",0,0,0.247897470935043,0,0.59701306463453,0.154735236574155,0.000354227856272851
"TCGA.CS.5390.01A",0,0,0,0,0.558822344985246,0.441177655014754,0
"TCGA.CS.6188.01A",0,0,0.105452167920539,0,0.861113844633375,0.0334339874460868,0
"TCGA.QH.A6CU.01A",0,0,0.0337493075238203,0,0.621750026320385,0.344500666155795,0
"TCGA.S9.A89Z.01A",0,0,0.226384782657913,0,0.667310514299685,0.106304703042403,0
"TCGA.VM.A8CF.01A",0,0,0.340354434472693,0,0.301804732973323,0.357840832553985,0
"TCGA.DU.A5TP.01A",0,0,0.206106065061336,0,0.594211958370035,0.199681976568629,0
"TCGA.S9.A7IS.01A",0,0,0,0,0.700029173412072,0.299970826587928,0
"TCGA.VM.A8C8.01A",0,0,0,0,0.653055564599339,0.346944435400661,0
"TCGA.DB.A4XG.01A",0,0,0,0,0.619327718429934,0.380672281570066,0
"TCGA.S9.A6TS.01A",0,0,0.0186120494774746,0,0.613933668832399,0.367454281690126,0
"TCGA.HT.7690.01A",0,0,0.146855270909558,0,0.698582485207351,0.154562243883091,0
"TCGA.DU.8166.01A",0,0,0.000433995791006435,0,0.66886411699655,0.330701887212444,0
"TCGA.HT.7476.01A",0,0,0,0,0.701999273388735,0.298000726611265,0
"TCGA.DU.6401.01A",0,0,0,0,0.782810292953358,0.217189707046642,0
"TCGA.DH.5142.01A",0,0,0.214452114455121,0,0.581335965050724,0.204211920494155,0
"TCGA.DU.6404.01A",0,0,0,0,0.807898852871173,0.192101147128827,0
"TCGA.HT.A614.01A",0,0,0,0,0.616438499249498,0.383561500750502,0
"TCGA.DB.A4X9.01A",0,0,0,0,0.621325361552952,0.378674638447047,0
"TCGA.DH.A7UT.01A",0,0,0,0,0.681540602541945,0.318459397458054,0
"TCGA.QH.A6CW.01A",0,0,0.0334675629141147,0,0.691544382957465,0.274988054128421,0
"TCGA.FG.A4MW.01A",0,0,0.00644032503900397,0,0.771795893772093,0.221763781188903,0
"TCGA.P5.A5ET.01A",0,0,0,0,0.625791283577734,0.374208716422266,0
"TCGA.TM.A84Q.01A",0,0,0.0538973958163047,0,0.661388775683061,0.284713828500634,0
"TCGA.DH.5144.01A",0,0,0,0,0.592332575818219,0.407667424181781,0
"TCGA.E1.5303.01A",0,0,0.106047205686405,0,0.652278162268211,0.241674632045384,0
"TCGA.TQ.A7RP.01A",0,0,0.161578913353856,0,0.553224494624305,0.285196592021838,0
"TCGA.E1.5318.01A",0,0,0,0,0.753149329392766,0.246850670607234,0
"TCGA.S9.A7QY.01A",0,0,0,0,0.574987131885774,0.425012868114226,0
"TCGA.FG.5962.01B",0,0,0,0,0.638947579257995,0.361052420742005,0
"TCGA.DB.A75K.01A",0,0,0.0117510233021701,0,0.862506424670958,0.125742552026872,0
"TCGA.RY.A845.01A",0,0,0,0,0.619486201788386,0.380513798211614,0
"TCGA.DU.7012.01A",0,0,0.394942262344261,0,0.521149905678639,0,0.0839078319771002
"TCGA.HT.A619.01A",0,0,0,0,0.571247995184811,0.428752004815189,0
"TCGA.DU.6397.01A",0,0,0.00430877404459385,0,0.730817282988661,0.264873942966745,0
"TCGA.DU.A7T6.01A",0,0,0,0,0.613820830654616,0.386179169345384,0
"TCGA.E1.A7Z6.01A",0,0,0,0,0.799184827755753,0.200815172244247,0
"TCGA.DU.7007.01A",0,0,0.162374313401086,0,0.703671603376242,0.133954083222672,0
"TCGA.WH.A86K.01A",0,0,0,0,0.618051411618976,0.381948588381024,0
"TCGA.DU.7008.01A",0,0,0,0,0.500356218740127,0.499643781259873,0
"TCGA.HT.7693.01A",0,0,0.0972447283423472,0,0.757864861064349,0.144890410593304,0
"TCGA.IK.7675.01A",0,0,0,0,0.586784594902355,0.413215405097645,0
"TCGA.S9.A7R3.01A",0,0,0.0316193517455175,0,0.70431103046426,0.264069617790222,0
"TCGA.HT.7688.01A",0,0,0,0,0.577731326241996,0.422268673758004,0
"TCGA.DH.A7US.01A",0,0,0,0,0.689711873159621,0.310288126840379,0
"TCGA.DU.7302.01A",0,0,0,0,0.713258922420769,0.286741077579231,0
"TCGA.KT.A74X.01A",0,0,0,0,0.598430763918171,0.401569236081829,0
"TCGA.CS.6186.01A",0,0,0.0456303462516469,0,0.613790652723724,0.340579001024629,0
"TCGA.HW.8321.01A",0,0,0,0,0.701805897014559,0.298194102985441,0
"TCGA.HT.A74J.01A",0,0,0,0,0.648609295557197,0.351390704442803,0
"TCGA.R8.A6ML.01A",0,0,0,0,0.690917700338544,0.309082299661456,0
"TCGA.DU.6407.01A",0,0,0,0,0.617794447727854,0.382205552272146,0
"TCGA.S9.A89V.01A",0,0,0.0201634744346332,0,0.784470755050072,0.195365770515294,0
"TCGA.HT.7481.01A",0,0,0,0,0.588551983247916,0.411448016752084,0
"TCGA.DU.A76O.01A",0,0,0.0538575150387124,0,0.599115725539678,0.34702675942161,0
"TCGA.HT.7877.01A",0,0,0,0,0.696833112007547,0.303166887992453,0
"TCGA.TM.A7C5.01A",0,0,0,0,0.5730513907873,0.4269486092127,0
"TCGA.DU.5854.01A",0,0,0.125809552926696,0,0.729968004222934,0.14422244285037,0
"TCGA.DU.A7T8.01A",0,0,0.00757190039988203,0,0.614713120889512,0.377714978710606,0
"TCGA.DU.7019.01A",0,0,0.00408882440125839,0,0.712796027785459,0.283115147813283,0
"TCGA.DU.7299.01A",0,0,0.0100264584713769,0,0.700389589698151,0.289583951830471,0
"TCGA.DU.7006.01A",0,0,0.23710090598219,0,0.7483589853595,0.0145401086583101,0
"TCGA.S9.A6WH.01A",0,0,0,0,0.556340394327386,0.443659605672614,0
"TCGA.S9.A7QX.01A",0,0,0.0119798080054256,0,0.545594365347754,0.44242582664682,0
"TCGA.P5.A736.01A",0,0,0.227577337615263,0,0.539937122294789,0.232485540089949,0
"TCGA.DB.A64U.01A",0,0,0,0,0.683820085539538,0.316179914460462,0
"TCGA.FG.A6J3.01A",0,0,0.379725142381077,0,0.473572523642236,0.146702333976687,0
"TCGA.E1.A7YW.01A",0,0,0,0,0.73008039418649,0.26991960581351,0
"TCGA.DH.A66F.01A",0,0,0,0,0.707727381837172,0.292272618162828,0
"TCGA.FG.7641.01B",0,0,0,0,0.672104254981754,0.327895745018246,0
"TCGA.HW.A5KM.01A",0,0,0.449079826362828,0,0.539401353614731,0.0115188200224409,0
"TCGA.P5.A737.01A",0,0,0,0,0.544141811464171,0.455858188535829,0
"TCGA.TQ.A7RI.01A",0,0,0,0,0.717851278425233,0.282148721574767,0
"TCGA.DU.A6S6.01A",0,0,0,0,0.555554232375651,0.444445767624349,0
"TCGA.P5.A731.01A",0,0,0,0,0.749979372325756,0.250020627674244,0
"TCGA.DB.A64R.01A",0,0,0,0,0.632677939876815,0.367322060123185,0
"TCGA.QH.A65R.01A",0,0,0,0,0.633556441769222,0.366443558230778,0
"TCGA.HT.A74L.01A",0,0,0,0,0.655076416600757,0.344923583399244,0
"TCGA.CS.4944.01A",0,0,0.0486671455360378,0,0.571770125457559,0.379562729006404,0
"TCGA.HT.7676.01A",0,0,0.0187784763193279,0,0.625875953325469,0.355345570355203,0
"TCGA.VV.A829.01A",0,0,0,0,0.722751929067316,0.277248070932684,0
"TCGA.P5.A5EU.01A",0,0,0.14127682872645,0,0.744939270008037,0.113783901265513,0
"TCGA.DU.5872.01A",0,0,0.0348573540781707,0,0.670704292993374,0.294438352928455,0
"TCGA.P5.A72Z.01A",0,0,0,0,0.580657133504798,0.419342866495202,0
"TCGA.TM.A84J.01A",0,0,0,0,0.739847104863795,0.260152895136205,0
"TCGA.HT.7879.01A",0,0,0,0,0.696411843068554,0.303588156931446,0
"TCGA.HT.A616.01A",0,0,0,0,0.576486895461792,0.423513104538208,0
"TCGA.P5.A5EX.01A",0,0,0.24081937653683,0,0.73130527613974,0.0270573588422726,0.000817988481157618
"TCGA.FG.A713.01A",0,0,0,0,0.590583365164094,0.409416634835906,0
"TCGA.P5.A5F6.01A",0,0,0,0,0.662848111867856,0.337151888132144,0
"TCGA.DH.A7UV.01A",0,0,0,0,0.642079039577567,0.357920960422433,0
"TCGA.S9.A6U1.01A",0,0,0,0,0.649750776601462,0.350249223398538,0
"TCGA.S9.A6U0.01A",0,0,0.0652478489397577,0,0.931188889713605,0.0035632613466372,0
"TCGA.DU.5847.01A",0,0,0.211942483951307,0,0.6233397523527,0.164717763695993,0
"TCGA.S9.A6U5.01A",0,0,0.0895989128771551,0,0.678134595859637,0.232266491263208,0
"TCGA.DU.6394.01A",0,0,0,0,0.771020030717875,0.228979969282125,0
"TCGA.HT.A5RB.01A",0,0,0,0,0.620368050448334,0.379631949551666,0
"TCGA.TM.A84H.01A",0,0,0,0,0.639248222774765,0.360751777225235,0
"TCGA.VM.A8C9.01A",0,0,0.40355773167349,0,0.478620679350408,0.117821588976103,0
"TCGA.P5.A5EY.01A",0,0,0.00288263007810536,0,0.663797401794,0.333319968127895,0
"TCGA.S9.A7R8.01A",0,0,0.0326852198991726,0,0.595367692237168,0.37194708786366,0
"TCGA.HT.7471.01A",0,0,0.102956772655439,0,0.712292119293273,0.184751108051288,0
"TCGA.HW.A5KK.01A",0,0,0.210128422639094,0,0.59235640872661,0.197515168634296,0
"TCGA.E1.A7YQ.01A",0,0,0.213897146308515,0,0.714314803903323,0.0717880497881627,0
"TCGA.HT.A61B.01A",0,0,0.187036376198524,0,0.62784801710921,0.185115606692265,0
"TCGA.HT.A74O.01A",0,0,0.19676969116115,0,0.53672021648464,0.26651009235421,0
"TCGA.HT.7469.01A",0,0,0,0,0.745378447441649,0.254621552558351,0
"TCGA.DU.7292.01A",0,0,0,0,0.664270541975399,0.335729458024601,0
"TCGA.DU.A7TG.01A",0,0,0,0,0.659527260719245,0.340472739280755,0
"TCGA.S9.A7R1.01A",0,0,0,0,0.633384402081342,0.366615597918658,0
"TCGA.HT.7689.01A",0,0,0,0,0.674887543096092,0.325112456903908,0
"TCGA.VM.A8CA.01A",0,0,0,0,0.749225226501031,0.250774773498969,0
"TCGA.DU.8162.01A",0,0,0,0,0.610316144781978,0.389683855218022,0
"TCGA.HT.8110.01A",0,0,0.376895842130068,0,0.45074835839865,0.172355799471282,0
"TCGA.S9.A6U8.01A",0,0,0.0254618045185293,0,0.698152174583459,0.276386020898012,0
"TCGA.E1.5305.01A",0,0,0,0,0.683271512262755,0.316728487737245,0
"TCGA.FG.A60K.01A",0,0,0,0,0.760797497827602,0.239202502172398,0
"TCGA.HT.7687.01A",0,0,0.00678450394996557,0,0.669026495358719,0.324189000691316,0
"TCGA.HT.7607.01A",0,0,0.0120215587290701,0,0.66859540876861,0.31938303250232,0
"TCGA.DU.5871.01A",0,0,0.0130233058954842,0,0.638956981427871,0.348019712676645,0
"TCGA.IK.8125.01A",0,0,0,0,0.61548276431401,0.38451723568599,0
"TCGA.KT.A7W1.01A",0,0,0,0,0.884580151327112,0.115419848672888,0
"TCGA.DU.7304.01A",0,0,0.0439330403802621,0,0.694112356994584,0.261954602625154,0
"TCGA.HT.7882.01A",0,0,0.28083014592509,0,0.338853889944129,0,0.380315964130781
"TCGA.HT.7608.01A",0,0,0,0,0.870321119215596,0.129678880784404,0
"TCGA.FG.8187.01A",0,0,0,0,0.668545050984947,0.331454949015053,0
"TCGA.VM.A8CH.01A",0,0,0.0385031495972499,0,0.614181114870541,0.347315735532209,0
"TCGA.E1.5319.01A",0,0,0,0,0.797978036253293,0.202021963746707,0
"TCGA.DU.6403.01A",0,0,0.230241438443731,0,0.526837653841184,0.242920907715085,0
"TCGA.DU.6392.01A",0,0,0.0401270277038977,0,0.727345244336881,0.232527727959222,0
"TCGA.HT.7602.01A",0,0,0.0219876993184088,0,0.724703276626306,0.253309024055285,0
"TCGA.HW.8322.01A",0,0,0,0,0.598648091534689,0.401351908465311,0
"TCGA.FG.8182.01A",0,0,0.0242143307125198,0,0.651915612741521,0.323870056545959,0
"TCGA.DU.8165.01A",0,0,0.193188336318928,0,0.727696683606552,0.0791149800745193,0
"TCGA.S9.A6UB.01A",0,0,0,0,0.55580306179808,0.44419693820192,0
"TCGA.HT.A61A.01A",0,0,0,0,0.550970016264061,0.449029983735939,0
"TCGA.DU.A6S3.01A",0,0,0,0,0.553210077088914,0.446789922911086,0
"TCGA.P5.A5F4.01A",0,0,0,0,0.531518815937536,0.468481184062464,0
"TCGA.DB.A75M.01A",0,0,0,0,0.678961497634261,0.321038502365739,0
"TCGA.E1.5304.01A",0,0,0,0,0.362169807659182,0.637830192340817,0
"TCGA.DB.A75L.01A",0,0,0,0,0.583738521843365,0.416261478156635,0
"TCGA.P5.A735.01A",0,0,0,0,0.560352631200293,0.439647368799707,0
"TCGA.DB.5270.01A",0,0,0.0762573355386161,0,0.615691841219766,0.308050823241618,0
"TCGA.HT.7470.01A",0,0,0,0,0.634980679142838,0.365019320857162,0
"TCGA.HW.7490.01A",0,0,0.00338007875358953,0,0.693990682292475,0.302629238953936,0
"TCGA.HT.8564.01A",0,0,0.0379541248347924,0,0.708787219044815,0.253258656120393,0
"TCGA.HT.7856.01A",0,0,0,0,0.634392386173954,0.365607613826046,0
"TCGA.HT.7692.01A",0,0,0,0,0.564392511283983,0.435607488716017,0
"TCGA.QH.A6CZ.01A",0,0,0,0,0.511773629000138,0.488226370999862,0
"TCGA.TQ.A7RG.01A",0,0,0,0,0.742162276505755,0.257837723494245,0
"TCGA.FG.A4MX.01A",0,0,0,0,0.580142936086839,0.419857063913161,0
"TCGA.HT.A74H.01A",0,0,0.0960502672592264,0,0.534586633930672,0.369363098810102,0
"TCGA.TM.A84I.01A",0,0,0.0206656474722735,0,0.579112966717739,0.400221385809988,0
"TCGA.HT.7857.01A",0,0,0.429824403892529,0,0.570175596107471,0,0
"TCGA.DB.A75O.01A",0,0,0.0730131511152085,0,0.713797016315904,0.213189832568888,0
"TCGA.HT.7874.01A",0,0,0,0,0.620803371774923,0.379196628225077,0
"TCGA.FG.A70Z.01A",0,0,0.109368176326073,0,0.745668510278374,0.144963313395553,0
"TCGA.DU.7301.01A",0,0,0.108302884526406,0,0.674565630151493,0.217131485322101,0
"TCGA.DU.A7TI.01A",0,0,0.102970368123413,0,0.731662212735654,0.165367419140933,0
"TCGA.FG.A60J.01A",0,0,0.0213961016201189,0,0.642937022918848,0.335666875461033,0
"TCGA.HT.7474.01A",0,0,0,0,0.63781160572654,0.36218839427346,0
"TCGA.DB.A64L.01A",0,0,0.000670197099172575,0,0.572985589135068,0.426344213765759,0
"TCGA.CS.4942.01A",0,0,0.221451240580707,0,0.618692210639346,0.159856548779948,0
"TCGA.DU.8161.01A",0,0,0.205741834732209,0,0.611935524964282,0.182322640303509,0
"TCGA.QH.A65X.01A",0,0,0,0,0.652044438155597,0.347955561844403,0
"TCGA.HT.7468.01A",0,0,0,0,0.797610910730228,0.202389089269772,0
"TCGA.VW.A8FI.01A",0,0,0.164640296763373,0,0.610735443329749,0.224624259906878,0
"TCGA.DB.5277.01A",0,0,0,0,0.45623327432108,0.54376672567892,0
"TCGA.FG.8181.01A",0,0,0,0,0.735295224100447,0.264704775899553,0
"TCGA.DB.A4XE.01A",0,0,0.000646197801012302,0,0.567037665721336,0.432316136477652,0
"TCGA.DU.7290.01A",0,0,0.243999805383193,0,0.561535270367726,0.194464924249081,0
"TCGA.P5.A77X.01A",0,0,0,0,0.607253986300346,0.392746013699654,0
"TCGA.RY.A843.01A",0,0,0,0,0.654458772244801,0.345541227755199,0
"TCGA.QH.A65V.01A",0,0,0,0,0.652192139179454,0.347807860820546,0
"TCGA.S9.A7R7.01A",0,0,0.240110504646104,0,0.703852316169078,0.0560371791848178,0
"TCGA.HT.7610.01A",0,0,0,0,0.570002592191166,0.429997407808834,0
"TCGA.DU.7009.01A",0,0,0,0,0.558084271252746,0.441915728747254,0
"TCGA.DB.5274.01A",0,0,0,0.271328998271961,0.37058996898559,0.358081032742449,0
"TCGA.FG.8191.01A",0,0,0.0353352547722759,0,0.778353124384055,0.186311620843669,0
"TCGA.TM.A84L.01A",0,0,0.0560103996982892,0,0.658969178857196,0.285020421444515,0
"TCGA.EZ.7264.01A",0,0,0,0,0.568139752282253,0.431860247717747,0
"TCGA.QH.A870.01A",0,0,0,0,0.61398781870624,0.38601218129376,0
"TCGA.QH.A6XA.01A",0,0,0,0,0.623298035588142,0.376701964411858,0
"TCGA.HT.7611.01A",0,0,0.015296486958265,0,0.678144087700727,0.306559425341008,0
"TCGA.FG.6690.01A",0,0,0.0317340923283637,0,0.677644152400753,0.290621755270883,0
"TCGA.HT.7681.01A",0,0,0,0,0.673783267966647,0.326216732033353,0
"TCGA.DU.6408.01A",0,0,0.0165875824754697,0,0.653102730470354,0.330309687054176,0
"TCGA.RY.A840.01A",0,0,0,0,0.452301418033235,0.547698581966765,0
"TCGA.HT.A5RC.01A",0,0,0.0383603494445703,0,0.905354203760476,0.0562854467949538,0
"TCGA.HT.7860.01A",0,0,0.11913461628079,0,0.831190687081941,0.0496746966372691,0
"TCGA.E1.A7YH.01A",0,0,0.00214491800310538,0,0.655014584448191,0.342840497548704,0
"TCGA.S9.A6WM.01A",0,0,0.0192662743556661,0,0.844739505890104,0.13599421975423,0
"TCGA.S9.A6U6.01A",0,0,0,0,0.606111835500299,0.393888164499701,0
"TCGA.HW.7489.01A",0,0,0,0,0.602760526355489,0.397239473644511,0
"TCGA.QH.A65S.01A",0,0,0.00390263844791642,0,0.619759947119793,0.37633741443229,0
"TCGA.QH.A6CS.01A",0,0,0.0314228466683962,0,0.580250231766668,0.388326921564936,0
"TCGA.S9.A6UA.01A",0,0,0.257756793482007,0,0.632815000458787,0.00120143650106956,0.108226769558136
"TCGA.S9.A6TW.01A",0,0,0,0,0.71765588733567,0.28234411266433,0
"TCGA.S9.A7J2.01A",0,0,0,0,0.629621405584103,0.370378594415897,0
"TCGA.DU.5870.01A",0,0,0,0,0.725355775664287,0.274644224335714,0
"TCGA.DB.A64P.01A",0,0,0,0,0.639939855713323,0.360060144286677,0
"TCGA.DU.7014.01A",0,0,0,0,0.639864015816887,0.360135984183113,0
"TCGA.HT.7884.01B",0,0,0,0,0.617055494318948,0.382944505681052,0
