"","cellFractions.B.Cells","cellFractions.Endothelial.Cells","cellFractions.Fibroblasts","cellFractions.Macrophages","cellFractions.NK","cellFractions.T.Cells","cellFractions.otherCells"
"TCGA.TQ.A7RO.01A",3.51024638071591e-08,0.0451704992990986,0.000788690254324226,0.0128883624549102,1.21779194461316e-07,5.8241398310308e-08,0.94115223286861
"TCGA.CS.6670.01A",3.00848369067713e-05,0.000337313356385257,0.0271419795259191,0.010874272118232,6.78915259497836e-07,1.0372436835137e-08,0.961615660874861
"TCGA.QH.A6X5.01A",3.82032346068126e-08,6.65434770892769e-06,0.0419390127255503,0.0152339159802506,3.08369540326046e-07,1.23349457974455e-05,0.942807735427918
"TCGA.HW.7493.01A",1.91039863939849e-08,0.0183739312708809,0.0144805907453549,0.0228523356680566,5.87365753490964e-09,3.40017528928478e-07,0.944292777320535
"TCGA.CS.6667.01A",3.11846268048913e-09,0.0612730905647885,5.18578478997947e-11,0.026416333070167,2.47609648159939e-06,7.39558326365857e-06,0.912300701514979
"TCGA.DU.6406.01A",2.78429659681089e-07,0.0882197067936782,6.2512948271145e-10,0.0405686107983839,2.85842087808269e-07,6.41228475418041e-09,0.871211111098776
"TCGA.DU.A7TA.01A",3.98606006184041e-10,0.0363038537660978,1.11540565509785e-06,0.0641477021013201,1.38786176551143e-08,1.75719224190463e-08,0.899547296877781
"TCGA.QH.A6X4.01A",2.74963211853952e-09,0.0188157231615307,7.98275351918298e-09,0.0187093598896196,1.31455168058126e-08,2.48640704529127e-09,0.96247489058454
"TCGA.TQ.A7RR.01A",1.27784600445493e-05,0.00303501353781842,0.00828233317011286,0.0488225356802173,1.89708958013068e-05,3.65105407411974e-07,0.939828003150598
"TCGA.HT.8104.01A",9.06452897479151e-09,0.0674249364667464,2.13908217280502e-08,0.0336016586868879,1.40958679269161e-08,0.000128434911992023,0.898844925383155
"TCGA.HT.A74K.01A",1.96823354386884e-08,0.108933072403149,2.15413423484105e-06,0.0498162691945694,3.45423019430701e-09,4.66633028308111e-09,0.841248476465151
"TCGA.DB.A64X.01A",3.74167305948873e-09,0.0353083474196669,0.000663960502610866,0.0194962222180764,8.7730552513475e-09,1.87220755532967e-09,0.94453145547271
"TCGA.HT.8107.01A",5.45829287208765e-09,0.0252433665012744,2.91633095896861e-07,0.00953871133004838,1.87516047916151e-09,1.3357947826946e-08,0.96521760984418
"TCGA.FG.A710.01A",2.31908338988214e-05,0.0185455143384513,0.00483645048526192,0.0799669724543279,3.82466812821386e-08,5.01451963370808e-06,0.896622819121745
"TCGA.QH.A6CX.01A",9.19666110910014e-06,0.0224534373697317,1.85451558810972e-09,0.0358809787719183,5.86612539842747e-05,1.87919119211475e-08,0.941597705296829
"TCGA.CS.6666.01A",2.74183813489861e-08,0.112164367037892,1.59551619786404e-10,0.0252561720257785,2.9287677100918e-07,1.59132404139075e-08,0.862579124568385
"TCGA.TM.A7CA.01A",3.34191757137467e-09,0.00629055443072952,0.008084235252816,0.0168838678368608,7.91195454971124e-06,8.15672038435817e-09,0.968733419026406
"TCGA.HW.7486.01A",2.65069078432636e-08,0.0157743278077724,0.00539990980236145,0.030402736447953,2.34292918110751e-09,3.79648654134645e-09,0.94842299329559
"TCGA.QH.A6X8.01A",3.17056084478615e-09,0.0301858712199812,1.05137910309429e-05,0.0270422148508534,9.0113533674566e-08,5.04829854239237e-09,0.942761301805741
"TCGA.DU.A76K.01A",1.18470892625214e-07,0.0415580747756225,4.89340065246671e-05,0.00539357034456935,1.64714452840378e-09,7.36293499664721e-09,0.952999293392311
"TCGA.DB.A4XD.01A",1.88368387691725e-05,1.424548093266e-08,0.0231414410628778,0.0275171336024341,1.41110630229776e-08,4.34194701895182e-06,0.949318218192356
"TCGA.DH.A669.01A",2.62183176695126e-10,0.0224548871127303,2.92513999619978e-09,0.0565478325460431,2.0875875735137e-08,2.29945956881267e-06,0.920994956818459
"TCGA.WY.A858.01A",9.38744012345246e-09,0.0560432281868347,1.44449207699945e-08,0.0600539423503278,1.42801065697901e-08,1.32126478278863e-08,0.883902778137722
"TCGA.DU.7294.01A",1.26485362007252e-08,0.0120745267577222,0.00968156740877305,0.0151117362511553,5.29598261926089e-10,3.19769358864067e-05,0.963100179468329
"TCGA.TM.A7C3.01A",1.1359662579801e-07,0.0203178622970431,0.0334653713020127,0.0138268221711645,5.50080422625154e-08,3.30160402356982e-08,0.932389742609071
"TCGA.WY.A85E.01A",2.68669733854674e-09,0.0182945407043342,0.00218066624302026,0.0105155426715677,5.52786404169376e-06,9.70961248581933e-09,0.969003710120726
"TCGA.FG.A6J1.01A",2.55198753976371e-08,0.101164321344231,3.97714191897637e-06,0.0330208072166523,3.51662567726773e-08,1.20963904554375e-09,0.865810832401427
"TCGA.QH.A65Z.01A",8.87758813161551e-06,0.0155745439000532,0.014289570589631,0.00784690552950421,4.16566960826661e-06,7.08336199929077e-10,0.962275936014735
"TCGA.VM.A8CD.01A",1.13564717309216e-05,0.0371059135023702,0.000188922361180584,0.0819708689684344,6.05165033491296e-07,3.73229172046684e-08,0.880722296208333
"TCGA.HT.8019.01A",3.13882614820377e-10,0.0254662178006858,9.11569658982313e-11,0.00671457343669381,1.61558127816877e-08,2.68325968133252e-07,0.9678189238758
"TCGA.QH.A6CV.01A",4.61559472524714e-07,0.0517490785184785,1.63853331593958e-09,0.0907641069647662,1.70219916856279e-08,1.95668472000336e-08,0.857486314729911
"TCGA.FG.A6IZ.01A",1.47342746200115e-07,0.0431252674682213,2.07066056469441e-08,0.0342699937468695,1.87172708910293e-07,1.50275946276294e-05,0.922589355968221
"TCGA.P5.A5F1.01A",4.21080111852359e-06,0.0135389951244138,0.0106808082369996,0.0471347107132811,4.08054870285782e-09,9.14045566408749e-09,0.928641261903183
"TCGA.P5.A72U.01A",2.61749353012311e-08,0.157398381129509,6.70155325863479e-09,0.03508045316898,2.62672460855221e-07,1.64125125067397e-07,0.807520706027437
"TCGA.CS.4943.01A",5.81749390120377e-08,0.0121528571663088,2.08703742325292e-09,0.0511373752648228,1.55714727584372e-09,9.63292909871212e-07,0.936708742456835
"TCGA.P5.A5EW.01A",1.94219486611877e-10,2.11219131500161e-06,0.0304526167202511,0.0357166508387514,4.54641060901089e-09,3.0053000585246e-08,0.933828585456052
"TCGA.E1.5322.01A",5.38835828297153e-05,2.87185610069106e-09,6.12695497132265e-08,0.130450789569252,4.44960406831666e-07,7.48555309971063e-08,0.869494742890575
"TCGA.HT.A4DS.01A",1.03500766077154e-08,2.10697061317696e-06,3.45830982314701e-08,0.162766943096591,0.000655320092209872,2.98347841345951e-09,0.836575581923932
"TCGA.FG.7634.01A",6.03767600861052e-10,0.0756296258652695,2.42774051272675e-08,0.056007217662902,1.02547059385537e-05,1.08330955379747e-08,0.868352866051622
"TCGA.DU.7306.01A",3.83967218920367e-08,0.0238127870236997,1.87374588648112e-06,0.0428275574505159,7.26825602610651e-10,1.73954367184139e-09,0.933357740916807
"TCGA.FG.7636.01A",3.71709016336147e-07,4.30982237912979e-07,0.0214972079030858,0.0282360195321007,2.25306484613167e-08,2.93661368644843e-09,0.950265944406297
"TCGA.S9.A7J3.01A",5.1131355639701e-10,0.0399887107276511,1.96964016356775e-06,0.0198683991691203,1.11358072806526e-08,7.87056521753195e-09,0.940140900945379
"TCGA.DU.A6S7.01A",3.03370275007832e-08,0.0131162570124288,0.000117783079216959,0.0592659206242486,8.02624245872872e-08,8.18668204696449e-09,0.927499920497972
"TCGA.DU.6396.01A",2.07751122649398e-07,2.60005731199755e-06,2.90847332644194e-07,0.476196036663834,1.91381771770339e-07,0.00123588976624247,0.522564783532385
"TCGA.S9.A7QW.01A",1.27719996034328e-07,8.31939826816013e-07,0.0391783489370036,0.00932468528265566,9.50810882938983e-08,9.50921176516755e-09,0.951495901530218
"TCGA.FG.7643.01A",8.5226756285315e-10,0.0339062942822396,2.40443417279291e-08,0.0146135510250714,5.43993493203632e-06,3.77413684678319e-07,0.951474312447463
"TCGA.S9.A7R4.01A",2.4141025382287e-08,0.0776415304469649,3.41245555211025e-07,0.0277937939597672,6.30848948700213e-10,7.14779463745175e-05,0.894492831629464
"TCGA.DU.A6S8.01A",2.1690700492262e-09,0.0274742185995462,8.91681290605438e-10,0.0110528294186824,4.05031030468593e-09,6.93586281180705e-09,0.961472937934847
"TCGA.HT.7601.01A",4.92376897596491e-06,0.000239722897093641,2.6370304627519e-08,0.347536915124415,8.10107571281691e-08,1.29564313254479e-08,0.652218317872023
"TCGA.HT.7854.01A",3.05286336197511e-09,0.0345129085650607,4.77273460976107e-11,0.0454318032040735,6.5278197968572e-08,1.7395426914533e-05,0.920037824425163
"TCGA.QH.A6X3.01A",2.87920035122354e-05,0.00704311207026414,2.98052107605537e-08,0.0293892505314448,0.000118416008278878,6.7573880499423e-09,0.963420392823901
"TCGA.P5.A5F0.01A",1.32716123676089e-07,0.0215024139027025,6.62718911224276e-05,0.00531566286855639,8.7750509699519e-08,1.13081487900714e-06,0.973114300056106
"TCGA.CS.5395.01A",2.14064454422564e-05,0.0147142166039864,0.0146213192000249,0.0185982743445193,4.84743303230385e-09,2.70748142004068e-08,0.95204475148378
"TCGA.DU.6402.01A",6.58855036334062e-09,0.0539185526148234,9.5747213545931e-08,0.13435103930796,8.98227871422158e-07,8.38716772701992e-06,0.811721020345854
"TCGA.VM.A8CE.01A",2.74297890847099e-07,1.60460459727201e-05,0.0428753943678814,0.0173036956078607,2.93664326596097e-08,1.80736461677643e-08,0.939804542240315
"TCGA.HT.7467.01A",2.02408077407021e-07,0.0322849353837321,5.12767312461663e-06,0.0121095726764616,4.82833081144927e-11,3.2946725183533e-09,0.955600158515648
"TCGA.DB.A4XC.01A",6.27385860246553e-08,1.79803804593495e-06,0.0303404890258729,0.0431652654253725,9.2964347159714e-06,1.60094728417935e-08,0.926483072327934
"TCGA.RY.A83X.01A",4.09683825593577e-09,0.0340064731711428,6.85615134635148e-09,0.0159586837538978,1.38440783547067e-09,2.51767757316105e-07,0.950034578969805
"TCGA.HT.A5R9.01A",3.64011254408657e-08,0.08389506561878,0.017306765037589,0.00487304483871271,9.18127815625388e-10,0.0060138200099669,0.887911267175698
"TCGA.S9.A6WD.01A",5.08984791962239e-10,0.0202755301278595,0.00301937088573676,0.0140395233735436,2.89077921158296e-06,7.0522536612202e-09,0.96266267727241
"TCGA.F6.A8O4.01A",4.42434098027138e-09,0.0138673545911953,0.00820818177330285,0.0136888357733577,2.37447496430427e-08,6.84230578138066e-09,0.964235592850748
"TCGA.TQ.A7RV.01A",8.07563602796835e-09,0.0309845813084748,6.80071472809437e-08,0.0205925834360754,1.0282546919688e-07,3.72346751575656e-08,0.948422619112522
"TCGA.FG.7637.01A",1.11409980627278e-09,0.0461242329576738,0.0212150442146321,0.0165768796758871,2.927500927728e-05,1.53751517044343e-05,0.916039191876726
"TCGA.FG.6689.01A",1.49841274384262e-08,0.00476938877237651,0.00678399944844912,0.0438196964863468,3.77677662349965e-09,1.34111829016241e-07,0.944626762420095
"TCGA.E1.A7YO.01A",5.276439166239e-09,0.0385139784875558,0.00781825874199555,0.0106276646633842,4.89636234745075e-06,1.00365448908525e-08,0.943035186431733
"TCGA.FG.7638.01B",4.37896336172713e-06,0.012346907155177,0.0155854519428844,0.0113668966147012,1.78130455073865e-05,3.54071472706109e-08,0.960678516871221
"TCGA.S9.A7QZ.01A",7.02409659168903e-09,0.0557844798319095,3.02235680644469e-09,0.00735944965180806,4.45714400451027e-08,1.02885305146805e-10,0.936856015795504
"TCGA.P5.A5F2.01A",5.16517553023836e-09,0.0154785438151597,3.63756709419384e-05,0.0139152920261608,2.32105120946555e-09,1.87735086532365e-09,0.97056977912416
"TCGA.R8.A6YH.01A",2.92113361470732e-08,0.0137028352967634,0.000364433021436967,0.0332397050822674,7.95847004832687e-09,1.61575887104558e-07,0.952692827853839
"TCGA.E1.A7YS.01A",7.37652845011072e-07,0.023157807695397,4.27744940752999e-11,0.00902482141523783,2.14068800896309e-08,8.4028354160387e-09,0.96781660338403
"TCGA.HT.7880.01A",3.68247060067874e-09,0.0288924407892543,0.00356541192373458,0.0127984214595511,1.59943864396538e-07,9.99667956871703e-06,0.954733565521556
"TCGA.DU.5852.01A",4.30483360149052e-08,0.0792676246988371,8.32992968413801e-10,0.0515474473549405,1.47362453502362e-08,2.77014128807841e-08,0.869184841627235
"TCGA.E1.A7Z4.01A",1.21596113749462e-07,0.00746532883128137,0.00637424156624679,0.0479037896561581,8.76108279687569e-09,1.97750889622873e-07,0.938256311838228
"TCGA.DU.7298.01A",5.84522512715025e-06,0.0122225862041635,2.13128624966972e-09,0.041351358673529,4.37853110451002e-05,8.78956288502618e-07,0.946375543498561
"TCGA.HT.7478.01A",2.69081963204102e-05,4.60961504603731e-06,0.000302972659013077,0.126213645634843,1.50186155540518e-07,1.29535552828947e-06,0.873450418353093
"TCGA.DU.A5TU.01A",1.0003069070363e-07,7.47507351718847e-07,5.29595636077802e-09,0.153871538124331,2.12156462961377e-07,2.58764246520285e-05,0.846101520460556
"TCGA.DU.6399.01A",7.57941753642188e-09,0.00090475376138513,0.0334403229142844,0.0540169376106786,1.71977702085699e-06,6.92125556552903e-09,0.911636251435958
"TCGA.RY.A83Y.01A",9.18012300559848e-07,0.047427670337081,1.58032216326291e-08,0.0383701591635071,3.35854199500795e-07,1.89582433746682e-08,0.914200881871447
"TCGA.DU.7300.01A",5.23463940346533e-09,0.0538873679839939,0.00303855891575437,0.0236407674975624,2.73086768864929e-10,2.41844891456325e-08,0.919433275910474
"TCGA.S9.A7IX.01A",8.35138481783813e-05,0.044858589299371,1.44783089636153e-09,0.0431466040135208,8.54137318243957e-09,1.88113833336777e-08,0.911911264038342
"TCGA.HT.8558.01A",7.98632106888791e-09,0.0286610431210382,1.34223716425594e-07,0.00841465251887798,3.00955816669942e-09,4.87932068691463e-08,0.962924110347281
"TCGA.S9.A7IY.01A",2.37311804856419e-09,0.0155488426358057,0.0169209783088062,0.0275801063776378,1.42882125809273e-06,4.2762944737523e-08,0.939948598720429
"TCGA.DB.A64W.01A",5.0902084844198e-06,0.0376400314024441,1.27690913161143e-07,0.0053478713539662,6.80155623524369e-09,2.55968575784459e-10,0.957006872286667
"TCGA.S9.A7IZ.01A",1.52638255422962e-10,0.0304166058496035,5.48352790127382e-08,0.027919606143999,9.71311598321851e-09,1.17046452850739e-06,0.941662552840836
"TCGA.DU.6410.01A",4.89688411117777e-08,0.0308171549362792,6.59361117751592e-10,0.00463055418010091,1.87781662833972e-08,1.72214061838687e-09,0.964552220755111
"TCGA.R8.A6MO.01A",2.1797897978173e-05,0.050053790233536,4.0289592781078e-10,0.0302933538784999,2.19985946015975e-08,6.93219435174315e-11,0.919631035519173
"TCGA.P5.A780.01A",4.13418417903958e-09,0.0229554042102047,9.82685994568207e-10,0.0372143545035704,4.56477960253694e-05,9.50937483962423e-09,0.939784578863955
"TCGA.QH.A6XC.01A",4.74898095940097e-08,0.0338552104491182,4.98674564721636e-10,0.0345693085141191,5.09637163169757e-08,2.46106763049942e-09,0.931575379623495
"TCGA.E1.A7YD.01A",6.87420089504641e-10,0.0476546615176374,1.35507885251165e-05,0.0277342468105232,1.36898247683675e-05,1.93131758528043e-09,0.924583848439808
"TCGA.E1.A7YI.01A",1.01436067133651e-08,0.0536023346570884,3.72278958565534e-09,0.0334469703244614,7.6054354154703e-09,1.31571491953771e-09,0.912950672230904
"TCGA.DU.8158.01A",2.29880441423376e-08,0.0129982369023607,6.12263562752084e-05,0.0898811724594329,6.96425676565184e-08,6.38490916050721e-09,0.89705926526641
"TCGA.S9.A6WN.01A",1.45861790062609e-08,0.0607586311978831,1.77566948337373e-06,0.0684337128877268,2.31011145533686e-07,4.07086996045191e-08,0.870805593938883
"TCGA.HT.7855.01A",1.581196308866e-07,0.0331216573068971,4.01043281292804e-08,0.0280627861353342,2.30395502835906e-07,1.14930164140964e-06,0.938813978636665
"TCGA.HT.8111.01A",4.21909928184975e-09,0.00212359210672161,0.00443577438850262,0.0540288325156504,4.56735211095591e-06,9.8257038231157e-09,0.939407219592211
"TCGA.WY.A85C.01A",2.09077312782686e-06,0.0370169511758936,2.77402648818125e-07,0.0267433816176369,9.24854343315963e-10,6.24569539917671e-09,0.936237291860143
"TCGA.CS.6290.01A",1.28315369375636e-06,2.14941088418007e-08,0.0013742656806436,0.120391809996917,5.986172127729e-08,1.38802263737981e-08,0.87823254593269
"TCGA.HT.8114.01A",5.43057803669405e-10,0.0201640874711207,0.00433191839098067,0.114192056309585,7.07573810937031e-06,3.80256505635564e-09,0.861304857744582
"TCGA.S9.A6TU.01A",5.59527429295475e-05,0.0275868463912906,6.43880897481282e-08,0.0488751032602189,1.81530037471315e-07,1.95462284172031e-06,0.923479897064592
"TCGA.HT.7616.01A",2.16094614248891e-08,0.0743286049068977,3.28281130810345e-05,0.14539255035287,1.68411776405016e-05,1.68576716945098e-08,0.780229136982378
"TCGA.HT.8010.01A",1.47725854208528e-09,0.0116733396591255,0.0186925872831564,0.0129230209806805,3.26689706631749e-08,2.95884665501407e-08,0.956710988342342
"TCGA.DH.A7UU.01A",3.05463575649375e-10,0.0317332434879105,3.01593709489022e-06,0.024124991314699,3.1450675470182e-09,1.87644131904995e-06,0.944136869368446
"TCGA.E1.A7Z3.01A",9.48434226235808e-08,0.0521503711091612,4.69467771309958e-05,0.026784665895178,2.22121540583322e-09,4.34803256945289e-10,0.921017918719089
"TCGA.E1.A7YM.01A",8.44837598059748e-10,0.0287521280443995,8.66905557680825e-10,0.0123382716442663,5.12832042318994e-10,1.89091527539799e-06,0.958907707171484
"TCGA.S9.A6WG.01A",0.002746171362287,0.496950543995214,0.109514127957549,0.0253512298307585,6.59894863793666e-09,0.0391555595661351,0.326282360689108
"TCGA.HW.8319.01A",4.56119625723582e-09,2.31215837222022e-07,0.0241122486142604,0.0204512172568163,8.42835099264179e-09,1.23372713471871e-09,0.955436288689812
"TCGA.TM.A84R.01A",1.3832870484032e-08,0.0459520885738821,0.00765542084804347,0.00734247229142124,1.68103716215272e-07,0.000547357556520955,0.938502478793546
"TCGA.DH.A66D.01A",3.21179330929962e-09,0.000531431698753957,0.0141117604548385,0.0554471940531666,2.01113906654415e-07,1.52995985718098e-07,0.929909256471555
"TCGA.S9.A6WP.01A",3.41532275611278e-08,0.0419014167643469,2.81850559615449e-09,0.042957046568097,2.68636861602524e-09,1.17192391648584e-09,0.91514149583753
"TCGA.DU.A7TB.01A",1.26268505004704e-06,0.026905554434301,8.12617027188935e-07,0.0121924787377511,4.43590033530562e-08,3.50609479648726e-08,0.960899812105919
"TCGA.DB.A64V.01A",1.11973841853178e-08,0.022339915368677,2.56431218931667e-07,0.0570357949008556,2.21631161787419e-08,1.0431488140319e-07,0.920623895623867
"TCGA.HT.8113.01A",1.54344081009935e-08,0.0289742812625484,8.4227943060599e-05,0.00838771623417798,3.72837202660662e-08,4.78880847852679e-08,0.962553673954
"TCGA.HT.7604.01A",7.12292603441383e-07,0.00832973132698186,0.00550618525024846,0.032938121417807,4.42632281487903e-08,4.93043026816347e-07,0.953224712406104
"TCGA.FG.A711.01A",1.6944341376097e-06,0.00611869278620191,0.0133622722318575,0.019401420304631,1.07607761360042e-09,1.24694525495631e-08,0.961115906697642
"TCGA.FG.A60L.01A",1.07813713624954e-05,0.0138238879834089,1.67523554215827e-09,0.121411557347938,2.00077394403575e-07,1.25474410705353e-09,0.864753570289916
"TCGA.E1.5307.01A",2.31650742590774e-08,0.00884205945403492,1.4455692571465e-08,0.0338705255139045,3.03791087464034e-10,5.21125005278619e-08,0.957287324995002
"TCGA.DB.5279.01A",4.30911555692011e-09,0.0156925323706036,0.0182574152608175,0.00797939988647932,0.00175525741725765,4.13844032244854e-08,0.956315349371323
"TCGA.DU.7018.01A",6.84995797346801e-09,0.0506682870033098,4.06709028010824e-05,0.00734140614565609,2.14859668686205e-09,1.65369176431969e-08,0.941949610412761
"TCGA.S9.A6TZ.01A",2.83657786713592e-08,0.0398876271108071,1.67326488616793e-07,0.0326610505551748,4.03186524750405e-09,2.42404359386541e-09,0.927451120185842
"TCGA.HT.A61C.01A",1.35563210413351e-08,0.123231839649018,0.0153131768105419,0.0767062542588516,3.71523455250699e-05,6.97944950844748e-09,0.784711556400293
"TCGA.HT.A5R7.01A",1.5342196650225e-09,0.014345227186862,0.00465676086620336,0.0237312798218427,9.47110187430943e-08,6.28099324789918e-09,0.95726662959886
"TCGA.HW.7495.01A",3.82233097720635e-06,9.63273958628679e-08,0.0444141301118322,0.01144433424199,8.04397510762947e-08,4.0925358110408e-11,0.944137536507128
"TCGA.HT.7677.01A",2.72011284222064e-07,0.0190521580896385,0.0156103453534519,0.0113991452774557,6.67625937857502e-09,1.0706051052134e-07,0.9539379655314
"TCGA.F6.A8O3.01A",8.16613145169831e-10,0.0216716979282043,0.00570777298594423,0.00850189946667021,2.3018708918747e-05,2.21097843888191e-06,0.964093399115211
"TCGA.P5.A730.01A",6.08183198467463e-09,0.0483747446805671,1.80010945895483e-07,0.0137308654613818,1.30351002578456e-09,8.59322771849602e-10,0.93789420160244
"TCGA.DU.A5TY.01A",7.69589344380086e-06,0.00189228192754115,3.02365963400616e-05,0.198668142814161,7.2047368101451e-09,5.4841651698393e-10,0.79940163501536
"TCGA.HT.8015.01B",3.48556314758503e-10,0.0207603341019811,1.09956856409299e-05,0.02923564230288,7.6517036049946e-07,7.76952526838767e-09,0.949992254621056
"TCGA.DU.6393.01A",1.74095728403531e-05,0.0428885280749839,2.69858566790571e-11,0.0126019387294286,2.7179011225874e-10,2.56530459539456e-09,0.944492120758667
"TCGA.TQ.A7RS.01A",1.62422995988527e-08,0.0408840175142533,0.00640819790085321,0.0124496210245572,1.1496355971765e-09,3.69095704946434e-07,0.940257777072696
"TCGA.E1.A7YU.01A",3.90149631930188e-08,0.0078642489289982,0.0186536250189976,0.0260011937071207,1.00505574964935e-05,4.38039489077766e-08,0.947470798968475
"TCGA.CS.5394.01A",4.47074356341585e-09,0.0367528549567615,7.20678347774961e-09,0.0104658657685917,7.11799433722219e-10,2.61308255093223e-05,0.952755136059811
"TCGA.HT.8018.01A",7.03877329641542e-09,0.170262210408457,6.09073118891956e-06,0.0985747686019421,0.000180099054804531,9.2961796773545e-09,0.730976814868654
"TCGA.HT.7482.01A",2.43458102907414e-07,7.02114545707637e-08,0.00569785087632545,0.0790827652026634,7.51835968347962e-08,3.81733911361774e-05,0.915180821676721
"TCGA.E1.A7YY.01A",2.95032710104687e-08,0.0287979145064477,7.9998712575039e-08,0.0204505560197038,1.57462670478332e-08,5.89725307436752e-08,0.950751345253067
"TCGA.DU.A5TR.01A",9.07171326761036e-09,1.78774630387067e-09,5.69815895201572e-05,0.141658576040915,6.74620558745983e-05,6.89135597885136e-09,0.858216962562875
"TCGA.VM.A8CB.01A",4.40270000559621e-05,0.0407111306359654,4.98987477262527e-10,0.0182674260242862,1.78297957294434e-09,1.36401428778145e-08,0.940977400417582
"TCGA.E1.5311.01A",4.8976918953277e-06,0.0448898863020844,5.58111982203063e-11,0.0168489009306986,5.77986316041341e-09,4.68656354836248e-09,0.938256304553084
"TCGA.E1.A7Z2.01A",4.01296577449442e-08,0.035767551602471,3.00681373912945e-10,0.0134608132237372,1.1083871632376e-09,5.05915566572731e-09,0.95077158857591
"TCGA.DB.A75P.01A",1.3683100275515e-08,0.0297596829915044,5.62807431295578e-06,0.0168833321931148,7.28242652662378e-08,7.15638536549097e-08,0.953351198669849
"TCGA.TM.A84T.01A",2.38237023388013e-08,0.0122752687671124,0.0102704806116978,0.0316803009738406,4.20061338062091e-06,1.99179458982315e-09,0.945769723218472
"TCGA.FG.A4MT.01A",2.9158469755598e-09,0.0373103408007621,4.76760414289917e-10,0.0294729799206987,1.41730222785617e-07,3.56095728119451e-09,0.933216530594752
"TCGA.DU.A5TW.01A",2.22238035853863e-07,0.0204870348518188,9.7501146702252e-05,0.0383545503571249,1.66144623735861e-08,2.40505548636119e-09,0.9410606723868
"TCGA.DU.A6S2.01A",2.46425828015063e-08,0.0162110902864958,0.00948329430530516,0.00803725488579438,9.84928510479087e-09,8.15105712410584e-09,0.96626831787948
"TCGA.DU.6395.01A",2.04295217565529e-08,8.01443436352082e-06,0.0126386997079685,0.0317328514350805,3.18771907771224e-09,1.55209499161271e-05,0.955604889855431
"TCGA.FG.8189.01B",4.32552883363202e-09,0.0243042265309135,0.00235242463657004,0.00996284052425721,1.8605518690484e-08,3.6035891727022e-06,0.963376881788039
"TCGA.CS.4941.01A",8.26285985082908e-09,0.0356356137955543,2.2375773137316e-09,0.0804066139688144,2.69769808278835e-05,8.4213093322659e-05,0.883846571661044
"TCGA.HT.7684.01A",9.83840326156661e-10,0.0429938535156504,2.69000422730749e-05,0.0426278061330856,8.31503886117654e-06,3.17509429913183e-08,0.914343092535346
"TCGA.RY.A83Z.01A",6.29674474700087e-09,0.0167571578912135,7.19852317685051e-09,0.0516885433782176,2.26718586143097e-08,7.14251692961444e-11,0.931554262492017
"TCGA.S9.A6U9.01A",7.19919149337012e-08,0.0664157641809114,3.77908233756095e-09,0.0543352863379497,4.65126418352542e-09,3.03038357727937e-08,0.879248838755042
"TCGA.DB.A4XH.01A",2.20116428484068e-09,0.0266130337245362,6.93033893301735e-06,0.00453178694796041,1.03750438400439e-08,1.92747848985938e-09,0.968848234484884
"TCGA.HT.7881.01A",7.06465212570629e-09,4.13957606672886e-06,0.0203730982134134,0.00847374382569039,2.10850269599457e-05,6.03065442784183e-07,0.971127323227775
"TCGA.HW.7491.01A",3.38741307942541e-06,0.0370366091206561,4.89756115524998e-10,0.0123567195947115,2.04472796664649e-09,1.11773404868587e-11,0.950603281325891
"TCGA.DB.A64Q.01A",5.67373099772421e-06,3.85784304357121e-09,0.021159683170356,0.0189336428991992,4.67453339302067e-08,3.56939957387487e-06,0.959897380196696
"TCGA.DU.6542.01A",3.95586469117182e-06,1.67225727492088e-08,9.20349987046723e-09,0.0829208904663455,1.35920688275432e-08,4.28232297517572e-05,0.91703229092107
"TCGA.S9.A6WL.01A",3.13534775344703e-09,0.0710256262687436,1.92817247471777e-09,0.0124456178545721,7.03235222911561e-09,1.0607719196982e-07,0.91652863770362
"TCGA.S9.A6TV.01A",6.93708737639865e-10,2.80215638832065e-08,4.69960722956112e-05,0.220529652899875,0.00402945259144251,1.82435213013783e-08,0.775393851477593
"TCGA.S9.A6WQ.01A",9.34535253124462e-09,0.0052025398139286,0.00208425360554717,0.0614258639466087,2.06446093713488e-08,1.16970412277349e-05,0.931275615602726
"TCGA.HT.7472.01A",7.17829845057627e-09,0.00551988388977182,3.72711526089274e-09,0.0530515687936566,8.24119320398353e-05,3.32028464619774e-08,0.941346091276271
"TCGA.E1.A7YE.01A",4.33347359413418e-07,2.41236653764814e-07,1.09159317269006e-06,0.209622974215133,0.00371150758015201,0.000133662587237687,0.786530089440291
"TCGA.CS.5393.01A",1.48087394794752e-09,0.0198026650667117,1.03034022443288e-08,0.0427098233003847,7.79168209969235e-07,8.80376301896599e-09,0.937486711876654
"TCGA.HT.7858.01A",1.02412960668452e-08,0.00814634485332839,1.13400951490626e-06,0.0681119909966182,9.09989045613835e-06,1.74293310403881e-08,0.923731402579455
"TCGA.DU.A76L.01A",9.41356507934891e-10,0.305171057392915,0.0795575083987662,0.0759440669423498,1.29130734381477e-07,0.00716540637157317,0.532161830822305
"TCGA.FG.8188.01A",3.28759133145883e-09,0.0254072369476009,0.00528702405460284,0.0395009288743456,2.29808752406968e-08,4.42848209941618e-09,0.929804779426502
"TCGA.HT.7480.01A",5.04886902964781e-08,1.0198871434454e-08,0.0270921833641761,0.0115788278601141,1.32501187714892e-05,2.38942105692928e-06,0.96131328854832
"TCGA.FG.5965.01B",1.93839278836733e-09,0.0307427360772485,0.0117487480227184,0.03282759295171,4.42267581853998e-09,1.74280181977878e-07,0.924680742307073
"TCGA.W9.A837.01A",1.39634840125423e-07,0.000767101086465052,0.0166818513262139,0.0100177055822687,1.42592868481072e-09,4.07554545353582e-08,0.972533160188829
"TCGA.HT.7485.01A",4.97791699692943e-06,4.66821880859561e-09,0.112479984536469,0.0317597592548111,8.92343915129425e-08,8.6512803835471e-08,0.855755097876309
"TCGA.HT.8011.01A",9.7958298160029e-09,0.0598035712701544,2.29237647235416e-11,0.0462854967592208,2.34015405444046e-08,6.75167147696158e-08,0.893910831233616
"TCGA.DU.A7TC.01A",5.17198581329982e-09,0.0199905436425719,8.22337619783386e-08,0.0223455196621359,1.14733636457692e-07,9.14496341689875e-09,0.957663725410945
"TCGA.DU.A76R.01A",3.73683043479652e-07,0.0286039463986958,0.00299218187800752,0.0136002018016441,1.88811261559271e-09,2.93372397549286e-06,0.954800360626521
"TCGA.DH.5140.01A",1.66348146908763e-09,0.0356153195264329,0.00656765250664224,0.0312580352104464,9.85626490203797e-06,9.21713820285345e-08,0.926549042656713
"TCGA.TM.A84F.01A",2.45339248616065e-10,0.00117459322341846,8.78972011806325e-10,0.126402815214337,2.04598062222288e-08,4.33540992089525e-06,0.872418234568206
"TCGA.HT.8563.01A",8.36256486194229e-06,0.000162125118182832,1.30426917865582e-05,0.999781572445961,2.67447031981454e-05,8.15236201591145e-06,1.13993629949776e-10
"TCGA.HT.7691.01A",7.70582059611512e-07,0.0364406675148942,2.2685353722272e-07,0.0560151186823997,8.41946660114033e-09,1.22568009318656e-08,0.907543195690842
"TCGA.P5.A72X.01A",1.72260067178591e-10,0.0655352816369237,0.00346937251849633,0.0114909367643255,1.01847394622188e-06,1.47655117789634e-08,0.919503375668536
"TCGA.HT.8108.01A",3.18820926515516e-09,3.68072185083839e-06,0.00536721180465426,0.0565105338312233,5.61966469539172e-09,6.01542715433032e-06,0.938112549407243
"TCGA.S9.A7J1.01A",2.71190285304821e-08,1.83788001712525e-09,0.0330494097093848,0.021795147388637,5.00355316209898e-08,1.627464815056e-06,0.945153736444723
"TCGA.HT.A5R5.01A",1.31307241330068e-05,2.22687949928948e-05,0.028476908755643,0.073894579256401,0.000123991753687463,3.90621727279892e-09,0.897469116808925
"TCGA.P5.A781.01A",7.21937537698128e-06,2.01146675516338e-08,0.020702503387907,0.0172838843422785,1.12155605842041e-06,4.70225911607931e-05,0.961958228632551
"TCGA.FN.7833.01A",5.39220489415358e-06,1.99419917667896e-08,0.000207353152328103,0.420872717756546,3.25297690685964e-05,1.01864285698344e-08,0.578881976988743
"TCGA.E1.A7YV.01A",2.20428252520873e-09,0.0890340299917035,0.00349086359193435,0.00923069945010874,2.97115135885303e-09,2.85894420010809e-09,0.898244398931875
"TCGA.TQ.A7RM.01A",1.0753706296807e-06,0.0513465762781451,9.57821119938276e-09,0.0105897579569619,1.19580846057445e-09,1.05765243164355e-14,0.938062579620233
"TCGA.DU.5849.01A",2.77501825329189e-07,0.0279836126202285,1.30286417058903e-09,0.0183803349367766,1.71231816252715e-05,5.6405885785435e-09,0.953618644816091
"TCGA.TQ.A8XE.01A",1.22450377320079e-07,0.0230684949370041,5.83099605681058e-06,0.0282306655292214,1.33697084844492e-09,4.49904520735603e-09,0.948694880251324
"TCGA.S9.A6WO.01A",1.00119878030255e-07,1.57064892925521e-08,0.0103625642640656,0.0454351426385485,3.39240643506214e-07,5.5800999313282e-09,0.944201832450275
"TCGA.DU.A7TD.01A",0.000237043621847478,0.0406019380595646,1.86862943510114e-10,0.0842673534131339,1.34562518808119e-07,1.23500238771408e-08,0.874893517806049
"TCGA.TM.A84G.01A",2.3079181561157e-05,0.028186525665718,0.00347826487719023,0.0100797753176851,1.05688300907434e-09,9.68512465544283e-07,0.958231385388497
"TCGA.DB.5273.01A",1.4368424939718e-08,3.18785033390239e-08,0.0310520442656058,0.0743023542684655,8.51074505579228e-08,3.63513526191276e-06,0.894641834976288
"TCGA.DB.A4XB.01A",4.43651187911479e-07,0.00478155547145703,0.00414584162820767,0.0246458974348693,2.56378778113445e-08,4.76048504165272e-09,0.966426231415915
"TCGA.HT.7620.01A",2.75742151886396e-07,0.0175656479364671,0.00281565903664325,0.0172149184245691,1.73880208971183e-09,4.39747341773893e-09,0.962403492723893
"TCGA.TM.A84B.01A",4.80213408273018e-05,0.0563813131864549,3.81883373123429e-05,0.00949247163942451,1.65226669314305e-06,1.83568502131515e-09,0.934038351393603
"TCGA.TM.A7CF.01A",5.4165188666333e-11,0.0020138424704449,0.00891717306366862,0.0111586443600851,3.06249344242624e-06,4.86126304361618e-08,0.977907228945563
"TCGA.FG.5964.01A",6.99956178907667e-09,0.0191556498968073,1.34688034933245e-09,0.0596772991394141,1.38047478057245e-06,1.03954795319031e-08,0.921165651747076
"TCGA.DU.5874.01A",8.12728223627501e-09,0.0504526155724796,3.5769464704528e-10,0.00807654597921571,6.04493859985972e-08,1.59687221575651e-09,0.94147076791707
"TCGA.DU.A5TT.01A",4.454627396786e-09,0.02476861802748,2.2330801141012e-09,0.0302547418721123,3.26163074408523e-07,6.58560450130654e-05,0.944910451204613
"TCGA.HT.7695.01A",1.76182378061237e-08,2.64934787297478e-07,0.0216408808943092,0.00992729228387512,2.02441580470263e-08,6.22334592684376e-07,0.96843090169004
"TCGA.S9.A7R2.01A",1.71051180683185e-05,0.0170967524548108,1.83700126877845e-09,0.054338441585295,1.40831235941128e-07,1.29879700925276e-07,0.928547428293888
"TCGA.DU.8164.01A",1.02361481239354e-09,0.0207690879591309,4.14143883136466e-05,0.0092025597942678,3.17426502411269e-05,2.56506052628109e-08,0.969955168533827
"TCGA.TQ.A7RF.01A",9.21174329868569e-05,0.0423214250011415,5.72223393157124e-09,0.0209390781998727,9.4768963069859e-10,3.28895218389798e-07,0.936647043800857
"TCGA.FG.6692.01A",5.75919479441277e-09,0.0745408209520534,4.86311723346521e-08,0.0295815079358017,7.54004714759928e-09,1.6585094383104e-08,0.895877592596636
"TCGA.DU.7013.01A",5.66963086139577e-08,0.0343761529999806,2.46813042450001e-09,0.0486602141233092,3.49365820279007e-05,6.96581671327891e-12,0.916928637123277
"TCGA.P5.A733.01A",2.63204377535036e-06,0.0148700574204196,0.00583731523960756,0.00676830874989284,1.32141509461328e-09,2.41063420609043e-09,0.972521682814255
"TCGA.CS.4938.01B",5.12918862895141e-09,2.57626285755181e-08,0.0102236303906005,0.0236200103481382,7.23837736327903e-06,1.70693071370538e-08,0.966149072922774
"TCGA.DB.A64O.01A",3.98477199330034e-08,0.0189096280165611,5.59732032478185e-08,0.0264413864481216,5.71237047487966e-09,4.02336895070031e-09,0.954648879978655
"TCGA.HW.8320.01A",6.79020893464997e-09,0.0171472749468967,0.000307521475527519,0.0337011538485715,4.61010562029007e-08,3.12279116157666e-09,0.948843993714948
"TCGA.HT.7694.01A",7.36224100591821e-09,0.0315905115136226,3.90503999704419e-08,0.00985153795428303,1.32171909024133e-08,4.69503699939487e-07,0.958557421398563
"TCGA.P5.A77W.01A",4.23270659024363e-08,0.0341138677400144,6.67954960749844e-09,0.00487620915703167,1.09298964991092e-08,2.67892345782356e-09,0.961009860487518
"TCGA.HT.7473.01A",7.64663719836538e-09,5.12099771905969e-08,0.00723033943721653,0.0850955711233026,0.000265841642373444,8.1513875989112e-08,0.907408107426617
"TCGA.CS.5396.01A",1.32580186384694e-09,0.0450193502659816,6.91943799258474e-05,0.0305125774804437,5.57113972760344e-06,1.35967235220281e-08,0.924393291811396
"TCGA.CS.6669.01A",8.63936454969637e-09,0.0160989536883144,1.01587893018209e-09,0.00620818813236377,2.75861087959393e-09,7.32683596052516e-11,0.977692845692199
"TCGA.FG.A70Y.01A",5.17112234199206e-09,0.0259608332584077,3.16532387053477e-09,0.0490314281544807,6.77535864593122e-08,3.82866400786266e-09,0.925007658668415
"TCGA.FG.8185.01A",7.78078152727605e-06,0.0261692504119902,0.00188728781199332,0.023045285917722,3.89506804808995e-10,1.16970554127969e-09,0.948890393517555
"TCGA.QH.A6CY.01A",6.33507401406608e-06,3.57362392970501e-10,0.0183680424800586,0.0089492041476642,9.1108521500595e-09,7.6483314002228e-06,0.972668760498648
"TCGA.S9.A6WE.01A",6.55168096794447e-08,0.0178787662184783,0.0201950008074045,0.0195625342941193,7.88534136065898e-09,5.394524269769e-09,0.942363619883323
"TCGA.HT.7875.01A",4.46492407256591e-06,3.2051288941812e-08,0.0302553508939849,0.00776560422810944,2.45780748103651e-05,2.17855021062632e-09,0.961949967649184
"TCGA.DU.A5TS.01A",4.02993173688032e-09,0.0242554223352261,3.67122091437115e-06,0.0284397713210016,3.19564443125031e-09,1.89778206997464e-08,0.947301108919461
"TCGA.CS.6668.01A",3.62981723849356e-05,0.0248049971451765,0.000233831425456002,0.0119175882153026,2.76966126779479e-10,4.18540038377969e-08,0.96300724291071
"TCGA.DB.A4XA.01A",1.73130177553388e-08,0.020077082679157,0.0144382329710797,0.0312002358601505,1.74591307763082e-08,4.41675760210255e-09,0.934284409300707
"TCGA.P5.A5EZ.01A",8.06649659769262e-10,0.0208527574104756,2.27681608401497e-09,0.0191009445758002,0.000441410162891432,1.73541338681559e-07,0.959604711226028
"TCGA.DU.5855.01A",9.50174887612119e-09,0.0215979655294118,3.76736929209641e-10,0.0807360361898276,1.510728087705e-08,1.8991766190812e-07,0.897665783377332
"TCGA.HW.A5KJ.01A",1.10903837825311e-08,0.0622149957684109,1.43995986387121e-06,0.00415342624387198,0.00142204803216164,5.56245195340621e-06,0.932202516453354
"TCGA.R8.A6MK.01A",4.59874023855907e-09,0.0205771785264911,0.000957024337397272,0.0112168326130904,2.64178111640191e-08,2.09187856385108e-08,0.967248912587684
"TCGA.DH.A7UR.01A",3.52218801814398e-10,0.0880381902549544,1.48770663677328e-06,0.00595206806815121,6.17513121897773e-09,2.25256683625044e-07,0.906008022186224
"TCGA.HT.7680.01A",1.71381020598269e-08,0.0239764402117366,0.00392728339355823,0.0351209870852265,1.89280674656322e-08,3.14149568571569e-08,0.936975221828352
"TCGA.WY.A85D.01A",1.71427807126622e-09,0.000105728200098397,0.019822972898471,0.0432079056011269,1.18999059940871e-07,5.30446995125032e-08,0.936863219542266
"TCGA.FG.A4MU.01B",1.85163760924916e-06,0.208694088523561,1.22266315742984e-08,0.163761247244577,4.39442962234046e-09,1.9741605886873e-09,0.627542793999031
"TCGA.S9.A6TY.01A",2.00311152358573e-05,0.0164200247225709,0.00054845365754715,0.00637286604898856,2.88974414045334e-10,7.18518294600395e-06,0.976631438983737
"TCGA.DU.7309.01A",1.67792228047403e-08,0.0382927001386072,0.00742997425772596,0.0157208645014076,1.55062736363538e-08,3.61490223137211e-09,0.938556425201861
"TCGA.TQ.A7RN.01A",3.91325379098048e-09,0.0209315776985791,0.0174953871274772,0.0124230183424817,4.36197750676682e-09,3.8430623034581e-08,0.949149970125608
"TCGA.HT.A615.01A",2.98503329660511e-09,0.00514781881008067,0.00116231141655756,0.048478169137939,3.48436630696014e-10,5.39816035413989e-06,0.945206299141599
"TCGA.E1.A7YL.01A",2.84698702821938e-08,0.0586153644305889,0.000456791533922009,0.177231286641043,1.07746430918029e-06,8.40976185618784e-07,0.763694610484081
"TCGA.DH.A66B.01A",8.7119426452741e-09,7.82613754968342e-08,0.000133433150035703,0.147275510015755,1.78234689603682e-08,8.07447003992919e-08,0.852590871292722
"TCGA.TQ.A7RW.01A",8.10957947305957e-09,0.0184913769980969,1.63810987060747e-10,0.0533982870163538,2.83486186517526e-06,1.89465992037419e-08,0.928107473903695
"TCGA.QH.A86X.01A",7.2743573038362e-05,9.52226856505842e-06,0.030299686678722,0.016677219404041,6.57883063271822e-09,1.21355934522872e-08,0.95294080936121
"TCGA.DB.A4XF.01A",1.36007907990327e-08,0.0266389689342936,2.30402302871847e-06,0.0241831178844722,7.53610332633258e-09,2.76958439892827e-08,0.949175560325467
"TCGA.HT.7605.01A",5.52919637061499e-09,3.63724853298031e-09,0.0329745643820207,0.0120582480246071,1.29500003434529e-06,1.42305324361702e-06,0.954964460373649
"TCGA.TQ.A7RK.01A",1.71171685603176e-09,0.012544869550708,0.00440373474736505,0.0200921903047429,3.41854944974713e-09,2.1162734687745e-07,0.962958988639571
"TCGA.E1.A7YK.01A",3.30851190992642e-08,1.67555982757102e-08,5.135510274038e-06,0.310193119658224,0.000142825134037347,1.64132525159527e-08,0.689658853443494
"TCGA.CS.5397.01A",3.90990408398842e-08,0.0143787092660962,4.65247791436326e-08,0.0502286212928565,2.50824638715402e-08,9.15609897571384e-09,0.935392549578664
"TCGA.DU.5853.01A",8.78779848705661e-06,5.88421846251742e-09,0.0222315217638804,0.0489505901360177,0.000155488672470816,1.67741683413771e-08,0.928653588970757
"TCGA.HT.7902.01A",1.85977388482552e-06,0.0189811503114472,0.0111859163115757,0.0185622804721305,4.66089453243589e-09,1.60111114921742e-09,0.951268786868956
"TCGA.HT.7479.01A",1.84806538439667e-08,0.00276667951425322,0.0106191064616864,0.0422097384866297,2.29290602529112e-08,1.12145077264079e-08,0.944404422913209
"TCGA.HT.7477.01B",3.57921995247054e-09,0.0485404650804109,3.29454671956476e-05,0.0363984425475667,5.29552799794608e-08,2.35860979721145e-08,0.915028066784229
"TCGA.TM.A84O.01A",1.21406133768626e-07,0.0321437890084105,1.52556364609207e-09,0.0191535792781149,1.64942180635009e-08,1.47822826812156e-08,0.948702477505276
"TCGA.DH.5141.01A",7.82681185121564e-05,0.0501656794470939,0.00651937870607669,0.0197311858027657,6.14158846726769e-09,4.00040415304006e-09,0.923505477783559
"TCGA.FG.8186.01A",2.83542732227679e-09,6.23361528728978e-09,0.015238856150177,0.0828920008065794,1.8511070981505e-08,1.41819952848531e-07,0.901868973643177
"TCGA.HT.8012.01A",2.96517781341195e-07,0.0477901265266334,0.00192491824949374,0.0274844521057204,2.71112195455212e-09,1.1812024812689e-08,0.922800192077224
"TCGA.HT.7686.01A",6.03027096673164e-08,1.6101958337522e-08,0.000123811032112905,0.326554472928903,6.54402760581112e-07,1.33395644693838e-07,0.673320851835911
"TCGA.HT.7475.01A",2.57471354747561e-05,0.0227797572717007,7.47402357685619e-11,0.00733368228646487,3.4000624930107e-06,7.70715346999761e-10,0.969857412398411
"TCGA.FG.A87Q.01A",3.37621835052051e-06,0.0416533979667405,3.3587174868679e-09,0.0623818262343248,2.61599790508026e-05,6.17273670199133e-09,0.895935230070079
"TCGA.S9.A6TX.01A",4.2707888164631e-09,0.0454913355171047,0.00466440936711945,0.0183749851828469,4.84695839492294e-09,3.35353371079263e-06,0.931465907281471
"TCGA.HT.8013.01A",3.53384841832302e-07,6.32696741920145e-08,0.000219356356491082,0.335657980166201,1.57992323280313e-07,1.98182419929446e-06,0.664120107006269
"TCGA.TM.A7C4.01A",2.74968239064887e-08,0.00176184656953853,0.0113453120152678,0.00904429956242828,2.28909656936774e-09,4.46446085056591e-07,0.97784806562076
"TCGA.DH.5143.01A",2.00741374297451e-08,3.84959739523792e-08,0.0135824118424584,0.0364365096166414,1.52057847980981e-09,8.65871226641604e-07,0.949980152578984
"TCGA.HT.7606.01A",4.60634278297724e-08,0.0399269968240563,4.21905883862192e-08,0.0307191448044875,1.83807890122769e-09,7.41182428455687e-08,0.929353694161118
"TCGA.WY.A859.01A",2.00243285494258e-09,0.0222825473692169,1.2086487470525e-08,0.0167227107505919,1.567200719812e-10,2.7348781951631e-07,0.960994454146731
"TCGA.HT.7483.01A",4.76727407597474e-10,0.0338190584283468,0.0152531752623362,0.0185914794302979,8.41587210289545e-06,6.38053952227178e-09,0.932327864149649
"TCGA.VW.A7QS.01A",9.2442982610015e-10,0.0285446233667028,1.42342317974387e-05,0.021510729000651,6.46704462751834e-07,2.49127498735907e-09,0.949929763280681
"TCGA.P5.A5EV.01A",3.47087557574719e-11,0.0286423765372947,8.87466961471822e-09,0.020435770929419,3.59288877343992e-05,3.7836119773919e-10,0.950885914357812
"TCGA.DU.6400.01A",8.34795349274473e-09,0.0292803577266431,3.91631358535936e-08,0.018569029253913,8.17726406666359e-09,3.46923813523886e-10,0.952150556984167
"TCGA.VV.A86M.01A",4.19245475399775e-05,0.0226062323381557,5.95548828480524e-10,0.0435086632708106,4.49151756487122e-09,6.11645048559183e-09,0.933843168639977
"TCGA.QH.A6X9.01A",9.07252477872459e-09,3.2654917721117e-08,0.0171692392595221,0.0133933320292799,1.82941633605959e-05,9.4241628773409e-07,0.969418150404107
"TCGA.HT.A618.01A",2.67648921915523e-08,0.000332281855980997,4.31468382434889e-06,0.111674058439121,8.2615279547089e-08,2.64237414969629e-09,0.887989232998528
"TCGA.FG.6691.01A",3.41049269779444e-09,0.00675149952131459,0.000176123611925758,0.0865832961207854,7.79115622794675e-09,8.03067021657462e-05,0.906408762842159
"TCGA.S9.A6WI.01A",1.46835232727382e-08,0.0322555111845831,2.09313477151878e-10,0.00827265006615647,1.01310594108079e-09,1.32025043863467e-06,0.959470502592879
"TCGA.DU.7011.01A",8.70573118399917e-05,0.0290647897713125,0.00628750910533374,0.0652414580640861,7.73346272246155e-09,1.17955844521547e-08,0.89931916621838
"TCGA.DU.6405.01A",5.0999190790143e-08,0.0206055238889767,5.94296841574134e-06,0.0328221947068126,4.13618039005575e-09,4.71818757251517e-06,0.946561565112851
"TCGA.HT.7609.01A",7.30724871724854e-09,0.013340980035207,5.37826496909473e-06,0.0376184200576253,1.5802916715882e-08,1.07133726632794e-08,0.94903518781866
"TCGA.TM.A84S.01A",4.53154094961925e-08,3.66019046922863e-09,0.0429541528777095,0.0225018339763332,2.25292703233657e-06,1.51773174578263e-07,0.93454155947015
"TCGA.DU.8168.01A",2.92672646811428e-10,0.0271510151475779,1.04319905754343e-07,0.0193771845051163,1.2344557070857e-08,4.87331194902233e-09,0.953471678516858
"TCGA.FG.A87N.01A",6.38844603843347e-05,0.0334902875661262,1.18715436603064e-09,0.0375191053424512,4.43925421133788e-05,3.05373734958637e-09,0.928882325848033
"TCGA.DB.5278.01A",1.16346556145782e-07,1.31259582962869e-09,0.0474589323197039,0.01748560417163,5.4690123469551e-07,0.000119405462337323,0.934935393485942
"TCGA.FG.A4MY.01A",6.48805469410105e-10,0.026761383808853,6.70597444751815e-06,0.0286285606267289,7.79077001634533e-08,8.40258251963829e-11,0.944603270949439
"TCGA.E1.A7YN.01A",7.25178016225443e-05,1.22225459043002e-05,4.67687015453849e-08,0.960342228334551,1.08723300992144e-08,0.000599432670030002,0.0389735410068602
"TCGA.DU.7010.01A",8.13767556944299e-08,0.0257136829726995,2.80477843966115e-11,0.0314290487505158,1.72459427483489e-07,3.79015666596533e-09,0.942857010622397
"TCGA.S9.A7J0.01A",9.92320848661342e-09,0.0294198148441422,4.35331754927759e-07,0.0259920553836205,8.53402659275065e-09,2.6538491820837e-10,0.944587675717862
"TCGA.WY.A85A.01A",4.76560000862811e-08,3.89984208963947e-07,0.014074875483744,0.0168097426250658,7.10014059034649e-08,7.29846433768804e-09,0.969114865951111
"TCGA.TQ.A7RQ.01A",8.65445146569791e-09,0.033402462122971,0.00313522400255188,0.00861877648853094,2.88737785823715e-07,1.20419519210271e-07,0.95484311957419
"TCGA.HT.7873.01B",1.12914300494862e-06,7.19962022157886e-08,0.025946492636353,0.0344485013765894,9.34716592552045e-10,4.6336413541371e-08,0.93960375757672
"TCGA.DU.8167.01A",7.25541171387899e-09,0.00954677708512508,1.27977549689981e-06,0.0672897138632399,1.40612167654543e-08,2.07603290437505e-08,0.923162187199181
"TCGA.S9.A6U2.01A",2.54146420914122e-08,0.0169672268678129,0.0238764937775064,0.0171873694563791,1.11523462910786e-09,6.06900163218084e-07,0.941968276468262
"TCGA.S9.A7IQ.01A",1.96179113932845e-08,0.0106291517710159,0.0109965436075238,0.00808678930683728,1.93482983277212e-06,1.70447347279194e-08,0.970285543822144
"TCGA.HW.7487.01A",1.92376673983951e-08,0.0246449466353449,1.92398615064104e-08,0.0122706773767202,2.26955366263965e-06,6.95652331021701e-11,0.963082067887178
"TCGA.FG.5963.01A",1.01563481374171e-08,0.0181043736271465,2.78190417892539e-05,0.176392934865514,3.82077569713597e-06,0.000360582293550426,0.805110459239955
"TCGA.HT.A5RA.01A",1.96741699210172e-08,0.111418575322476,4.41423190649445e-06,0.0406207098769821,1.13183142840405e-07,6.07383315981195e-10,0.84795616710394
"TCGA.HT.A4DV.01A",6.87806107335897e-09,0.0168222729471183,0.0133575331482738,0.0243401763081144,8.39739097533097e-08,2.04761559947137e-08,0.945479906268367
"TCGA.DH.A66G.01A",1.17114758282153e-06,0.0170055293366911,0.000618671406996075,0.0484291971112681,1.42048469457382e-08,7.84438587865903e-09,0.933945408948229
"TCGA.DU.7015.01A",2.62708452461973e-06,9.70589323040547e-08,0.0067374299883823,0.0841521188758365,5.57872337789233e-08,1.01401441441624e-08,0.909107661064946
"TCGA.R8.A73M.01A",7.42030207888609e-07,0.0217822137701064,0.00624572196902251,0.0127499675267431,5.07271954981954e-09,2.67215410642502e-10,0.959221349363985
"TCGA.TQ.A7RJ.01A",9.27261232644059e-08,2.4418213386784e-08,0.0280968851807326,0.0442630396280111,1.57431085089284e-05,1.31870503622124e-08,0.92762420175136
"TCGA.DU.A7TJ.01A",7.31635769258893e-10,0.0445394262101654,3.93475025673675e-07,0.0348722128802283,3.24081109833933e-08,1.6250566559164e-08,0.920587918044267
"TCGA.TM.A84C.01A",1.38058130046905e-08,0.0598983612819081,0.00971217675286896,0.0487375793732935,4.82713819758035e-07,3.7392106522752e-08,0.88165134868019
"TCGA.DB.5280.01A",4.30032653788508e-08,4.73597367266801e-05,0.0452148535544983,0.0218510347550396,3.65741878578764e-08,5.34358163361466e-08,0.932886618940466
"TCGA.TQ.A7RH.01A",2.9252389855819e-08,0.027381633802454,0.000856300156617132,0.0414299815138913,1.4991831192394e-05,1.39188487594126e-05,0.930303144594696
"TCGA.RY.A847.01A",7.80308887460422e-08,1.56768390783815e-07,0.0303567495597388,0.0307636525463396,1.48749363429035e-08,3.14324334856659e-08,0.938879316787272
"TCGA.HW.A5KL.01A",8.7808701075771e-09,0.0183133072534565,3.61264510918125e-09,0.0193431999369883,2.50185602998479e-09,9.27851114624948e-09,0.962343468635673
"TCGA.DU.8163.01A",6.94742351221671e-06,0.00470907578802056,0.0132506563786181,0.0493420702670007,2.83268869680598e-08,7.03629389078093e-09,0.932691214779668
"TCGA.HT.7603.01A",1.0097283324941e-09,0.00530379592411167,0.00946779257364178,0.0151559439595088,6.84263921731753e-06,2.45366852081484e-09,0.970065621440123
"TCGA.HT.8105.01A",1.17281673131765e-07,0.0527579872133197,0.000179853880595635,0.0200357204554778,1.47934187220232e-06,5.0444777248584e-09,0.927024836782584
"TCGA.P5.A72W.01A",2.90783237460776e-09,0.00946752681365285,2.07851966518304e-07,0.0241584260361863,1.77470964594927e-09,2.31436707664378e-09,0.966373832301285
"TCGA.DB.5281.01A",2.92806426174386e-08,0.0455850620042679,1.19314164297825e-09,0.0391941756854248,3.00877476177526e-07,1.3975029182322e-07,0.915220291208755
"TCGA.DB.A64S.01A",1.97972740130533e-07,5.08603172648524e-05,0.000387753775669537,0.12574659061388,1.01885541972864e-08,2.07540611042977e-08,0.87381456637783
"TCGA.HT.8109.01A",1.24916708747432e-09,0.00857541477975429,0.00952770182355147,0.0164688092618227,3.14113472983985e-08,2.14952522000134e-09,0.965428039324832
"TCGA.WY.A85B.01A",2.64034736258738e-09,1.45076463290134e-08,2.32141266543797e-06,0.0679768337324863,0.000410597249514593,1.30729362216247e-08,0.931610217384404
"TCGA.E1.5302.01A",5.86429127268829e-10,0.00883514334494129,0.0054168567568712,0.0650478116781122,1.49309304463435e-07,3.7342786729952e-05,0.920662695537612
"TCGA.DB.5275.01A",6.78814133880122e-09,0.0139965479093058,0.00535198814700491,0.0356625745757494,1.73546091266528e-06,5.08470923762781e-10,0.944987146610415
"TCGA.E1.A7YJ.01A",3.289218443399e-09,0.0405445216537827,0.000106471927976572,0.0955559640371944,2.40077840247072e-06,6.13537268408485e-09,0.863790632178053
"TCGA.FG.6688.01A",7.71317352829732e-07,0.0175796156320009,4.20905061228859e-09,0.0587269278448157,6.1119932378825e-08,1.65858439385023e-07,0.923692454018408
"TCGA.TM.A84M.01A",1.16924046283746e-09,0.0145774155434531,0.00439628094864908,0.00974353416609633,2.08224463426196e-08,3.80339460769361e-08,0.971282709316169
"TCGA.HT.A617.01A",7.42728447802664e-10,0.0312038430630368,1.06063117748999e-08,0.0634214083370783,5.39509415768414e-05,3.64895109864675e-09,0.905320782660317
"TCGA.CS.5390.01A",4.32085944494606e-09,0.0403306670006161,0.00120186607157505,0.0145681019931476,7.53927297977377e-09,7.44785170784028e-08,0.943899278596012
"TCGA.CS.6188.01A",1.79430874744112e-09,0.0705946570709627,1.88301299371564e-08,0.0591290388627254,4.96242084903347e-05,1.63293213684069e-08,0.870226642904061
"TCGA.QH.A6CU.01A",1.66151471442307e-10,0.00287663837085517,0.0162579965718831,0.0354291896034509,6.40818321304938e-05,5.0922624997238e-05,0.945321170830532
"TCGA.S9.A89Z.01A",2.21829272110961e-09,0.0100814208775202,7.15514845710971e-08,0.183729082101069,0.00098271091335923,8.07141464503372e-07,0.805205905196809
"TCGA.VM.A8CF.01A",4.65663398338755e-09,0.00808486214786184,4.58660244722904e-09,0.13410490420568,2.38760293259535e-05,2.12421963497617e-06,0.857784224154261
"TCGA.DU.A5TP.01A",5.59535229540555e-07,0.000321133689264055,7.94103849386664e-07,0.155912085101242,7.52621160175681e-07,4.4668188510569e-06,0.843760208130404
"TCGA.S9.A7IS.01A",4.97205325540937e-09,0.0718462387953457,5.97992965399905e-11,0.0286258547215965,9.51623123561403e-10,4.70907314858869e-08,0.899527853408851
"TCGA.VM.A8C8.01A",3.71012762223605e-05,5.6080857713374e-06,0.0165287137892133,0.0362460133353675,3.25871023061247e-08,1.14847063859538e-06,0.947181382455685
"TCGA.DB.A4XG.01A",7.55697593441209e-10,0.0260620596774659,0.00191746121484987,0.00981421262869631,8.86823429996456e-10,1.98721609796734e-06,0.962204277620369
"TCGA.S9.A6TS.01A",3.34513184361376e-07,0.0421213116204507,3.07302159372519e-05,0.0394650328190473,3.95018065083935e-09,9.58055789795512e-09,0.918382577300642
"TCGA.HT.7690.01A",6.97791521997128e-08,0.0205290771674092,8.75210102753388e-06,0.133316101435325,4.72325413040913e-07,3.1935182458512e-08,0.84614549525649
"TCGA.DU.8166.01A",2.28991935691855e-09,4.45690100151127e-08,0.0392807310554196,0.0212925155985396,1.08131277773379e-07,2.61632156457372e-06,0.939423982034269
"TCGA.HT.7476.01A",4.90342987527793e-08,0.112888726257047,0.0211616821930088,0.0167552595442451,6.52000321217388e-09,9.51091517521177e-08,0.849194181342245
"TCGA.DU.6401.01A",3.17274463787123e-09,0.0816737376765064,8.22994747327107e-06,0.0129923488962445,4.13014816136377e-09,2.09253681442655e-09,0.905325674084346
"TCGA.DH.5142.01A",2.28587648146509e-09,0.000452392372432959,3.12409042279034e-09,0.163190197333238,1.50243556919441e-08,3.74820027052897e-05,0.836319907857302
"TCGA.DU.6404.01A",5.08681775431497e-09,0.0767841651129606,1.57309715594574e-05,0.0236208548016131,6.87446857280199e-07,8.90156107644443e-09,0.899578547678631
"TCGA.HT.A614.01A",9.85869052854129e-06,2.30301159712454e-07,0.0421366043332432,0.0199779029760287,6.1918340895203e-08,3.80188817614079e-06,0.937871539892523
"TCGA.DB.A4X9.01A",6.72451152504202e-05,1.55819706942908e-09,0.0326314836817311,0.0285761394257045,1.06196452286782e-07,9.4161576369635e-08,0.938724929861088
"TCGA.DH.A7UT.01A",1.9616248712171e-08,0.0215748356034662,5.2704159805051e-05,0.0416123782618138,7.1274703138047e-09,5.63116439894737e-10,0.936760054668079
"TCGA.QH.A6CW.01A",4.18833000028579e-06,5.15705561639014e-07,0.019010753131,0.0549933003760367,1.57057769269376e-08,0.000146685293933187,0.925844541457691
"TCGA.FG.A4MW.01A",1.24640380276829e-06,0.0557195495525926,5.50552350360579e-06,0.0236752895226943,1.22651921924538e-08,7.43311139958717e-08,0.920598322401101
"TCGA.P5.A5ET.01A",4.02135721449753e-09,3.88496078147326e-08,0.0278336853033895,0.0107720574179226,1.02317982857254e-07,1.80800545467053e-06,0.961392304084285
"TCGA.TM.A84Q.01A",1.49198165091661e-08,0.0001180609535696,2.8115291918879e-09,0.108388051539948,4.35317364478886e-09,4.44450750568934e-05,0.891449420346906
"TCGA.DH.5144.01A",4.45108138716736e-07,0.0100302293479985,0.00960404924149198,0.0130831121795574,6.34947656358385e-08,9.42294785907722e-09,0.9672820912051
"TCGA.E1.5303.01A",3.83804595357532e-07,6.44574170121462e-07,7.05139212259848e-06,0.107936530409802,2.04747567167668e-08,2.90605094785492e-08,0.892055340284043
"TCGA.TQ.A7RP.01A",1.98033278218744e-07,0.055992689918738,9.11530645991844e-11,0.0210132054054262,1.59096166880175e-08,7.24398575209648e-08,0.92299381820193
"TCGA.E1.5318.01A",1.17786611718587e-05,0.109941427359125,1.87169253457648e-09,0.0171289312055808,1.44269701501658e-06,1.48708139377509e-09,0.872916416718334
"TCGA.S9.A7QY.01A",6.11545721748577e-07,0.0285192706506972,1.63633866470302e-09,0.0100876094874103,8.49444560528612e-09,1.2441800867854e-09,0.961392496941206
"TCGA.FG.5962.01B",2.04112907591206e-07,0.0185490007473821,0.00561089401887413,0.0213304485052752,5.85304049589992e-08,3.84981413434641e-10,0.954509393700175
"TCGA.DB.A75K.01A",1.30925858222418e-07,0.0640305863054092,5.69286845323476e-09,0.0917757095939534,3.55451838157643e-08,4.9085861829589e-07,0.844193041078109
"TCGA.RY.A845.01A",1.59701081481605e-07,1.43697212492309e-10,0.038258451895039,0.0233012047863689,2.58065227246635e-07,1.70041130902475e-05,0.938422921295496
"TCGA.DU.7012.01A",2.33191431356422e-07,0.00528514194511071,4.28392388936876e-08,0.126298963871343,0.0169987052176123,4.73939885407112e-08,0.851416865541275
"TCGA.HT.A619.01A",4.50029095028519e-10,0.0706086582889585,3.48668953111507e-07,0.00688973408059915,3.01468254907477e-09,6.52002404831828e-06,0.922494735472729
"TCGA.DU.6397.01A",8.75080600873655e-09,0.0586715753442694,4.71645617141166e-05,0.0367344931781587,3.34410252070279e-09,1.03586117554353e-09,0.904546753785088
"TCGA.DU.A7T6.01A",1.92836649550119e-06,0.0705748579176318,9.37402470860754e-06,0.0169161575230796,6.75164488550564e-08,2.40636095584823e-07,0.91249737401554
"TCGA.E1.A7Z6.01A",1.92456752374929e-08,3.49944870949564e-09,0.0451142789520847,0.0221619215962866,2.09424024410155e-06,0.000218412519187359,0.932503269947073
"TCGA.DU.7007.01A",5.65391286033107e-09,0.0127352203018017,8.64940354703372e-06,0.109025992779837,4.33137989017142e-05,7.99467517675595e-09,0.878186810067325
"TCGA.WH.A86K.01A",2.86173486703883e-06,0.0315708871996449,2.04849971828351e-06,0.0111720143411533,3.58751222864297e-08,1.67933371917276e-09,0.957252150670161
"TCGA.DU.7008.01A",4.08518045640968e-05,5.03410853326314e-05,0.00877358149131441,0.0212146881592637,5.02812454394226e-06,8.25775739956144e-09,0.969915501077224
"TCGA.HT.7693.01A",5.31296582854125e-09,0.0673385721127499,2.79047261526935e-09,0.0934238012714814,2.3670514725247e-09,5.26202173888244e-06,0.83923235412354
"TCGA.IK.7675.01A",5.80978537705943e-05,0.0336972759665024,4.33096313247291e-08,0.0231404587144929,1.78175368711449e-10,6.16820985731264e-09,0.943104117809218
"TCGA.S9.A7R3.01A",3.26057756924677e-09,0.0350624920652365,6.80092500314085e-09,0.0314326180858816,7.28902289641583e-09,1.46211449759858e-08,0.933504857877211
"TCGA.HT.7688.01A",4.15241614247867e-09,0.0223931818749045,2.54002710305663e-05,0.012525381774662,8.85939201159808e-09,1.16081181931193e-09,0.965056021906783
"TCGA.DH.A7US.01A",3.34482175124758e-06,3.17373759178219e-07,0.0459448477739234,0.0192854343018722,4.53190962150305e-09,9.37384663716753e-10,0.9347660502594
"TCGA.DU.7302.01A",1.60970154171872e-08,0.0212501375779949,0.00029470493243945,0.0130451794772675,2.73787335295723e-08,1.41598393550241e-10,0.965409934394951
"TCGA.KT.A74X.01A",4.13920744443806e-09,0.0300629369160181,3.26985481267274e-10,0.0230303851060613,0.00120288715813717,1.8979930225483e-09,0.945703784455597
"TCGA.CS.6186.01A",2.34519431737173e-09,0.017445360439632,5.50569833812528e-08,0.0364644804320667,4.46625279207245e-08,1.09539632408007e-09,0.946090055968199
"TCGA.HW.8321.01A",5.82620434060831e-07,0.0394155383847741,1.03171262219609e-08,0.0281093831825502,8.38214784157662e-09,1.90385772668578e-05,0.932455438535701
"TCGA.HT.A74J.01A",7.04985772091989e-09,0.0231877452543027,0.00457064057807897,0.023371425418884,1.38933522780665e-05,1.40395222330546e-08,0.948856274307076
"TCGA.R8.A6ML.01A",1.30899657219183e-08,0.0104262409908654,0.0225785500016236,0.0058828551097343,6.18404166256815e-09,4.29999222909617e-07,0.961111904624546
"TCGA.DU.6407.01A",2.83911089561797e-05,0.0254909539658747,4.72207944500087e-10,0.0334392260667044,3.66196294694258e-08,1.15972278357592e-08,0.9410413801694
"TCGA.S9.A89V.01A",2.29904556342986e-09,0.0364147840185069,5.37764098419533e-07,0.0189597455948885,6.65131639384462e-09,2.99595966576995e-06,0.944621927712479
"TCGA.HT.7481.01A",1.65583916198637e-09,0.0229982567986802,0.00128159086970113,0.016255943136297,7.09717278884001e-09,3.58672703909506e-10,0.959464200083637
"TCGA.DU.A76O.01A",2.57478406353014e-08,0.000198637605266493,0.000187586688434791,0.10228215808175,5.41343410600538e-11,7.14761216563063e-07,0.897330877061357
"TCGA.HT.7877.01A",5.32856270208319e-09,0.0324616395502288,0.00812834578626241,0.0095806341186471,3.12106497078563e-06,4.25976904011591e-09,0.949826249891559
"TCGA.TM.A7C5.01A",5.51874881754638e-08,0.0320986538862743,1.66247122622902e-07,0.00781308772070854,2.95432119942822e-08,9.20621450854901e-07,0.960087086793743
"TCGA.DU.5854.01A",1.93843733375078e-07,0.0669514265646097,5.16816441351835e-10,0.05104669825309,1.41132083348612e-07,1.48575453522709e-08,0.882001524832122
"TCGA.DU.A7T8.01A",9.98689540054912e-08,0.000187910667738924,0.0251303079373278,0.0528546386086615,4.70484151124095e-08,6.06505612461543e-09,0.921826989803846
"TCGA.DU.7019.01A",4.74987732186549e-08,0.0462161567083299,4.56538460325759e-05,0.0357975289901486,5.6963912606112e-08,2.28718510116128e-06,0.917938268807702
"TCGA.DU.7299.01A",2.01131767569344e-07,0.00673641995909853,5.34361920578529e-09,0.0410950820174833,1.03023788558668e-07,3.12364201257314e-08,0.952168157287823
"TCGA.DU.7006.01A",9.12050912502956e-10,0.020458868006983,3.35376109056056e-08,0.122745760461833,4.99871944948746e-08,6.49927566901615e-08,0.856795222101571
"TCGA.S9.A6WH.01A",4.28220202651034e-06,0.0398021126395413,4.9130032378489e-10,0.0164967409221554,2.4660232282664e-08,4.08691336136849e-08,0.94369679821561
"TCGA.S9.A7QX.01A",1.24349060449056e-09,0.0112110606835055,1.92252278314683e-07,0.0431488224037117,9.68213509360438e-06,6.59033607405113e-09,0.945630234691584
"TCGA.P5.A736.01A",1.11280786710583e-05,0.00801461373319813,0.00647857624422473,0.0647106627551158,7.05878570882065e-09,1.797594134199e-07,0.920784832370591
"TCGA.DB.A64U.01A",2.45101295283899e-06,5.8447262666872e-05,0.0250406201677645,0.0125750344781791,4.36278247417973e-09,6.17191209688245e-09,0.962323436543742
"TCGA.FG.A6J3.01A",3.21291354594497e-08,0.0458069897028884,7.10394344398821e-08,0.176349394396449,1.02462128929442e-08,1.45045122771493e-08,0.777843487981367
"TCGA.E1.A7YW.01A",1.47550258172376e-08,4.40135963485911e-08,0.0215883652925399,0.0472453425927235,7.65657489563406e-07,1.07273287678e-05,0.931154740359857
"TCGA.DH.A66F.01A",1.71712241045087e-08,2.48244804908931e-08,0.0367098668289795,0.0125721730336204,3.3919940976365e-09,3.19084064155884e-05,0.950686006343286
"TCGA.FG.7641.01B",2.30644366226196e-08,3.99038590538807e-06,0.0181935937270501,0.00758569628557597,6.26446086934194e-06,9.67524805131148e-10,0.974210431108638
"TCGA.HW.A5KM.01A",6.34597660390938e-06,3.03825086932738e-09,2.71743025588816e-08,0.99993186371086,9.20860136239942e-06,4.70610503245927e-05,5.49044829569722e-06
"TCGA.P5.A737.01A",1.71636972522761e-07,0.000789025353070347,0.010624029280113,0.0154753502099734,9.28382270144453e-09,1.19227635352619e-08,0.973111402313284
"TCGA.TQ.A7RI.01A",2.69423062212568e-07,0.0125670083150779,0.0114742156046059,0.0194358982182399,2.29338960733207e-09,1.00484162151577e-07,0.956522505661462
"TCGA.DU.A6S6.01A",4.74556886483472e-07,2.84571912875786e-06,0.033171697945385,0.007515205846704,3.05174170440383e-08,4.424668207245e-09,0.95930974098981
"TCGA.P5.A731.01A",7.76407031942651e-07,0.0499139438351973,0.0253303261015468,0.0175930810374312,3.47998539945147e-07,1.00197674914421e-05,0.907151504852761
"TCGA.DB.A64R.01A",4.08464733048356e-08,0.00258330493973198,0.0188834573680584,0.0161635815358983,3.20127582363097e-08,2.89377755385633e-08,0.962369554359304
"TCGA.QH.A65R.01A",9.33216002412489e-09,0.0671929093400324,1.16694875843999e-10,0.00924201934960214,3.18826557291335e-06,7.6226614069536e-09,0.923561865973276
"TCGA.HT.A74L.01A",5.645993924117e-09,0.00296605512855811,0.0129094690357145,0.0238866184214694,1.95677108033581e-08,6.71066330341312e-09,0.96023782548989
"TCGA.CS.4944.01A",8.38160307344824e-10,0.0289535339090477,0.000109463448904758,0.031389249755739,4.74546424984375e-09,7.52919307356892e-06,0.93954021810961
"TCGA.HT.7676.01A",5.03493704725914e-07,6.49756473749413e-08,0.031203822325511,0.10784305873358,7.14602707844473e-06,5.8711521188364e-09,0.860945398573326
"TCGA.VV.A829.01A",5.04708442271737e-05,0.0420559290364485,6.29369703178579e-09,0.0320019711238083,8.00537220001516e-09,6.49920569573412e-09,0.925891608197241
"TCGA.P5.A5EU.01A",6.03741320350211e-08,0.03607095273093,2.49905777639189e-08,0.0687367608052511,3.45573219669172e-05,1.38628616455299e-09,0.895157642390856
"TCGA.DU.5872.01A",5.00640375273975e-10,0.0315061004784776,2.98957965626573e-09,0.041390185515029,0.000198985869393866,1.88727901280556e-08,0.926904705774089
"TCGA.P5.A72Z.01A",5.96294378162193e-09,0.040878769882679,6.59983639009101e-10,0.00612999758726246,8.28277683166835e-10,4.17534171444403e-06,0.952987049737139
"TCGA.TM.A84J.01A",1.03472995520545e-08,0.0970172896379467,0.000365653194439454,0.0146404722334511,1.53426435268988e-09,2.69475723646253e-09,0.887976570357842
"TCGA.HT.7879.01A",3.29297333600395e-08,0.0311322922968744,0.0135012576125909,0.0305280401622851,1.91789290870336e-07,4.12227473036821e-09,0.924838181086951
"TCGA.HT.A616.01A",5.69806194861412e-09,0.00292667849208667,0.0257667657572991,0.0123833243776015,1.63936283392702e-05,2.20698373490252e-07,0.958906611348238
"TCGA.P5.A5EX.01A",4.88673196983635e-08,0.0611576147262025,1.9108135822258e-09,0.100785782693407,7.75103508203771e-05,4.44667240071824e-08,0.837978996984713
"TCGA.FG.A713.01A",1.96486083620931e-09,0.0322316570145219,0.00433172985624986,0.00983641524849707,7.32750854448138e-09,1.84488969338278e-08,0.953600170139465
"TCGA.P5.A5F6.01A",0.00904312614378074,0.113148625219131,0.0124993701348055,0.012025983332944,3.77437958237356e-09,0.0399972038570767,0.813285687537882
"TCGA.DH.A7UV.01A",1.11994293971091e-08,0.0128765976407909,8.985286219606e-09,0.0532633468383563,1.49344160612368e-08,2.79749388075315e-09,0.933860017604227
"TCGA.S9.A6U1.01A",6.92773480964413e-08,0.0195588144739665,0.00911653793393285,0.0342170761852682,9.90031828833298e-07,1.80721939136658e-08,0.937106494025462
"TCGA.S9.A6U0.01A",1.16625045305727e-09,0.302486583297013,1.24490504256954e-09,0.0550763209503505,2.14179711344707e-08,0.000307364795309734,0.6421297071282
"TCGA.DU.5847.01A",2.25519568068524e-08,0.022251954744752,3.64923485164369e-09,0.0695701190550651,0.000255587375098518,2.33362847871138e-08,0.907922289287608
"TCGA.S9.A6U5.01A",3.04776346517085e-07,1.51372626878596e-05,0.036434438516056,0.0282926915669944,2.59699306574373e-07,6.48023666000912e-09,0.935257161698372
"TCGA.DU.6394.01A",1.87514935204028e-07,0.0373461281436274,8.9885604695003e-06,0.0193895039183029,1.52356468846721e-09,2.2190544492277e-09,0.943255188120046
"TCGA.HT.A5RB.01A",3.06611503658337e-05,0.0139584777306188,0.00686178345002431,0.00826015367284157,7.29301497587527e-10,7.62492918825896e-10,0.970888922504355
"TCGA.TM.A84H.01A",4.46255812411724e-07,0.014357452027514,0.00773474646586164,0.0162294508165979,1.55217900844843e-08,1.2674947967192e-08,0.961677876237476
"TCGA.VM.A8C9.01A",9.83035141753753e-09,4.11300278493917e-09,3.09167822743236e-09,0.193656501697634,0.000259963155960959,4.70086436548709e-06,0.806078817247007
"TCGA.P5.A5EY.01A",3.8349389596827e-09,0.0194734450054755,7.1658136505177e-10,0.0143074052667293,1.00109201744294e-05,5.68563754833923e-09,0.966209128570463
"TCGA.S9.A7R8.01A",5.19468624386436e-07,0.0176106828297446,9.03515046582225e-10,0.0481775040055436,1.21788427849123e-06,3.03190537406744e-08,0.93421004458924
"TCGA.HT.7471.01A",3.51016155684347e-08,0.0389349137166925,0.000101992795805092,0.09683137692792,1.61388510387745e-08,3.67727021387661e-08,0.864131628546414
"TCGA.HW.A5KK.01A",6.55930891622127e-09,1.64869209893233e-06,0.000163343722345199,0.0868404234268278,1.74859301733678e-07,3.51901905719596e-08,0.912994367549927
"TCGA.E1.A7YQ.01A",2.43006148379044e-08,0.0844021387511385,6.18823697722732e-10,0.128459747532967,8.91268149283988e-08,4.70477670771703e-09,0.787137994964864
"TCGA.HT.A61B.01A",6.453804479573e-06,0.00166252047810976,1.00522711332485e-08,0.325375255431699,5.64360203293582e-08,5.45856228864797e-08,0.672955649211798
"TCGA.HT.A74O.01A",5.48687700197605e-05,0.000176193617858385,1.0114158663199e-09,0.0885370946613182,2.86421978362231e-07,4.22530050073722e-09,0.911231551292109
"TCGA.HT.7469.01A",1.22662037330326e-06,0.0362282229687971,0.00191839091249534,0.0344384793722897,1.53555550641575e-09,3.2661850000309e-06,0.927410412405489
"TCGA.DU.7292.01A",1.1566765497014e-06,0.0396139424939542,1.72342460375828e-05,0.015322063914419,1.31536248483625e-08,2.56337694860263e-10,0.945045589259077
"TCGA.DU.A7TG.01A",3.41467493590183e-09,0.0583899138657992,0.00191686427576062,0.01927783186202,5.59430964539794e-06,7.99444036057791e-10,0.920409791472656
"TCGA.S9.A7R1.01A",2.12503395135192e-08,0.0185430398145743,0.0130452611786421,0.0093829662268949,3.05599582451289e-10,9.28039297014676e-08,0.95902861842002
"TCGA.HT.7689.01A",1.11332370714059e-10,0.00658673011267219,1.5205338421939e-09,0.03602566009454,7.23255104159449e-07,1.74158000952711e-05,0.957369469105722
"TCGA.VM.A8CA.01A",1.03482691395237e-08,0.111991266188617,0.00220580517129761,0.0195851071307493,2.22507846382821e-08,8.52860669580681e-09,0.866217780381676
"TCGA.DU.8162.01A",9.9658604893478e-09,0.0248256956861912,0.000723427295031009,0.0140575966179062,1.40417320469264e-07,1.07775710880538e-09,0.960393128939933
"TCGA.HT.8110.01A",3.43497444301638e-06,7.49454389999684e-08,0.000218625021115591,0.132685804858523,1.13061624957681e-06,1.69760764848107e-08,0.867090912608153
"TCGA.S9.A6U8.01A",2.22435552136221e-09,0.0238938402961541,0.0050555291881724,0.0540392293936487,1.42380234310278e-07,1.44659439371098e-05,0.916996790573498
"TCGA.E1.5305.01A",4.23788050384968e-09,0.0188496678949438,5.27848892896243e-10,0.0428164816772559,5.7873891946328e-08,8.37709163851361e-09,0.938333779411087
"TCGA.FG.A60K.01A",2.55198443072291e-08,7.09833913356923e-07,0.0383123527294099,0.0214366415405321,7.86616684325654e-08,4.28210283902483e-08,0.940250148893604
"TCGA.HT.7687.01A",4.49395643273202e-06,0.0386331783718818,7.57374831845416e-06,0.0245786378885683,2.54469701871425e-09,7.24462730193495e-09,0.936776106245474
"TCGA.HT.7607.01A",2.26454128012254e-09,0.03896361318114,0.00433185672318899,0.0225584168596248,9.50037057391642e-09,8.70150553110392e-08,0.934146014456079
"TCGA.DU.5871.01A",1.44196310202381e-08,0.0176525423757028,0.00143722500870215,0.0365888848952491,2.65016357244771e-08,2.97704880570354e-08,0.944321277028591
"TCGA.IK.8125.01A",5.6275201173582e-09,0.0164108892152328,0.00555550107801712,0.0132386982402735,9.29700231789223e-10,9.79421265077269e-06,0.964785110696605
"TCGA.KT.A7W1.01A",1.57462581084867e-08,0.062344676836226,1.1419884503944e-06,0.0217241657632072,5.705307819482e-11,3.75733544984272e-07,0.91592962387526
"TCGA.DU.7304.01A",1.728210917712e-09,0.0289397264028148,4.05831102749298e-09,0.0330853253726656,2.65117720083137e-05,1.0334792551037e-08,0.937948420331197
"TCGA.HT.7882.01A",1.34143833208547e-08,0.00147282346624158,0.290500030709218,0.706826401889014,0.00120067087309965,5.8381003232704e-08,1.26703954316793e-09
"TCGA.HT.7608.01A",2.01426802250721e-05,0.0196728052555684,0.00652471016184704,0.0212181533167134,6.16416744045861e-08,2.84242394107803e-07,0.952563842701578
"TCGA.FG.8187.01A",1.23989128921363e-07,6.71877900871544e-09,0.0298189002128888,0.0198841000512137,3.46718454980245e-07,2.96880314397503e-06,0.950293553506391
"TCGA.VM.A8CH.01A",1.17920030763779e-09,0.0158695731323453,8.69321485761446e-07,0.067675445011438,1.5299022269796e-09,1.01344779007176e-08,0.916454099691151
"TCGA.E1.5319.01A",5.06912514934534e-06,0.0435143118264609,2.52863924555125e-09,0.0374845702905716,3.57289893864114e-09,1.22227018397716e-09,0.91899604143401
"TCGA.DU.6403.01A",9.51438400573578e-09,0.00907892493524992,1.20222144550819e-09,0.0818665615829195,5.39999632837838e-07,5.70776762203404e-08,0.909053905687916
"TCGA.DU.6392.01A",2.67868297277913e-09,0.12286300252678,4.86277166948995e-06,0.0944916364789939,7.73308969478645e-06,1.88339015516529e-08,0.782632743620278
"TCGA.HT.7602.01A",9.05045983816212e-09,1.09997442935354e-07,0.035406191578396,0.0236388613222659,1.3494296631168e-05,2.41577465564643e-08,0.940941309597058
"TCGA.HW.8322.01A",3.34578220112516e-05,8.61027261777111e-07,0.019568234454616,0.0223204070081634,1.88298099316739e-09,6.67869256805299e-09,0.958077031126274
"TCGA.FG.8182.01A",5.11240460086943e-07,5.91118280377851e-09,0.012944712665452,0.0523416507199208,3.20550725173527e-09,2.98552553184612e-08,0.934713086402222
"TCGA.DU.8165.01A",4.14951098502984e-08,0.0201059018330681,0.0202414230844447,0.0851728908998917,1.2147036050192e-06,3.66271676342256e-08,0.874478491356713
"TCGA.S9.A6UB.01A",9.74246963011277e-09,0.0203856237223356,0.00464206297958597,0.00916441450813088,1.01168872190524e-08,3.96159859395341e-08,0.965807839314605
"TCGA.HT.A61A.01A",5.3075107507005e-09,0.0230128560822031,7.55879527535505e-05,0.0102182639660542,4.33146863929048e-09,6.66567702413176e-07,0.966692615792307
"TCGA.DU.A6S3.01A",5.24835803363132e-10,0.0212072629809268,0.00194834016395967,0.00577467494335171,2.80392378970629e-05,1.91250068028959e-07,0.971041490898961
"TCGA.P5.A5F4.01A",1.29844117968706e-08,0.0325955365306707,0.00752358452379638,0.0106671713881125,3.16115409852429e-09,2.08456879248462e-08,0.949213670566167
"TCGA.DB.A75M.01A",2.23960210797198e-05,3.34934729315479e-09,0.0468836585516013,0.0344203219305464,6.63266686177465e-07,3.00732350892385e-08,0.918672926807504
"TCGA.E1.5304.01A",1.41105725558685e-05,0.0191955893025722,8.13296705299268e-11,0.0152492945744348,2.86444065375524e-07,1.02842807890792e-08,0.965540708740761
"TCGA.DB.A75L.01A",3.00623328782133e-08,0.0255977191816044,2.47726410915762e-07,0.037095248409792,4.95143628143502e-09,1.74775010732385e-07,0.937306574893413
"TCGA.P5.A735.01A",7.01708936313901e-09,6.02847207362395e-08,0.00603917054680079,0.0325018786141252,3.4473873135699e-08,2.40451436249426e-07,0.961458608611955
"TCGA.DB.5270.01A",3.14467110498672e-09,0.00739965285576164,0.00637392598838761,0.0330771243351313,2.42257255617934e-05,7.09584626571544e-08,0.953124996992024
"TCGA.HT.7470.01A",2.06022847622863e-09,0.0111740435239972,0.00683307667744392,0.0198743579742627,3.46624914488732e-10,1.08571515964556e-06,0.962117433702283
"TCGA.HW.7490.01A",2.11330110805635e-09,0.0436173612733328,1.60847927526453e-10,0.0373676859487745,1.46413301468858e-05,1.14667310148799e-06,0.918999162500495
"TCGA.HT.8564.01A",4.7611644700606e-09,0.0353115681599958,2.05657403516861e-05,0.0299316847316599,2.36959028941982e-08,2.6096115352982e-08,0.93473612681481
"TCGA.HT.7856.01A",6.45053674836005e-09,0.0424780402210681,6.45320576554394e-06,0.0115819044020903,9.99977260042657e-09,1.98661833419254e-08,0.945933565854583
"TCGA.HT.7692.01A",8.17001703390724e-08,0.0147544992523445,3.41599441008602e-10,0.0219847998194921,1.66295364767101e-10,7.95928772082716e-09,0.963260610760811
"TCGA.QH.A6CZ.01A",2.37700610729006e-07,0.00980177339770462,0.00583159946767311,0.0110716505445639,5.41858379396115e-08,2.44747986799548e-09,0.97329468225613
"TCGA.TQ.A7RG.01A",1.42094986305467e-09,0.00360806179186026,0.0185856858739981,0.0333242953560601,1.63807481687978e-08,1.02441203706468e-05,0.944471695056013
"TCGA.FG.A4MX.01A",4.68149053435240e-10,0.0287730891515934,4.57786250249347e-08,0.00910759257716575,5.09391706536989e-10,9.07767572197145e-10,0.962119270607308
"TCGA.HT.A74H.01A",2.67589080570758e-08,0.0238798134246573,3.25897289604254e-09,0.0384439951002717,2.15454952630607e-05,9.88773940384836e-08,0.937654517084533
"TCGA.TM.A84I.01A",1.61201125441387e-06,0.000805931105069569,1.57622553738886e-08,0.0459935716943692,5.56800310512454e-08,1.98525835625172e-05,0.953178961163458
"TCGA.HT.7857.01A",0.000183738559419888,0.0398895521348567,0.00158622778410876,0.373804807038563,1.81013057637507e-08,2.64553163243156e-08,0.58453562992643
"TCGA.DB.A75O.01A",4.43538893375092e-08,2.48662351986448e-10,7.68581664800234e-06,0.114882767039844,0.00220570097882727,1.34945464468748e-08,0.882903788067583
"TCGA.HT.7874.01A",5.632461391256e-11,0.0223220153055527,0.00847974653386631,0.0100999392453841,5.06453773695721e-06,1.2134439970829e-06,0.959092020877138
"TCGA.FG.A70Z.01A",2.00080963791143e-08,0.117710028495739,3.25799444326248e-05,0.107827209015924,9.12655630606129e-05,6.10544129278476e-07,0.774338286428618
"TCGA.DU.7301.01A",8.57898218507749e-10,0.0082203448990335,1.58704398696545e-09,0.0726414040309225,3.74022825338591e-07,9.60260976946745e-09,0.919137864999667
"TCGA.DU.A7TI.01A",2.35075982829388e-06,3.37897211347484e-07,0.013832043880107,0.0413970187638464,1.53030667432146e-08,8.81744648383787e-08,0.944768145221475
"TCGA.FG.A60J.01A",5.30110718993592e-09,4.49947021370585e-09,0.0194391117156104,0.0349955936027989,2.45842903726044e-05,0.000167762709703979,0.945372937880937
"TCGA.HT.7474.01A",9.27563122386255e-09,6.49375706851204e-08,0.0200011127290532,0.0131021086582395,1.65859956255464e-05,1.7079159840698e-08,0.96688010132472
"TCGA.DB.A64L.01A",3.54291482762648e-09,0.0186205084942623,3.24344320154948e-10,0.0226018470940844,5.22805331432568e-05,1.72355364466101e-09,0.958725358287697
"TCGA.CS.4942.01A",1.3293675703441e-07,9.85398953467712e-09,0.00412083492253309,0.135615344986711,0.000102565910287809,4.18638633091242e-08,0.860161069525858
"TCGA.DU.8161.01A",2.59823246324479e-08,0.000754756304101888,7.87468980892311e-10,0.120536055237333,2.48263184582273e-09,2.08375469366522e-08,0.878709138368593
"TCGA.QH.A65X.01A",2.74065722879997e-09,0.158668773559249,3.04825033162309e-06,0.0409690267186622,6.67325369671913e-07,5.71186383350046e-09,0.800358475693867
"TCGA.HT.7468.01A",2.03069488209722e-07,0.0156634486393379,0.0150311866834345,0.0196856426302353,2.85258364230367e-06,1.02775559796931e-09,0.949616665366106
"TCGA.VW.A8FI.01A",1.7084838759315e-12,0.026086190015753,2.99511343506337e-06,0.0498982941792068,1.27751934022255e-08,8.39712961268963e-06,0.924004110785091
"TCGA.DB.5277.01A",1.05117399482801e-08,0.0194457881647751,1.66926507175097e-08,0.0267751568075673,6.6697414272532e-09,1.04599766785609e-09,0.953779020107528
"TCGA.FG.8181.01A",1.00565371127485e-06,0.0422403296407456,0.00161113043804927,0.0104101438886514,1.0655807325237e-09,1.36638658940873e-06,0.945736022926672
"TCGA.DB.A4XE.01A",1.27416134417925e-08,7.90376985573746e-08,0.0171551222608862,0.0256960268208437,2.92288001542235e-08,3.92699139670555e-07,0.957148337211018
"TCGA.DU.7290.01A",1.74033420332251e-08,0.000574117305454809,1.28087364517932e-08,0.115747895904287,5.26882161808983e-09,0.000236779542578348,0.88344117176678
"TCGA.P5.A77X.01A",8.64754138096567e-08,1.71641643548613e-07,0.0161273442774106,0.00696162952356772,4.23360001633056e-08,4.42593140597788e-09,0.976910721320033
"TCGA.RY.A843.01A",6.60858946940288e-09,0.0212210553599529,0.00463294797295378,0.0193779763304111,6.80344276387767e-08,5.85421620855204e-09,0.954767939839449
"TCGA.QH.A65V.01A",1.88693769359471e-08,5.83855299770705e-09,0.0226105995566127,0.0288319585755522,9.73226571829139e-09,6.58387330250727e-06,0.948550823554337
"TCGA.S9.A7R7.01A",4.55712733265387e-08,0.0343811603432036,5.21730699381098e-09,0.161323860085017,1.37699819435342e-07,2.48097612001725e-07,0.804294542985768
"TCGA.HT.7610.01A",1.1424501511811e-08,0.00221700034359188,0.00993093734996045,0.0150608347936182,1.23497350141372e-09,1.59914544359658e-06,0.972789615707911
"TCGA.DU.7009.01A",4.61988052869519e-09,0.0062238106063734,0.0100699042566253,0.0112012641797885,2.1665265257498e-08,3.10864198687801e-08,0.972504963585647
"TCGA.DB.5274.01A",1.96711464621061e-06,0.0970414404569883,1.15115236098454e-10,0.0514618346507816,3.97415239326618e-10,0.000197940579858488,0.851296816685195
"TCGA.FG.8191.01A",1.18716791591805e-08,0.00216072881237982,0.0138539701094296,0.0417972624141685,1.3613893891587e-08,2.75600533849247e-08,0.942187985618396
"TCGA.TM.A84L.01A",1.71816903957091e-09,0.0195491292370224,0.00379086358442462,0.051916743335765,3.52466987748134e-06,1.11949524509354e-07,0.924739625505217
"TCGA.EZ.7264.01A",5.13030896729807e-09,4.41851620628341e-05,0.0162821844037189,0.00939430514063722,5.48459269823952e-09,1.15718963345042e-08,0.974279303106783
"TCGA.QH.A870.01A",8.55317425601447e-05,0.0149382557289079,0.0112929024509877,0.00930418011492185,3.36553473811894e-07,9.02206655236266e-09,0.964378784387082
"TCGA.QH.A6XA.01A",2.55445783484644e-07,2.39627256592084e-05,0.033653328338124,0.0288618830708258,1.19622741666412e-07,5.19110763018326e-05,0.937408539720564
"TCGA.HT.7611.01A",8.35351685260348e-08,4.8366661446915e-08,0.0189561052916611,0.0422507796037041,1.68661457240721e-09,2.70209939462119e-09,0.938792978814091
"TCGA.FG.6690.01A",9.665001283719e-09,9.04228806960454e-05,0.0234625636124618,0.0395067308950202,4.45371352190311e-08,2.28687416747639e-08,0.936940205540944
"TCGA.HT.7681.01A",1.73526684067983e-08,0.0133340685300118,0.0143496834109111,0.0235787341169607,0.00046754889157486,3.40441751043043e-07,0.948269607256122
"TCGA.DU.6408.01A",3.23015116040943e-08,0.0112513187895081,0.0028011782233059,0.0349490493359663,2.17349854760306e-09,1.87215419770453e-08,0.950998400454668
"TCGA.RY.A840.01A",2.36142652895949e-06,0.0300075106264011,1.58744606416217e-09,0.0184001091332972,1.23779437547643e-09,3.6305171065828e-08,0.951589979683361
"TCGA.HT.A5RC.01A",3.74425321835737e-08,0.106633643773499,0.00330762138148481,0.048726162487274,1.83658191160465e-09,4.59938518822953e-06,0.84132793369344
"TCGA.HT.7860.01A",7.00283655498149e-07,0.0482081554362258,4.54849882360663e-09,0.0441452557914943,1.50633872585892e-08,2.5087524969725e-08,0.907645843789213
"TCGA.E1.A7YH.01A",1.938195746403e-08,0.0130558052452941,4.34106349552663e-10,0.043541088883421,2.99739264201131e-08,5.03207209908727e-06,0.943398024009196
"TCGA.S9.A6WM.01A",2.66995900014577e-09,0.0570187188118872,1.40771826920616e-05,0.0197028533899152,4.9418442830318e-08,2.04716831381643e-05,0.923243826843966
"TCGA.S9.A6U6.01A",1.62180262455324e-07,0.0141105985789109,0.00679452759289913,0.0274128268226918,4.48866027932691e-10,3.79015109022764e-09,0.951681880586218
"TCGA.HW.7489.01A",2.85644864869744e-08,0.0101732486144727,0.0115234691354211,0.0229580462716803,2.00373617306704e-08,9.35703484795165e-09,0.955345178019543
"TCGA.QH.A65S.01A",4.04985682995838e-10,0.0106175906053603,0.00537934153909566,0.0355286715958461,1.716692842241e-08,2.84045725573712e-08,0.948474350283211
"TCGA.QH.A6CS.01A",5.90864979150602e-07,0.0204279048953149,4.44457544042758e-06,0.0242976738555471,1.09232694182123e-08,2.30935862232324e-05,0.955246281299226
"TCGA.S9.A6UA.01A",8.36732793770446e-05,6.822789069876e-05,0.00106384489351375,0.275781338836332,9.16336552751805e-08,5.38786608748171e-09,0.723002818078557
"TCGA.S9.A6TW.01A",1.54318365790886e-05,0.0891799566805143,3.56793179383666e-10,0.0155733350147945,2.19495610658041e-09,7.50201277386616e-12,0.895231273908861
"TCGA.S9.A7J2.01A",2.29631867153252e-06,0.00319549993275535,0.0310581193213069,0.0126500358361149,1.79496224007261e-08,1.97988427764077e-08,0.953094010842686
"TCGA.DU.5870.01A",2.37464174210764e-05,0.0399899144588266,0.00728145292577134,0.0235817379186412,2.9188234751139e-05,2.09472998588831e-09,0.929093957949859
"TCGA.DB.A64P.01A",7.59128194581453e-09,0.0380892680747391,4.49229688282724e-09,0.0243356737897434,3.82915348816603e-09,1.10946429550564e-06,0.93757393275849
"TCGA.DU.7014.01A",2.26213846707464e-05,0.0581430546501307,5.03758406559884e-06,0.0342316476021853,2.080831077745e-09,2.51864962057278e-09,0.907597634179467
"TCGA.HT.7884.01B",7.11837193768644e-06,2.95000514385638e-06,0.030153425925093,0.0132023889764644,1.48324518912178e-08,6.76467332394239e-10,0.956634101212442
