"","T Cells","DC","Macrophages","Cancer Cells","B Cells","Mast Cells","Endothelial Cells","Fibroblasts"
"TCGA.EL.A3D0.01A",0,0.000285985609323191,0.00512690624388939,0.00617846674196503,0.00251147484614165,3.72054132917624e-05,0.574237057856296,0.411622903289093
"TCGA.J8.A4HY.01A",0,0,0.0537869181744412,0.068103706089137,0,3.73307352448113e-05,0.697328399215047,0.18074364578613
"TCGA.L6.A4ET.01A",0,0,0.00951221542644801,0.0479400708222218,0,0.000111999863066657,0.736445759532617,0.205989954355646
"TCGA.DE.A4MC.01A",0.00945504347638183,0.000781883102308397,0.054765402235564,0.00535598268301757,0,0,0.675390566292577,0.254251122210151
"TCGA.ET.A25K.01A",0,0,0,0.000922188255323181,0,0,0.726221020817366,0.272856790927311
"TCGA.DJ.A3UU.01A",0,0,0.0148064272609555,4.5016466005506e-05,0,0,0.592540068861782,0.392608487411257
"TCGA.EM.A1YA.01A",0,0,0.0160393604768045,0.0211411578205173,0,0,0.77370020249878,0.189119279203898
"TCGA.CE.A483.01A",0,0,0.0206681557987036,0.0354815590894548,0,0,0.761138091760539,0.182712193351303
"TCGA.DJ.A3VD.01A",0,0,0.0735743495576178,0,0,0,0.356866933453715,0.569558716988667
"TCGA.BJ.A28S.01A",0,0,0.00368234201027579,0.0205926210441543,0.0022752016568735,2.57729406029614e-05,0.816846728806826,0.156577333541267
"TCGA.FY.A3R9.01A",0,0,0.0118976069562103,0.0364179435099438,0,0,0.77654917927565,0.175135270258196
"TCGA.FY.A3R8.01A",0,0,0.0657328891051081,0.000818626717865906,0,0,0.52371900158727,0.409729482589756
"TCGA.DJ.A3V2.01A",0.0450784752175964,0.0229577450928862,0.144568994911975,4.63445310135868e-05,0.00295385145941547,0.000127106187892951,0.580505284111378,0.203762198487843
"TCGA.ET.A25L.01A",0,0,0.029978123046993,0.00355898200926185,0,0,0.346635293059436,0.61982760188431
"TCGA.EL.A3D1.01A",0,0,0.0567897929886542,0.0546956331271958,0,0.000271635626353746,0.643297488376899,0.244945449880898
"TCGA.FY.A3I4.01A",0.000824055307339393,0.000335568827869623,0.0203656723588864,0.00436023828938282,0.00235865841073847,7.98653989504019e-05,0.49943487661526,0.472241064791573
"TCGA.DJ.A3UV.01A",0,0,0.0170235103991884,0,0,0,0.537277506591391,0.445698983009421
"TCGA.BJ.A28T.01A",0.038641857303499,0,0.122458640953971,0,0,0,0.564092259479917,0.274807242262614
"TCGA.EM.A3FQ.01A",0,0,0.0749205670301308,0.0636963393193547,0,0.000116073177658459,0.521473960573028,0.339793059899828
"TCGA.J8.A4HW.01A",0,0,0,0.00755801114054909,0,0,0.72757401470193,0.264867974157521
"TCGA.MK.A4N6.01A",0,0,0.0466786364345038,0,0,0,0.29266262717873,0.660658736386766
"TCGA.DJ.A3V8.01A",0,0,0.03543190961314,0.0413646569994361,0,2.6367121205249e-05,0.637339986531511,0.285837079734707
"TCGA.DJ.A1QI.01A",0,0,0.0144341489849562,0.00269643555876249,0,0,0.619075186421453,0.363794229034828
"TCGA.EL.A3H8.01A",0,0,0.00480356500350742,0.00767075231747313,0,4.96984918007284e-05,0.649145867798218,0.338330116389001
"TCGA.EM.A3O3.01A",0.00582452977836213,0,0.138218323511885,0.0483517613323717,0,0.000830677893176345,0.443054655860533,0.363720051623671
"TCGA.IM.A3U3.01A",0,0.0108785264884395,0.0516878624029938,0.00456129108899504,0,1.57665120863678e-05,0.647088321517601,0.285768231989884
"TCGA.BJ.A191.01A",0.134602871414337,0.0159704251870065,0.00344728133144481,0.0324605411227377,0,0,0.674874009492222,0.138644871452251
"TCGA.E8.A3X7.01A",0,0.0675158840241755,0.0435831316503454,0.051056675775181,0,9.27539086773695e-05,0.543371143602281,0.29438041103934
"TCGA.FY.A3YR.01A",0,0,0.00953674006668928,0.004157422305918,0,0,0.440893543723349,0.545412293904044
"TCGA.KS.A41I.01A",0.00164291019988065,0,0.100445518395307,0.0165553110501368,0.000497136300022325,0.000317707499279622,0.708468696452219,0.172072720103154
"TCGA.EL.A3CS.01A",0,0.0594987744108609,0.00431083647101832,0.0264015948488712,0,4.74437851289936e-05,0.612938767762575,0.296802582721546
"TCGA.EL.A3GU.01A",0,0,0,0,0,0,0.33972466858191,0.66027533141809
"TCGA.EM.A1CU.01A",0,0,0.0344329248569601,0.00410488112622621,0,0,0.664042566269362,0.297419627747451
"TCGA.H2.A26U.01A",0,0,0.104311143203941,2.2144228726525e-06,0,0,0.342209204411538,0.553477437961648
"TCGA.DJ.A2PT.01A",0,0,0.138858113761306,0.0626603419003314,0,0,0.374430850178734,0.424050694159629
"TCGA.DJ.A3V6.01A",0,0,0.0518023428500122,0.0110740274242784,0,0,0.499172192946501,0.437951436779208
"TCGA.DJ.A2Q7.01A",0,0,0.0254494791820742,0.00226040067362436,0,5.04488829990601e-05,0.715255747344429,0.256983923916873
"TCGA.ET.A3BV.01A",0,0,0,0.00730338208242105,0,0.00282812677600761,0.130113305920823,0.859755185220749
"TCGA.EL.A3ZL.01A",0,0,0.00635939678266115,0.00210101181921823,0,0.000201131852160862,0.623774633921836,0.367563825624124
"TCGA.CE.A13K.01A",0,0,0.00160774379663434,0,0,0,0.692489890473554,0.305902365729812
"TCGA.DJ.A3UQ.01A",0,0,0.0163611949285833,4.04568054687107e-05,0,0.000122195365151888,0.320037921256616,0.66343823164418
"TCGA.BJ.A45H.01A",0.00203811487836713,0,0.0396107226549868,0.00935530446614145,0,0.000205931239497675,0.637165763711414,0.311624163049593
"TCGA.L6.A4EU.01A",0.000990062555512663,0.000448862345965506,0.054786253893537,0.0280905940942019,7.68499769387444e-05,1.67490984302559e-05,0.496503659837742,0.419086968197672
"TCGA.DJ.A3VM.01A",0,0,0.0234083435997631,0.0323909027225652,0,2.20701118102809e-05,0.793641965793327,0.150536717772535
"TCGA.H2.A3RH.01A",0,0,0.00536653745633494,0.0358287350729973,0,0,0.792309420606229,0.166495306864439
"TCGA.EL.A3ZR.01A",0,0,0.00269500527710666,0.0673650916996547,0,0,0.795481116014207,0.134458787009032
"TCGA.BJ.A291.01A",0,0,0.000977814039639084,0,0,0,0.883720872059224,0.115301313901137
"TCGA.MK.A4N9.01A",0,0,0.00599065972400555,0.00511489092630034,0,2.61660084374308e-05,0.725155404699308,0.263712878641949
"TCGA.EL.A3MZ.01A",0,0,0.0318159489969239,0.00919532766857097,0,0,0.507129743160583,0.451858980173922
"TCGA.EM.A2CP.01A",0.00471049026044711,0.000196208565131015,0.134642181192466,0,0,0,0.748731504763519,0.111719615218436
"TCGA.DJ.A2PZ.01A",0,0.00710692815132808,0.0610211036626197,0.0323532792660769,0,0,0.603305710211734,0.296212978708242
"TCGA.EL.A3ZG.01A",0,0,0.0125580412025316,0.0665786629882912,0,3.02427333678407e-05,0.705843320023128,0.214989733052681
"TCGA.FE.A3PC.01A",0.00101524342286157,2.62314617462326e-06,0.0590958971308346,0.0689666425434685,0.00161320651633326,0,0.671904220239173,0.197402167001154
"TCGA.BJ.A0YZ.01A",0,0,0,0.00787889393284098,0,4.46375819648355e-06,0.781978455970339,0.210138186338624
"TCGA.DJ.A13M.01A",0,0,0.0188120240935267,0.0852181350461386,0,0.0142793035481541,0.696968341268639,0.184722196043541
"TCGA.EM.A3OA.01A",0,0.00747258652580545,0.0079821666795982,0.0700068842490085,0,1.0032713290827e-05,0.814933320472852,0.0995950093594451
"TCGA.J8.A3YE.01A",0,0.0434793218513687,0.0174956510415673,0.127516014045184,0,4.11400202016205e-05,0.52705758553644,0.284410287505239
"TCGA.BJ.A0Z9.01A",0,0,0.0760134851025831,0.049303571115296,0,0,0.538500715062887,0.336182228719234
"TCGA.EL.A3CW.01A",0.00239535260509259,0.00892666764762334,0.0729847660831526,0.00327983769262249,0,3.57771156141513e-06,0.625158130026796,0.287251668233152
"TCGA.FY.A3R6.01A",0.0102005073888326,0,0.037929235208254,0,0,0.000110653140608889,0.675046074722624,0.276713529539681
"TCGA.H2.A2K9.01A",0,0,0,0.000188671582241834,0,0,0.768845990336146,0.230965338081612
"TCGA.DJ.A2PO.01A",0,0,0.100525463346104,0.00010631036284249,0,1.41908076610754e-05,0.64984644118335,0.249507594300042
"TCGA.FY.A40N.01A",0,0,0.0500631497185939,0.0381222358482313,0,1.98861066335157e-05,0.736768601125171,0.17502612720137
"TCGA.EM.A1YD.01A",0.00136529708129167,0.000112107993105272,0.000271952182129197,0,0.0013203382474065,0.000115890724793911,0.66548376723839,0.331330646532883
"TCGA.DE.A69J.01A",0,0,0.0306310260186632,0.0342601776201733,0,0,0.656602497246486,0.278506299114677
"TCGA.EL.A3MX.01A",0.0100390631140249,0.00579240495406143,0.000262903169045085,0.0712840699634362,0.317004903195238,1.42814827553853e-05,0.458680426971875,0.136921947149563
"TCGA.J8.A3YG.01A",0,0,0.0613440280987357,0.0290791555689375,0,0,0.586691450901223,0.322885365431104
"TCGA.BJ.A0ZC.01A",0,0,0,0,0,0,0.840324683696077,0.159675316303923
"TCGA.FY.A40K.01A",0,0,0.0977611617104559,1.43100192270129e-05,0,4.79537928398687e-05,0.676433997638168,0.225742576839309
"TCGA.EL.A4K6.01A",0.118510625537686,0.0256353043662902,0.00912936059193669,0.0417091928074784,0,0.0199668749888393,0.717202124580763,0.0678465171270065
"TCGA.EL.A3H3.01A",0,0,0.128214732396874,0.0273276005956244,0,0.000128002331988469,0.639202434582399,0.205127230093114
"TCGA.BJ.A290.01A",0.0210908226726383,0,0.00106101242780425,0.0206687764618139,0.00160465001666601,2.62987432410775e-05,0.614632587726626,0.34091585195121
"TCGA.BJ.A28Z.01A",0,0,0.153173522265036,0,0,4.28792132568993e-05,0.506744633243376,0.34003896527833
"TCGA.CE.A484.01A",0.000527477428071333,0,0.00597511498275592,0.024998041644532,0,0.000124185126839804,0.757022599993242,0.211352580824559
"TCGA.EM.A3FL.01A",0.00763213355201319,0.0130187046916542,0.00769650853332852,0.0582667365506921,0,3.65173637407832e-05,0.807289554902933,0.106059844405639
"TCGA.EL.A3GO.01A",0.00360197068875228,0,0,0,0,0.000780726623766305,0.844958426212313,0.150658876475169
"TCGA.ET.A39T.01A",0,0.0622196675989012,0.0226837144052259,0.075792953357659,0,0.00128314901891552,0.661791705688936,0.176228809930362
"TCGA.EM.A2CK.01A",0,0,0.0020489843730584,0.0174840795572836,0,0,0.867580283337284,0.112886652732374
"TCGA.DJ.A4UQ.01A",0.00113741320930556,6.16344110129199e-05,0.0120628622873712,0.0053581271601176,0.000388503888664834,9.72165855564924e-05,0.599844223453821,0.381050019004151
"TCGA.DJ.A3UO.01A",0,0,0.0248717029479757,0.00668070948604029,0,0,0.603236834344858,0.365210753221126
"TCGA.DJ.A1QM.01A",0,0,0.00338130417613132,0,0,0,0.414741500731865,0.581877195092004
"TCGA.ET.A3BS.01A",0.0339372161017011,0.0231027256520309,0.137862461264634,0,0,0,0.611817334059864,0.19328026292177
"TCGA.EM.A3AO.01A",0.0474928369646822,0.0517105037852696,0.0857290527302212,0.00132516910277472,0.000840893763216808,0.000582278381479675,0.696975513533268,0.115343751739088
"TCGA.DJ.A3UN.01A",0,0,0.0505784236948636,0.0066889970136211,0,0.000137434590309596,0.755405837996922,0.187189306704284
"TCGA.DJ.A13W.01A",0.0062740882009897,0.00148691188651308,0.0314468536045206,0.00834571333567092,0,6.26046089462946e-05,0.894342172804592,0.0580416555587675
"TCGA.DJ.A3VE.01A",0,0,0.00756740572124805,0.00307840430451138,0,6.16887290913435e-05,0.677908524476061,0.311383976769088
"TCGA.DJ.A3VI.01A",0,0,0.0180984970886011,0.0691550673183475,0,6.61138418378534e-05,0.703833496079067,0.208846825672147
"TCGA.EM.A2CO.01A",0,0,0.0209472525134279,0.0185796203160892,0,0,0.802824036044064,0.157649091126419
"TCGA.ET.A39L.01A",0,0,0,0,0,0,0.786364200536447,0.213635799463553
"TCGA.EM.A3FO.01A",0.000357730282446919,0,0.0198861684130473,0.0825719935486285,0.00221018483269794,0,0.747475336488604,0.147498586434576
"TCGA.E8.A418.01A",0,0,0.0938575837252533,0.0382333516586983,0,4.49308735355886e-06,0.62075164498212,0.247152926546575
"TCGA.DE.A4M9.01A",0,7.18377668051735e-05,0.000364275620914495,0.00470665919615208,0.000134440288356823,5.2733970728451e-06,0.610059931476991,0.384657582253708
"TCGA.BJ.A28W.01A",0.246196143706216,0.161270772848157,0.10603173680078,0.000811776558147102,0.222001973627606,3.03272560027187e-05,0.206974285518915,0.0566829836841763
"TCGA.DJ.A2Q6.01A",0,0,0,0,0,0,0.552093911805667,0.447906088194333
"TCGA.EL.A3N2.01A",0,0,0.0249764745212409,0.000278332736129336,0,0,0.600403360989954,0.374341831752675
"TCGA.FK.A3SG.01A",0,0,0.0191858864561296,0.00991789098924129,0,3.53666721627113e-05,0.708966800220946,0.261894055661521
"TCGA.DJ.A3UM.01A",0,0,0.0303627543056346,0.00848487754942297,0,0,0.633091876537468,0.328060491607474
"TCGA.BJ.A45E.01A",0.203420654082972,0.0248974809038886,0.219856766890665,0,0,0,0.321484220858972,0.230340877263502
"TCGA.E8.A415.01A",0,0,0.0452381368982759,0.0337333323295026,0,0,0.623347897132344,0.297680633639877
"TCGA.DJ.A4UP.01A",0.00120869506200957,0.0142442008023642,0.0428318804041164,8.10136640626893e-05,0,4.18822597921026e-05,0.682437958122956,0.259154369684699
"TCGA.ET.A39J.01A",0,0,0,0,0,0,0.70210904168738,0.29789095831262
"TCGA.KS.A41J.01A",0,0.0403177891655305,0.120146557290217,0.0640800215521695,0,0,0.606567301564446,0.168888330427637
"TCGA.BJ.A4O9.01A",0.0423751401384371,0.00102839161933442,0.00627856406238892,0.100471310972445,0,6.56394253029825e-05,0.723866123723272,0.125914830058819
"TCGA.EM.A2CM.01A",0,0.0114575686446645,0.0369677557803817,0.0565276252498917,0.00168180332543884,0,0.770716829889988,0.122648417109635
"TCGA.EM.A2OW.01A",0,0,0.0335821133064851,0,0,0,0.812853060694841,0.153564825998674
"TCGA.FE.A3PA.01A",0.000292012934188017,0.00402824509375304,0.0314919661888253,0.0226980629882927,9.29076206852661e-05,3.05942989283381e-05,0.770976679264007,0.17038953161132
"TCGA.QD.A8IV.01A",0,0,0.0209962248460373,0.00059682777247954,0,0,0.806294999117314,0.172111948264169
"TCGA.IM.A3U2.01A",0,0,0.0307745148618829,0.0572116477625938,0,0,0.453373996537281,0.458639840838243
"TCGA.EL.A3H5.01A",0,0,0.0160746396030214,0,0,0.000274503990125391,0.334181915308849,0.649468941098004
"TCGA.DJ.A13R.01A",0.236598956166126,0.0294745956224298,0.233201446092854,0.0134544749081916,0.000810634578585195,0,0.438970890503427,0.0474890021283871
"TCGA.ET.A2MY.01A",0,0.0126038108679313,0.0450666212830346,0.0480694339431014,0,3.80572924060319e-05,0.62813884344765,0.266083233165876
"TCGA.IM.A3EB.01A",0,0,0.0813878885728697,0.00880630352537687,0,0,0.656290704668857,0.253515103232896
"TCGA.DJ.A1QF.01A",0,0,0.0117404506043919,0,0,0,0.648622598760294,0.339636950635314
"TCGA.EL.A3T1.01A",0,0,0.0549384935943586,0.028861765533992,0,0,0.541531998247085,0.374667742624565
"TCGA.FE.A237.01A",0,0,0.020130481111202,0.00788391458351627,0,0,0.531966041124148,0.440019563181134
"TCGA.EM.A3FJ.01A",0,0,0.0155026378068697,0.0276838995421764,0,0,0.667605292806053,0.289208169844901
"TCGA.EL.A3D4.01A",0.00263889759522606,0,0.00475339650292797,0.0195659224513208,0,0.000218298462225431,0.733833613794993,0.238989871193307
"TCGA.FE.A234.01A",0,0,0.0572014385137221,0.00174269587531815,0,0,0.537666762444097,0.403389103166863
"TCGA.FY.A40M.01A",0.0417348224655851,0.0305671182648539,0,0.0317982415780202,0.084637921096898,1.03846396576698e-05,0.69425518895335,0.116996323001635
"TCGA.EM.A2OX.01A",0,0,0.00701840219788116,0.000403919784778745,0,0,0.693478904501385,0.299098773515955
"TCGA.EM.A4FR.01A",0,0,0.0501618643769833,0.061413887499723,0,0,0.756927170731448,0.131497077391845
"TCGA.EM.A22I.01A",0,0,0.02734678856072,0.00582546037001204,0,0,0.551775371943126,0.415052379126142
"TCGA.FY.A3ON.01A",0.00261452094800819,0,0.0162449232416385,0.0129825260006825,0.00134566082270307,1.96971784293462e-05,0.756885809831738,0.2099068619768
"TCGA.EM.A1YC.01A",0.0006078899276244,0.0196084617602185,0.0130093500877929,0.0336302866417876,0,0,0.820786247181865,0.112357764400712
"TCGA.EL.A3TA.01A",0.00248705549191029,0,0.0684778146700904,0.00908057705238834,0,0.000188105688193913,0.695029719006504,0.224736728090913
"TCGA.CE.A27D.01A",0.0337951440758805,0,0.0795616989720982,0.00193447392543846,0,1.20147628827751e-05,0.656909572897377,0.227787095366323
"TCGA.ET.A3BT.01A",0,0,0.0456958351414557,0.0450721211827053,0,2.15870014755891e-05,0.642888680158955,0.266321776515408
"TCGA.DJ.A13U.01A",0,0.049230651704281,0.0188944696536455,0.0246085890519166,0,1.58610665458892e-05,0.774759986817161,0.13249044170645
"TCGA.EM.A3O8.01A",0,0,0,0.0359821485329797,0,0,0.843038738503304,0.120979112963717
"TCGA.H2.A422.01A",0,0,0.0349225695313223,0.0477426403943768,0,0,0.737046456956233,0.180288333118068
"TCGA.EL.A3CL.01A",0,0,0.0119797731127366,0.0247210515301812,0,0,0.702367824041732,0.26093135131535
"TCGA.DJ.A13V.01A",0,0,0.00888400488306618,0.00199332468716873,0,1.04648938224896e-05,0.66407861975361,0.325033585782332
"TCGA.EM.A22Q.01A",0.0331777101297786,0.00978540047761693,0.0152567949707597,0.0966569031548384,0.145021674139905,1.61566019480168e-05,0.58544886963653,0.114636490888623
"TCGA.EM.A22J.01A",0,0,0.0239998454312951,0.0173144974611012,0,0,0.853582803696857,0.105102853410747
"TCGA.BJ.A0Z2.01A",0,0,0.00985890195080136,0.0417037412743661,0,0,0.804358480858592,0.144078875916241
"TCGA.E3.A3E3.01A",0,0.0105311424031019,0.0332999933639938,0.0409322182696076,0,1.06050636230054e-05,0.629452208693233,0.285773832206441
"TCGA.IM.A41Y.01A",0,0.00182310540116508,0.0302429229066753,0.0755685931485656,0,5.19001904802768e-05,0.670361842936757,0.221951635416356
"TCGA.EM.A3AN.01A",0,0,0.010134022112724,0.00963783713171844,0,0,0.705702956297587,0.274525184457971
"TCGA.EL.A3ZP.01A",0,0.00272530400383803,0.0651387883286199,0.0195929166715252,0,2.68064640592982e-05,0.536397957983245,0.376118226548713
"TCGA.BJ.A3F0.01A",0,0,0,0.00407148810635237,0,0,0.813928138720937,0.182000373172711
"TCGA.L6.A4EQ.01A",0,0,0.0335335467414909,0.0223478191235338,0,1.78859387160588e-05,0.739529385969668,0.204571362226591
"TCGA.FE.A3PB.01A",0.00707563119258393,0.015507532594857,0.0236471016819083,0.00442106356038489,0,0.000286722791588897,0.426609966445509,0.522451981733168
"TCGA.BJ.A0ZB.01A",0,0.000618067333858249,0.0241034238229488,0.0303465329413199,0,0,0.667133099734592,0.277798876167281
"TCGA.BJ.A0ZJ.01A",0.0214549427150342,0.00050722621608988,0.092813501607567,0.00133744679942187,0.00147493525615933,0,0.65091671915911,0.231495228246617
"TCGA.EM.A4G1.01A",0.0236124583056188,0.0713740124679055,0.0228482001371087,0.030994312383232,0.13155031952396,0,0.659360784804982,0.0602599123771937
"TCGA.DJ.A3V7.01A",0,0.0637972177989362,0.0485101952124016,0.0375798630424601,0,5.35038233676113e-05,0.65947202282659,0.190587197296245
"TCGA.KS.A4I3.01A",0,0.0110827481373199,0.0195470996883719,0.0295270284307082,0,1.4639692846883e-05,0.720480156073969,0.219348327976784
"TCGA.EL.A3GR.01A",0,0,0.00714882015170897,0.000119056743704599,0,0,0.57257094397778,0.420161179126806
"TCGA.EM.A3AQ.01A",0,0,0.00989303600092594,0.0412428169238533,0,7.43519875116609e-05,0.774614881045095,0.174174914042614
"TCGA.BJ.A45C.01A",0.0662423029927498,0.018728234601637,0,0.0224761506853814,0,0,0.739598532061143,0.152954779659089
"TCGA.DJ.A2PN.01A",0,0,0.0136396084316128,0.0125185201657404,0,0,0.732699456680953,0.241142414721693
"TCGA.ET.A2MX.01A",0,0.0264323875640175,0.0314349994883188,0.169492682756984,0,2.97050335955637e-06,0.683185266554464,0.0894516931328555
"TCGA.DJ.A4V2.01A",0,0,0.0474843516568494,0.0114131762277054,0,0,0.603356618693319,0.337745853422126
"TCGA.ET.A39P.01A",0,0,0.0167803609054551,0.0246586351341278,0,0,0.616061618309955,0.342499385650462
"TCGA.DJ.A2Q3.01A",0.00485755324938682,9.38630694546463e-05,0.0575447381218811,0.00140289433782043,0,2.62262872788822e-05,0.632130372465908,0.30394435246827
"TCGA.DJ.A2QC.01A",0.0240439367425076,0.00789309323900688,0.0341829601750347,0.0259122762604005,0,0.000746916045656022,0.783805619234322,0.123415198303072
"TCGA.KS.A4IB.01A",0,0,0.0127049338549285,0.0569501845103082,0,0,0.717679892548408,0.212664989086355
"TCGA.EM.A3AK.01A",0,0,0.0181429032976639,0.00151462249593602,0,9.62986800994828e-05,0.754123939000317,0.226122236525984
"TCGA.EM.A3ST.01A",0.0195901476144388,0.0697291569590487,0.0160102705252558,0.102857559854552,0.0025282934145761,0,0.736871746874214,0.0524128247579143
"TCGA.FK.A3SD.01A",0,0,0,0.0570801854102751,0,0,0.739625668272255,0.20329414631747
"TCGA.DJ.A2PQ.01A",0,0,0.00407576479486859,0.016804247722843,0,0,0.695588205957083,0.283531781525205
"TCGA.DJ.A13P.01A",0,0,0.0117370287185992,0.0139885773335697,0,0,0.811367226386749,0.162907167561082
"TCGA.EM.A2CL.01A",5.02055157675012e-05,0,0,0.0144025753399725,0.00150507982703631,0,0.86757649636669,0.116465642950534
"TCGA.EL.A3MW.01A",0,0,0.0628015125789493,0.0326094021168622,0,4.0682404389896e-05,0.719073172370041,0.185475230529758
"TCGA.J8.A3NZ.01A",0,0,0.0604630740356706,0.0336431629093612,0,0,0.605828126665125,0.300065636389843
"TCGA.DE.A4MD.01A",0,0.010220482041998,0.0125239823801214,0.111231720272936,0.199141196822015,0,0.609193875303787,0.057688743179143
"TCGA.DJ.A3UY.01A",0,0,0.0446392648358318,0.00145858253732948,0,9.12660346675137e-06,0.477721628519478,0.476171397503894
"TCGA.ET.A25O.01A",0,0,0.0121415836519171,0.0412651718597245,0,1.06340827643924e-05,0.687237825913559,0.259344784492035
"TCGA.EL.A3ZM.01A",0,0.0238597178820188,0.0527901976730441,0.116879026869426,0,0.000151517252957755,0.434249638064739,0.372069902257815
"TCGA.EM.A1YE.01A",0,0,0.00937659723826346,0.0210508909484946,0,0,0.780195592173682,0.18937691963956
"TCGA.J8.A42S.01A",0,0,0,0.00204248781024876,0,0,0.6483502547947,0.349607257395051
"TCGA.ET.A2MZ.01A",0,0,0.00654023878068193,0,0,0,0.778678119403925,0.214781641815393
"TCGA.CE.A3ME.01A",0,0.0062807398327609,0.0347845773422652,0.0611062937193802,0,0,0.6942857417262,0.203542647379394
"TCGA.EM.A3AR.01A",0,0,0.00331938953308532,0.000190369438371647,0,0,0.600404265822797,0.396085975205746
"TCGA.FY.A3BL.01A",0,0.0180810577800684,0.0205189938702039,0.0744373827188099,0,8.63294299094606e-06,0.705598419289151,0.181355513398776
"TCGA.EM.A3FM.01A",0,0,0.104950211596418,0.0729249636143996,0,0,0.446532942432844,0.375591882356338
"TCGA.BJ.A4O8.01A",0,0,0.0550765331444307,0.0052072718427204,0,0,0.357756286250047,0.581959908762801
"TCGA.H2.A3RI.01A",0,0.0174165629742191,0.0619572255081602,0.0254407700028186,0,5.52812603985277e-06,0.70220659610908,0.192973317279683
"TCGA.ET.A3BQ.01B",0,0,0.00531469412719019,0,0,0,0.718121876245149,0.27656342962766
"TCGA.CE.A482.01A",0,0,0.0120583727887419,0.0153119985469979,0,0,0.716910099453127,0.255719529211133
"TCGA.DJ.A4UT.01A",0,0,0.0491537640217088,0,0,0,0.531559447247502,0.419286788730789
"TCGA.BJ.A3PU.01A",0,0.0499957344599968,0.0718573523799026,0.111558386275188,0,4.5753519194268e-05,0.590874316381783,0.175668456983935
"TCGA.ET.A25I.01A",0.00187293355007094,0,0.0555788464979104,0.0168285708959585,0.000377241486427255,0,0.841092382582556,0.0842500249870767
"TCGA.BJ.A2NA.01A",0,0,0.0404942306879504,0.00515493433933578,0,0,0.621898094452437,0.332452740520277
"TCGA.DJ.A3V0.01A",0,0,0.0279136232725786,0.0102012490198911,0,1.52697825224279e-05,0.509884827508754,0.451985030416254
"TCGA.DJ.A3VB.01A",0,0,0.0803537545136064,0.0159436804195313,0,6.22002582646233e-05,0.554301254655189,0.349339110153408
"TCGA.DJ.A2PV.01A",0,0,0,0,0,0,0.622354120592148,0.377645879407852
"TCGA.BJ.A3PR.01A",0.164767355174875,0.0969295780710163,0.134992291575268,0.00444409590321374,0,2.59504802957431e-05,0.394651611783831,0.2041891170115
"TCGA.EL.A3CR.01A",0,0,0.160330741529731,0.000437974743977663,0,0,0.398383475497028,0.440847808229264
"TCGA.ET.A25N.01A",0,0,0.0145993544359572,0.032102492683444,0,0,0.742086341679862,0.211211811200737
"TCGA.EM.A1CT.01A",0,0,0.0678465654017583,0.00286341954937779,0,0,0.667398315573081,0.261891699475783
"TCGA.DE.A0Y3.01B",0,0,0.0297626367218967,0.0406112115436413,0,0,0.680984938186892,0.24864121354757
"TCGA.DJ.A2Q0.01A",0,0,0.015759280518547,0.000976005675902645,0,0,0.782727654187816,0.200537059617734
"TCGA.FE.A239.01A",0,0.000133580809416761,0.0113553065064226,0.0135776456898144,0.00313728823545622,0,0.808046482941469,0.163749695817421
"TCGA.EM.A2CQ.01A",0,0,0.00283393916453625,0.0138356541249822,0,0,0.807382957184981,0.175947449525501
"TCGA.EL.A3T6.01A",0,0,0.14889066136435,0.0128466231933275,0,0,0.667109155173813,0.171153560268509
"TCGA.DE.A4M8.01A",0.00471839141524906,0.000215365884667,0.162707226015528,0,0,0.000107698815708861,0.562486914324601,0.269764403544246
"TCGA.J8.A3YH.01A",0,0,0.00600251110180521,0.00260667943894739,0,0.000149620827251079,0.721166854342979,0.270074334289018
"TCGA.FE.A235.01A",0,0,0.0169848393447232,0.034789479201215,0,2.94337062462258e-05,0.611575653495122,0.336620594252693
"TCGA.FE.A233.01A",0,0,0.0157410420244877,0.0480572794710359,0,0,0.710683080045765,0.225518598458712
"TCGA.EM.A4FN.01A",0,0,0.108155748762014,0.0746995367204931,0,0,0.615184087246122,0.201960627271371
"TCGA.ET.A39N.01A",0,0.02625939496664,0.00364937857526149,0.0523547087854496,0,0,0.789908432382787,0.127828085289862
"TCGA.ET.A4KN.01A",0.0412703339970449,0.0305673346689727,0.16908631499884,0.0796273793919892,0.165434555190261,0.000395559147789213,0.251500368415576,0.262118154189528
"TCGA.BJ.A3EZ.01A",0,0,0.0304575432680423,0.0360111593890512,0,0,0.646693263247503,0.286838034095403
"TCGA.DJ.A3UR.01A",0,0,0.0257438904909328,0.0141698324412582,0,7.8690776592627e-05,0.779746822416077,0.18026076387514
"TCGA.FE.A236.01A",0,0,0.015526271428387,0.0146538573069357,0,0,0.672260027320723,0.297559843943955
"TCGA.ET.A2N4.01A",0,0,0.0148368839889322,0.0161898563154332,0,3.84428569579853e-05,0.804262493907067,0.164672322931609
"TCGA.ET.A3BO.01A",0.0204786654806751,0.0239938910659285,0.0398387927892799,8.05998507021775e-05,0,4.67567514573982e-05,0.634929798123779,0.280631495938178
"TCGA.FK.A4UB.01A",0,0,0.0108324550037224,0.0163907894880123,0,1.89481304250219e-05,0.761566774559198,0.211191032818642
"TCGA.DJ.A13L.01A",0.0160769391977847,0,0.105702759377693,8.60425326865191e-05,0,0.00033039582316177,0.409751399450285,0.468052463618389
"TCGA.EL.A3ZQ.01A",0.0288148795313181,0.0033798131547088,0.036660580357035,0.107003843929642,0.195587930312373,9.4981326762567e-05,0.514522304408604,0.113935666979556
"TCGA.EL.A4K9.01A",0,0,0.0213490821481514,0,0,2.57081456627891e-05,0.739047381777737,0.239577827928449
"TCGA.ET.A25P.01A",0,0,0.00180805781083775,0.00162632913796981,0,0,0.787494836067428,0.209070776983765
"TCGA.EL.A3ZH.01A",0.00210456602270535,0.000321990846825206,0.00747520184784588,0.0108540913125498,0.00174782559884961,2.08936254421083e-06,0.760126133325364,0.217368101683316
"TCGA.EM.A4FU.01A",0,0,0.0176495379220432,0.00830529428155571,0,0.000133335541587261,0.793727126823128,0.180184705431686
"TCGA.KS.A4IC.01A",0,0.0116012546779808,0.0600904749144936,0.0448849538165549,0,0.000128602869541848,0.665688106705122,0.217606607016307
"TCGA.CE.A481.01A",0.00280526399381248,0.00347864457615338,0.0264469033559894,0.00450432931567012,0,0.000214669558249945,0.675988706911342,0.286561482288783
"TCGA.EL.A3CT.01A",0,0,0.0556236218990088,0,0,0,0.553394771891861,0.39098160620913
"TCGA.DJ.A2QA.01A",0.0509787625446113,0.00414746862820456,0.0322991735581122,0.0730047399527733,0,8.45936863467935e-05,0.621173175548826,0.218312086081126
"TCGA.FY.A40L.01A",0.00498313873226414,0,0.0406375110420394,9.03474392695348e-05,0,3.66579436556468e-05,0.590424590760931,0.36382775408184
"TCGA.DO.A1K0.01A",0,0,0.0176811291306478,0.00194755959442627,0,0,0.669578614987445,0.310792696287481
"TCGA.EL.A3GW.01A",0,0,0.00458811157749809,0.0380689380266794,0,0,0.790668058571334,0.166674891824488
"TCGA.EM.A3SU.01A",0.0234266435250859,0.0637708403324315,0.170413430557928,0.044434396357341,0,1.57409674979476e-05,0.517896418884212,0.180042529375503
"TCGA.MK.A84Z.01A",0,0,0.000156841492234628,0.00175101177210681,0,0,0.851235105694885,0.146857041040774
"TCGA.EL.A3H1.01A",0,0,0,0.00400416499564763,0,0,0.763688207510021,0.232307627494332
"TCGA.EL.A3ZK.01A",0,0,0.0665410156256166,0.0510082655705708,0,0,0.618031676319337,0.264419042484475
"TCGA.EL.A3GP.01A",0,0,0.091134019504142,0,0,0.000183080366951548,0.23465669224675,0.674026207882156
"TCGA.ET.A40R.01A",0,0,0.0428859681902497,0.0167984387806755,0,7.65700959870975e-06,0.72132226147963,0.218985674539846
"TCGA.DJ.A3UX.01A",0.00980936184664279,0.0170110899092779,0.045700967109692,0.000515108406559336,0,5.40535514952632e-05,0.661698789050557,0.265210630125775
"TCGA.DJ.A1QQ.01A",0,0.000299992035859843,0.00705517875118049,0.000948933620646507,0.00115411784151432,0.000117347807336296,0.620102241324425,0.370322188619037
"TCGA.EL.A3GY.01A",0,0,0.0592876388127816,0.0315397826570391,0,6.03352364170872e-06,0.623179366380122,0.285987178626415
"TCGA.EL.A4K0.01A",0,0,0.0204765479870607,0,0,0,0.504816710065132,0.474706741947808
"TCGA.IM.A3ED.01A",0,0,0.0564064945416351,0.000627923309366678,0,0,0.692640389423069,0.250325192725929
"TCGA.EL.A3GZ.01A",0,0,0.00972363483178273,0.00559270362200396,0,0,0.613891173873998,0.370792487672216
"TCGA.DJ.A1QL.01A",0,0,0,0,0,0,0.872777286110005,0.127222713889995
"TCGA.DJ.A4V5.01A",0,0,0.0340062902115648,0.034110566353855,0,6.58639562874327e-05,0.566550140844036,0.365267138634256
"TCGA.EL.A3T3.01A",0,0,0.0359727328142856,0.0207956214519067,0,0,0.630497996049312,0.312733649684496
"TCGA.E3.A3E1.01A",0.00121494833144879,0.0162380783906329,0.0640641845284499,0.0470037687642033,0.0029240223105353,9.92147331789655e-07,0.634031948441629,0.234522057085769
"TCGA.EL.A3ZN.01A",0.00068522109173429,0,0.00992135744451429,0.017794591364132,0,0.000149183390400142,0.778726089537964,0.192723557171255
"TCGA.EL.A4KI.01A",0.0838637345382874,0.0438676328834776,0.00829302018648852,0.0440560302183381,0,1.3906894471914e-05,0.594199013686181,0.225706661592755
"TCGA.DJ.A2Q4.01A",0,0,0.0236278003617526,0.00761375448177642,0,0,0.735347961696486,0.233410483459985
"TCGA.IM.A4EB.01A",0.00430091380135296,0.00122894039843656,0.0767122343850952,0.0195854884862657,0,7.28914060861256e-05,0.62108501128452,0.277014520238243
"TCGA.ET.A39M.01A",0.00130315864991113,0,0.233590296602075,0.00728713319818546,0.00273657403214412,1.48222159524381e-05,0.565315486413157,0.189752528888575
"TCGA.EM.A2CU.01A",0,0.000129789845098513,0.0672928877787696,0.000800879209180401,0.000769326423633627,0.00044674328675256,0.764045652696998,0.166514720759568
"TCGA.E3.A3DZ.01A",0,0,0,0.0215521409195803,0,1.01078991364133e-05,0.830087879693929,0.148349871487355
"TCGA.ET.A3BW.01A",0.00139052596422248,0,0,0.0132878163180826,0.00048882516196882,1.39670163088105e-05,0.78077424827612,0.204044617263297
"TCGA.DE.A0Y2.01A",0,0,0.0102532297815045,0.00289521748519535,0,0,0.595966506721092,0.390885046012208
"TCGA.DJ.A3VF.01A",0,0,0.00729300402534259,0,0,0.000109350131263545,0.313201024749511,0.679396621093883
"TCGA.DJ.A3VA.01A",0,0,0.0206721046393469,0.0272694164955354,0,1.92560454075518e-06,0.651878491372835,0.300178061887742
"TCGA.E3.A3E2.01A",0.06155622607054,0.0679155168806951,0.0366831320396662,0.00325772183642627,0,4.84223741457052e-05,0.61606886808327,0.214470112715257
"TCGA.DJ.A1QD.01A",0,0,0.0310726788276751,0.0127759639641269,0,0,0.646371506424865,0.309779850783333
"TCGA.J8.A3O1.01A",0,0.0330141453411701,0.0248300923390097,0.103431435777497,0,0,0.656482947748153,0.182241378794171
"TCGA.DJ.A3V3.01A",0,0,0.0479361485724962,0.00762522263950843,0,5.75742131081413e-05,0.72938422599504,0.214996828579848
"TCGA.DJ.A2Q2.01A",0,0,0.0311784945549359,0,0,0,0.768737854263424,0.200083651181641
"TCGA.KS.A41F.01A",0.00111434770447865,0.00237889607543665,0.0168977058154288,0.101580225177306,0.265598090979093,4.98305769320408e-05,0.558897582677272,0.0534833209940526
"TCGA.EL.A3N3.01A",0,0,0.0610795121868242,0.00151493198177898,0,1.89687754403735e-05,0.616654311179879,0.320732275876077
"TCGA.GE.A2C6.01A",0,0,0.0276339116996349,0.00118444622804001,0,0.000318036955167675,0.419832885398842,0.551030719718315
"TCGA.EL.A3D6.01A",0,0,0.0753445824158389,0.00754627000931035,0,0,0.446246911162971,0.47086223641188
"TCGA.DE.A7U5.01A",0,0,0.0475172167045313,0.00235299533572989,0,0,0.337921165719553,0.612208622240185
"TCGA.DJ.A3VJ.01A",0,0,0.0119979625691887,0.00345075224644796,0,6.43287229459919e-06,0.735241974735746,0.249302877576323
"TCGA.EM.A4FQ.01A",0.000549607461461792,0,0.0945810307594201,0.0341391252186383,0.000309887615699974,0,0.603151785408394,0.267268563536386
"TCGA.CE.A3MD.01A",0,0,0.021243624187642,7.63286077467192e-05,0,0,0.681408981532642,0.297271065671969
"TCGA.ET.A25R.01A",0,0,0.0287633755149536,0.0013475881755493,0,0,0.458437280214901,0.511451756094596
"TCGA.EM.A3AP.01A",0,0,0.00226018690833471,0.00248390411041106,0,2.39002787610003e-07,0.785226019932216,0.21002965004625
"TCGA.EL.A4JZ.01A",0,0,0.0579594920553918,0,0,0,0.42099418810865,0.521046319835959
"TCGA.FE.A23A.01A",0,0.0291536815470339,0.0934439587446143,0.0482571194129835,0,0,0.523644864135219,0.30550037616015
"TCGA.BJ.A45K.01A",0,0,0,0,0,0,0.783278056376255,0.216721943623745
"TCGA.DJ.A1QE.01A",0,0,0.00852259216471128,0.0078936495873062,0,0,0.44541156228029,0.538172195967692
"TCGA.E8.A433.01A",0,0.0738955346376183,0.0507886336119985,0.0450029524609739,0,0,0.479013383886733,0.351299495402676
"TCGA.BJ.A18Z.01A",0,0,0.011192061025464,0,0,0.000185221707270421,0.176675075129742,0.811947642137523
"TCGA.EL.A4K7.01A",0.00781855922122721,0.0176466194153521,0.0422479249735706,0.160548340894917,0,7.94884608439086e-06,0.607423753866885,0.164306852781964
"TCGA.FY.A3W9.01A",0,0,0,0.0426528616376523,0,0,0.791898426773038,0.16544871158931
"TCGA.EM.A22P.01A",0.000279493629856788,0.000197943392072209,0.0335221538916693,0,0,0.000471105530508585,0.525405623054396,0.440123680501497
"TCGA.DJ.A2PX.01A",0.0042189418841845,0.000737001766847173,0.0714883392101032,0,0,0.000295349705175583,0.739465009401696,0.183795358031993
"TCGA.J8.A3YD.01A",0,0,0.00913075454352765,0.020783242222809,0,0,0.69772589664608,0.272360106587583
"TCGA.EL.A3CV.01A",0,0,0.0753908453885823,0,0,0.000153636376341516,0.4710917719986,0.453363746236476
"TCGA.EL.A3CM.01A",0,0,0.0235626960778958,6.2131819703971e-05,0,0,0.518817055094419,0.457558117007982
"TCGA.ET.A40Q.01A",0,0,0.0886984036538666,0.00361979137723196,0,0,0.45087554422561,0.456806260743291
"TCGA.FK.A3SE.01A",0,0,0.00701110110543458,0.037361336500714,0,0,0.712058686823378,0.243568875570473
"TCGA.EM.A2OZ.01A",0.00124044351419007,0.00777490608391199,0.0413749122860422,0.0460865225185602,0.00257515076542485,9.75008860860426e-05,0.824110246182298,0.0767403177634867
"TCGA.ET.A3DW.01A",0,0.0358110394591431,0.0359472634048342,0.0301546635687775,0,0,0.664006869756149,0.234080163811096
"TCGA.H2.A421.01A",0.0113119207883603,0.0123996017949562,0.071048290949797,0.00259437898436477,0,5.54366645723552e-06,0.594236985437517,0.308403278378547
"TCGA.E8.A417.01A",0.0564928401750866,0.0935835107942531,0.0602400430974652,0.00714660131078764,0,0,0.620759606465121,0.161777398157287
"TCGA.EL.A3T2.01A",0,0,0,0.00558439522824053,0,0,0.855890320925165,0.138525283846594
"TCGA.E3.A3E0.01A",0,0.00728641815589056,0.0203953589135941,0.00230359320314673,0,1.98513941373522e-05,0.790584961622038,0.179409816711193
"TCGA.DJ.A3UW.01A",0.0155752439371001,0.0122117663252262,0.0966798311790105,0.000154954157760157,0,0.000101149392604289,0.556105281217227,0.319171773791072
"TCGA.DJ.A3VG.01A",0,0,0.00354811294211042,0.0242056705272524,0,0,0.847284693859664,0.124961522670974
"TCGA.BJ.A28V.01A",0,0,0,0,0,0,0.831622704805636,0.168377295194364
"TCGA.EM.A2CJ.01A",0,0,0.00118906835543458,0.0152235693316451,0,0,0.770726366645159,0.212860995667761
"TCGA.EM.A22O.01A",0,0.045541394570579,0.0547617051376904,0.159564800072968,0,0,0.536874163137364,0.203257937081399
"TCGA.E3.A3DY.01A",0,0,0.0655475532676656,0.0044503702466377,0,0,0.649803541559356,0.28019853492634
"TCGA.BJ.A0ZH.01A",0,0,0.0514429271117429,0.044683720393833,0,3.1309660116401e-05,0.672968494976565,0.230873547857743
"TCGA.BJ.A45J.01A",0,0,0.0236039372986534,0.020729704638374,0,0.000180228637391182,0.672325366271238,0.283160763154344
"TCGA.FY.A3I5.01B",0,0,0.0383472642498054,0.0003036776651511,0,0,0.731140493170546,0.230208564914498
"TCGA.E8.A413.01A",0,0,0.0247520927309912,0,0,0,0.352836999301152,0.622410907967856
"TCGA.FY.A3NM.01A",0,0,0,0.0115616518816079,0,0,0.85160657708784,0.136831771030552
"TCGA.FY.A2QD.01A",0,0,0,0.0609182874506631,0,0,0.755391530389885,0.183690182159451
"TCGA.CE.A485.01A",0,0,0,0,0,0,0.535303702238201,0.464696297761799
"TCGA.DJ.A13S.01A",0,0,0.0282862239960974,0.0166753125621137,0,0,0.772403964064357,0.182634499377432
"TCGA.ET.A3DR.01A",0,0,0,0.00963860887704167,0,0,0.717021224883845,0.273340166239113
"TCGA.DJ.A13O.01A",0.0165390793367681,0.0180903180076929,0.083396486698323,0.0508474660965147,0,0,0.620918202883202,0.2102084469775
"TCGA.EM.A22N.01A",0,0,0.0348054541857347,0.00326223235925664,0,0,0.823334904302121,0.138597409152888
"TCGA.E8.A414.01A",0,0,0.00683674720843547,0,0,2.30122873770434e-05,0.395617657805121,0.597522582699067
"TCGA.ET.A3BU.01A",0.00101445289884636,0,0.00791375204365783,0.00330117475225447,0,9.73485777513504e-05,0.742230493000104,0.245442778727386
"TCGA.EL.A3ZT.01A",0,0,0.0164119504426716,0.00623754475003961,0,0,0.689184659842849,0.28816584496444
"TCGA.ET.A39S.01A",0,0,0.00289343109475896,0.00442870247926068,0,0.000103492529146452,0.732821500914312,0.259752872982522
"TCGA.EM.A3O6.01A",0,0,0,0.00845026490981713,0,0,0.871020356807364,0.120529378282819
"TCGA.ET.A3DU.01A",0.0342670820666838,0.0209213231428386,0.156337110111102,0.00319145865561903,0,0.000910410409061836,0.430531578336812,0.353841037277884
"TCGA.DJ.A1QN.01A",0,0,0.0372183720914693,0.00199600478015099,0,0,0.712739450137347,0.248046172991032
"TCGA.ET.A3DP.01A",0,0,0.051184808293773,0.00475038964089132,0,2.67407215821045e-05,0.657824249108669,0.286213812235084
"TCGA.FY.A3NN.01A",0,0.00303310208096183,0.0692013977947065,0.0351433899786081,0,7.09137700401773e-05,0.71279184223169,0.179759354143993
"TCGA.DJ.A3V9.01A",0.000967724995297049,0.000300109435022955,0.0116266331182175,0.00150809962852178,0,0.000214294548461886,0.69353672479659,0.291846413477888
"TCGA.E8.A2JQ.01A",0.124717656169946,0.0176794046516334,0.0712020734048231,0.0147955328953342,0,0,0.364122617914579,0.407482714963684
"TCGA.EM.A4FH.01A",0,0,0,0.0467371927251195,0.00101230450967962,0,0.854187916620283,0.0980625861449184
"TCGA.IM.A420.01A",0.018431550839931,0.0381264690848128,0.0698349638038958,0.0215835119133124,0,0,0.636231698830303,0.215791805527745
"TCGA.EM.A22K.01A",0,0,0.00134467836037945,0.00166127768308281,0,0,0.828741749578126,0.168252294378412
"TCGA.EM.A2P0.01A",0.0028580399625777,0.000341452804038626,0.00666545786726205,0.00830502994663598,0.0015436450784045,5.29489387350985e-05,0.726178886810255,0.254054538592091
"TCGA.BJ.A28R.01A",0.0111095557969207,0.00855937623938199,0.0430614596257323,0.000395356250198382,0,0,0.75561912573672,0.181255126351047
"TCGA.ET.A3BX.01A",0,0,0.0518087217346904,0.0411690190017219,0,0,0.630244438610054,0.276777820653533
"TCGA.FY.A4B4.01A",0,0,0.0507351518450115,0.000975499480064888,0,0,0.593076140620817,0.355213208054106
"TCGA.ET.A3DQ.01A",0,0,0.0229835101541105,0,0,0,0.673247409082818,0.303769080763071
"TCGA.ET.A3DO.01A",0.0051306014338906,0,0.120580937347143,0.00419494048826984,0,6.89180929777404e-05,0.591277844195771,0.278746758441948
"TCGA.E8.A416.01A",0,0,0.00439731188905188,0.000319236023606973,0,0,0.615823367478341,0.379460084609
"TCGA.DJ.A1QG.01A",0,0,0.0341905248805499,0.0159333661620562,0,0.000119002216967515,0.874656881927741,0.0751002248126852
"TCGA.EM.A2OY.01A",0,0.000147039741247295,0.0161000339755109,0.0731181653850199,0,0,0.850608743411316,0.060026017486906
"TCGA.EL.A3CP.01A",0,0,0,0.00968038296173067,0,0,0.658957460091781,0.331362156946488
"TCGA.BJ.A45F.01A",0,0,0.0290897139748579,0.0230930074308859,0,0.000229204807825119,0.816175546610142,0.131412527176289
"TCGA.EM.A4FV.01A",0.00369913182567921,0,0.0834241354078804,0.0018516604056575,0,7.48407035033121e-05,0.703992185076946,0.206958046580333
"TCGA.EM.A2P1.01A",0.0774379763666277,0.0305762581235519,0.0984288384555814,0,0,0.000219910903446032,0.491860241056789,0.301476775094004
"TCGA.EL.A4JW.01A",0,0,0.00246546789859792,0.000701685088582919,0,0,0.656680993333428,0.340151853679391
"TCGA.EM.A3AI.01A",0,0,0,0.0336257469433406,0.00320378121388715,0,0.835340031884417,0.127830439958356
"TCGA.EL.A3GX.01A",0,0,0.15696420472015,0.0314987010924451,0,0,0.578390976723,0.233146117464404
"TCGA.FY.A3NP.01A",0,0,0.00730688154562616,0.0235454075924172,0,0,0.808747737736383,0.160399973125574
"TCGA.FY.A4B3.01A",0,0,0.000674671086417284,0.0173195614591243,0,0.0001071837362136,0.559039958134264,0.422858625583981
"TCGA.ET.A39R.01A",0.0442733254900391,0.0145038305942325,0.0613031800823522,0.00133831753489605,0,3.96122723044299e-05,0.572598008506689,0.305943725519486
"TCGA.EL.A3CY.01A",0,0,0.16362950004707,0,0,0.00064847891493907,0.449727638147998,0.385994382889993
"TCGA.EM.A4FM.01A",0,0.0185399523086047,0.0145174215762631,0.0114902590783022,0,0.000287249986707573,0.339987988212346,0.615177128837777
"TCGA.DJ.A4UL.01A",0,0.00126518271325776,0.0489732168030805,0.0570020870973511,0,0.00010382949765983,0.687654601628327,0.205001082260324
"TCGA.KS.A4I1.01A",0.069901879723296,0.0135987294660644,0.0137016211664836,0.110704983315508,0.125479828503737,3.8686826811092e-05,0.563135316998031,0.10343895400007
"TCGA.EM.A2P3.01A",0,0,0.0135018211619609,0.000104694842018746,0,4.70546387874914e-05,0.469796064230418,0.516550365126815
"TCGA.BJ.A2P4.01A",0,7.78849026977468e-05,0.0329093918382606,0.0204335426880591,0.000501044519743387,0.000263300207572275,0.736356940643336,0.209457895200331
"TCGA.KS.A4I5.01A",0,0,0.00554222472035466,0.0079742277149254,0,0,0.724112061166516,0.262371486398203
"TCGA.EL.A3ZS.01A",0,0,0.0366869777378925,0.00100468800355923,0,0,0.630469703946782,0.331838630311766
"TCGA.EM.A3SX.01A",0,0,0,0,0,0,0.848639909527054,0.151360090472945
"TCGA.EM.A1YB.01A",0,0,0.0233437072817478,0.0227444771809706,0,0,0.783061130458608,0.170850685078673
"TCGA.ET.A39I.01A",0,0,0,0.0120656771972792,0,0,0.834388554194178,0.153545768608542
"TCGA.E8.A419.01A",0.00114722493961445,0.00671068849950025,0.115008661126238,0.0306670005445305,0,0,0.61797702036144,0.228489404528677
"TCGA.BJ.A45G.01A",0,0,0.00749191632469095,0.0241355056328867,0,0,0.76833409427542,0.200038483767003
"TCGA.EL.A3CZ.01A",0,0.000423164775339407,0.00683417078729381,0.00578215031966574,0.00333897325171331,0,0.828395252874461,0.155226287991527
"TCGA.ET.A39O.01A",0,0,0.0795411796058809,0.006689358470716,0,0,0.503333221606562,0.410436240316841
"TCGA.BJ.A192.01A",0,0,0.0571662702379174,0.0256806319101505,0,0,0.674866268165979,0.242286829685954
"TCGA.EL.A3CN.01A",0.00473985428187045,0.000525321031147284,0.0441243386063657,0,0,2.58110426391867e-06,0.528648838762528,0.421959066213825
"TCGA.EM.A4FK.01A",0,0,0.0108221627459612,0.0388061472655742,0,0,0.75857963402855,0.191792055959915
"TCGA.BJ.A0Z0.01A",0,0,0,0.0141058298852497,0,0,0.826447219013231,0.159446951101519
"TCGA.FY.A76V.01A",0,0,0,0,0,0,0.733436760804607,0.266563239195393
"TCGA.DJ.A2PY.01A",0,0,0.0237310040676693,8.2841299369353e-05,0,0,0.42756471591171,0.548621438721251
"TCGA.IM.A41Z.01A",0.00837493013079875,0.0163894602577612,0.0922253388492877,0.0405639851293936,0.00217576764322314,0.000145455880501477,0.753702278950517,0.0864227831585169
"TCGA.FE.A232.01A",0,0,0.0746292606260236,0.00917719049155334,0,0,0.576582850815231,0.339610698067192
"TCGA.BJ.A0Z5.01A",0.000148591414940611,0.0204051536146568,0.0389326008381649,0.054965410922964,0.000435143407007106,3.28942845796039e-05,0.719025764751041,0.166054440766646
"TCGA.EM.A2CS.01A",0,0,0.000930167539244139,0.000217488011423679,0.00187988994020174,4.98357631770452e-05,0.5867875777656,0.410135040980354
"TCGA.EM.A1CW.01A",0.0184364361724679,0.0606609529514493,0.051880381138807,3.12083023807797e-05,0,0,0.71776607247779,0.151224948957105
"TCGA.KS.A4I9.01A",0,0,0.0816327624629251,0.0155339484301918,0,0,0.614679231656371,0.288154057450513
"TCGA.DJ.A13T.01A",0,0,0.00578250998353663,0.00192276753438154,0,0,0.760206448054203,0.232088274427879
"TCGA.ET.A4KQ.01A",0,0.00048441737081619,4.04145303663698e-05,0.0093433368654676,0.00268261110180811,7.67265953709316e-05,0.773343778890794,0.214028714645377
"TCGA.EL.A3T8.01A",0,0,0.00349902741118986,0.00267531525774534,0,0,0.765540831951881,0.228284825379184
"TCGA.FY.A3RA.01A",0,0,0.0225515518210552,0.0344579599821812,0,1.91204044554271e-05,0.640723728441299,0.302247639351009
"TCGA.BJ.A28X.01A",0.0187894038825554,0,0.0947409242141492,0,0,0,0.465059695621806,0.421409976281489
"TCGA.EM.A22M.01A",0.0122655591632469,0.00052086569527405,0.183426967620982,0.000150888698549291,0,0,0.511237680458739,0.292398038363209
"TCGA.ET.A40T.01A",0,0,0.0267387159799823,2.47091156641309e-05,0,0,0.603498132477995,0.369738442426359
"TCGA.FK.A3SH.01A",0.0280410178105327,0.0124335575561515,0.0170319154442467,0.078885170210816,0,5.22042914368375e-05,0.628136053748255,0.235420080938561
"TCGA.E8.A438.01A",0,0,0.0214355695299665,0.00369650549730025,0,0,0.790094298217071,0.184773626755662
"TCGA.E8.A44M.01A",0.105475369772081,0.0287601949151078,0.113181583463006,0,0,0,0.495391282586922,0.257191569262884
"TCGA.EM.A2CR.01A",0.0497651365609397,0.0036436065302043,0.0663976096480688,0.0666521466877468,0,0,0.649730907675323,0.163810592897717
"TCGA.BJ.A0ZG.01A",0.0840974684888821,0.00542706802744859,4.1470743240032e-05,0.00837709073502048,0.000283731171440156,1.85364060022708e-05,0.706845399273489,0.194909235154477
"TCGA.EL.A3MY.01A",0,0,0.00869156683456026,0,0,0,0.260192909736905,0.731115523428535
"TCGA.DJ.A1QO.01A",0,0,0.0955178291211171,0.0230813440092265,0,0.000267356886106889,0.517725043856147,0.363408426127403
"TCGA.ET.A25G.01A",0,0,0.017528185888425,0.0228293088553038,0,0,0.431978710752312,0.527663794503959
"TCGA.EM.A3OB.01A",0.0121699269185427,0.00403392046039616,0.00213598925356148,0.0309020084275458,0,9.27011936967538e-05,0.831410313138732,0.119255140607525
"TCGA.DO.A1JZ.01A",0,0,0,0.0199463862152036,0,0,0.708646177869338,0.271407435915459
"TCGA.ET.A39K.01A",0,0,0.0764248539579418,0.11188070967368,0,0.000287018183056474,0.601959965197533,0.209447452987789
"TCGA.ET.A3DS.01A",0.00311255746075216,0.000505027616403079,0.00265200529369921,0,0,2.46071532665441e-05,0.799437485416749,0.19426831705913
"TCGA.EL.A4KH.01A",0.0128153598148921,0.0053284253506019,0.0502272876870095,0.0343002946835016,0.00225266668585889,9.21238964378105e-05,0.661972177240675,0.233011664641023
"TCGA.DE.A4MB.01A",0,0,0.0766768453098533,0.00174893574869613,0,0,0.335209653136211,0.586364565805239
"TCGA.EM.A3O7.01A",0.00268277167131763,0,0.0198310759648623,0.021663445728884,0.00193214438576259,3.0552366893026e-05,0.780301413693032,0.173558596189248
"TCGA.EL.A3CU.01A",0,0,0.0302382475255512,0,0,6.88933777602627e-05,0.49107160719324,0.478621251903448
"TCGA.EM.A3SZ.01A",0.000961954040562447,0.00807275097519579,0.0702420789311665,0.0300824217515556,0,6.46215939646925e-06,0.686190044145945,0.204444287996178
"TCGA.FY.A3WA.01A",0,0,0,0,0,0,0.750920498095091,0.249079501904909
"TCGA.BJ.A0Z3.01A",0.0421363420999875,0.0647800883087284,0.0218842547540635,0.000358392585312629,0.00127872239696745,0.000126526785383008,0.661835449811819,0.207600223257738
"TCGA.FY.A3TY.01A",0,0,0.050904552302853,0,0,8.61778664877081e-05,0.397404943764474,0.551604326066185
"TCGA.EL.A3TB.01A",0,0.0231345815052486,0.0162270000154084,0.0159942369933113,0,6.09623845590628e-06,0.71674169726202,0.227896387985556
"TCGA.DJ.A2PS.01A",0,0,0.0270446704197089,0.000153468014689367,0,3.51963241559502e-05,0.708275939122372,0.264490726119074
"TCGA.E8.A2EA.01A",0.014922618271787,0.00179798435929428,0.158113152874316,0.0102409850718988,0,0,0.41376824789844,0.401157011524263
"TCGA.DJ.A2Q1.01A",0,0,0.100494256942639,0.0353981070654754,0,0.000867979393904162,0.417801715633471,0.445437940964511
"TCGA.DJ.A3VK.01A",0,0,0.0165102124852088,0.025075051639634,0,0.00025296150199508,0.819012094341081,0.139149680032081
"TCGA.EM.A2CN.01A",0.0321519845069803,0.00124527119623956,0.00504395001870565,0.0763336399907993,0,7.28323139823393e-05,0.622187093923847,0.262965228049446
"TCGA.BJ.A0ZF.01A",0.000818508823745055,0,0.0108028208644657,0.0227091230743625,0.00161596065929408,0.000135082384308281,0.744988592075858,0.218929912117966
"TCGA.EM.A3FK.01A",0,0,0.00102902906555907,0.02278580322188,0,0,0.742186964139748,0.233998203572813
"TCGA.BJ.A0ZE.01A",0.0166991027523559,0.0350072217092544,0.00840289776095481,0.0962876435730802,0,2.52914552535711e-05,0.779341852844038,0.0642359899050636
"TCGA.DJ.A3V4.01A",0,0.0263065829284839,0.0280796068846083,0.00794767282308178,0,3.19517913880542e-05,0.628384037257712,0.309250148314726
"TCGA.ET.A3BP.01A",0,0,0.026170163218658,0.00841987761458145,0,0,0.779995457100648,0.185414502066113
"TCGA.DJ.A2PU.01A",0,0,0.0165134002314823,3.46284742473863e-05,0,9.52287794202389e-06,0.724515670272107,0.258926778144221
"TCGA.J8.A3O0.01A",0,0,0.0313465817041077,0.00951437854606222,0,0,0.777362567681035,0.181776472068795
"TCGA.EM.A3FP.01A",0,0,0.0851665183515925,0.00325745670240064,0,0,0.791656481921102,0.119919543024905
"TCGA.EM.A3FN.01A",0.0451561327706363,0.0476668674986852,0.0042865615657036,0.072743922140789,0,4.50405360283369e-05,0.766494054921799,0.0636074205663583
"TCGA.DJ.A2PW.01A",0,0,0.0370854015589067,0.0136475381484678,0,2.65079547426532e-05,0.57716576927452,0.372074783063363
"TCGA.BJ.A0ZA.01A",0,0,0.0238312200379118,0.0080733388544618,0,0,0.770488521242915,0.197606919864711
"TCGA.EM.A2OV.01A",0,0,0.00719391791711065,0.00574276779835536,0,0,0.880085494853895,0.106977819430639
"TCGA.FY.A3R7.01A",0.00276732702217055,0,0.015938968412771,0.00206729202678622,0.00155178036869965,1.54013798650842e-05,0.689622224900505,0.288037005889203
"TCGA.FK.A3S3.01A",0,0.00696636751811616,0.00243198450401387,0.00600737418908391,0.00244360750162272,2.22544267830357e-05,0.769096690164799,0.213031721695581
"TCGA.EM.A1CS.01A",0,0,0.012361233378715,0.00324536665007732,0,0,0.702694844295719,0.281698555675488
"TCGA.EL.A3T9.01A",0,0,0.0240596898520839,0.00474190228748985,0,0,0.231920421967449,0.739277985892977
"TCGA.BJ.A2N7.01A",0,0.0123031058214502,0.0130557815814329,0.0239338401042687,0,2.69304388501927e-05,0.779459087137683,0.171221254916315
"TCGA.ET.A40S.01A",0,0,0.0862993886650017,0.0221216680300279,0,0.000486282994246864,0.623300416053534,0.26779224425719
"TCGA.EL.A3ZO.01A",0,0,0.0860042589886288,0.0188758176267863,0,0.000249410779722674,0.318229479028679,0.576641033576183
"TCGA.FE.A231.01A",0,0,0.0924371843587643,0.0371013661359176,0,0,0.638436620953656,0.232024828551662
"TCGA.EL.A3GQ.01A",0,0,0.00193950754511108,0,0,0,0.681216812559581,0.316843679895308
"TCGA.E8.A437.01A",0,0.0160481468161385,0.0220666988201139,0.0302108299359817,0,0,0.70401573069693,0.227658593730836
"TCGA.DE.A69K.01A",0,0,0.02255804319765,0.0111203982883913,0,0,0.719550704989603,0.246770853524356
"TCGA.DJ.A2PP.01A",0,0,0.000110576509641044,0.0158680114835694,0,0,0.810429541694551,0.173591870312239
"TCGA.FY.A4B0.01A",0,0,0.0454417919295473,0,0,0,0.591204522707419,0.363353685363034
"TCGA.DJ.A3UK.01A",0,0,0.0205024316937329,0.00148175652594211,0,0,0.785079061822964,0.192936749957361
"TCGA.BJ.A3PT.01A",0.00151094284307117,0,0.0812246340722002,0.0261827596426706,0.000107282157138067,0.000136577942584046,0.62171836715429,0.269119436188046
"TCGA.EM.A2CT.01A",0,0.0162441535343528,0.000561666502872275,0.060921937413724,0,4.78141143478007e-06,0.786559017231425,0.135708443906191
"TCGA.EL.A3D5.01A",0,0,0,0.0214888518624617,0,0,0.801043767058303,0.177467381079235
"TCGA.EL.A3GV.01A",0,0,0.0500281571037253,0.0102130355563446,0,0.000133217163437297,0.593353581864513,0.34627200831198
"TCGA.BJ.A45I.01A",0,0.000624288455656645,0.0289808210262662,0.00206908118960588,0,0.000141430379121215,0.516118113848647,0.452066265100704
"TCGA.EM.A3AJ.01A",0,0,0.0751807848123909,0,0,0,0.725267712083765,0.199551503103844
"TCGA.BJ.A2N9.01A",0.0191286743361505,0.154138127770235,0.0927098615892981,0.177926700526073,0,0,0.512433914167113,0.0436627216111298
"TCGA.KS.A4I7.01A",0,0,0.0434665049434018,0.00692206786621732,0,3.41976406388019e-05,0.67647085898131,0.273106370568432
"TCGA.KS.A4ID.01A",0.00416059784750689,0.00548254873375307,0.172229316843179,0.00142928007564771,0,0,0.678564112715311,0.138134143784603
"TCGA.FE.A230.01A",0.012253451519129,0.00789849577019885,0.0788961212558868,0.00921619670012192,0,0,0.649228623646824,0.242507111107839
"TCGA.DJ.A2Q5.01A",0.0326729275310956,0,0.0750981993680641,0,0,0.000224165712385485,0.625257983421207,0.266746723967248
"TCGA.EL.A4K2.01A",0,0,0.109110388055959,0.000763934689351782,0,0,0.710777139542713,0.179348537711976
"TCGA.EL.A4K4.01A",0,0,0.0249109026750863,0,0,0,0.217089428080595,0.757999669244319
"TCGA.EM.A22L.01A",0,0.000170560761304423,0.0002628471766977,0.0281926593070542,0,4.45509169229957e-06,0.793449279888204,0.177920197775047
"TCGA.DE.A0XZ.01A",0,0,0.0747676762755776,0.000649901666590072,0,0,0.653898453208094,0.270683968849739
"TCGA.EL.A3T7.01A",0,0,0.0359189831755142,0.0205151297565309,0,0,0.62373711048921,0.319828776578745
"TCGA.EM.A3FR.01A",0.00195691952436536,0.0157341995240896,0.0106771815186607,0.0177291176278933,0.00178013751949102,7.44659244871905e-06,0.794482527307213,0.157632470385838
"TCGA.ET.A2N0.01A",0.0041727298472734,0.0611489192504673,0.0501649678555779,0.113938055918468,0.18687633971874,3.25106305928506e-06,0.439041256550369,0.144654479796046
"TCGA.E8.A44K.01A",0,0,0.0536296781847643,0.0335349587501649,0,0,0.511132310566445,0.401703052498626
"TCGA.DJ.A4UW.01A",0,0,0,0,0,2.96937333576505e-05,0.497027648572717,0.502942657693925
"TCGA.EL.A3CO.01A",0,0,0.0566441083923208,0,0,0,0.530165396871437,0.413190494736242
"TCGA.DE.A4MA.01A",0.000317532647066458,0.058884650408773,0.075543067906688,0.15236460093281,0.0786746552076292,0,0.460828883495501,0.173386609401532
"TCGA.E8.A432.01A",0,0,0.0127709795885554,0,0,0,0.542328769766311,0.444900250645134
"TCGA.BJ.A18Y.01A",0,0,0.00782391971654486,0.00686017401871418,0,0,0.755063294216515,0.230252612048225
"TCGA.DJ.A13X.01A",0,0,0.014809540617401,8.44064216204217e-05,0,0,0.690823582153409,0.29428247080757
"TCGA.BJ.A190.01A",0,0,0,0.0381289428181789,0,0,0.840789400015804,0.121081657166017
"TCGA.FE.A238.01A",0,0,0.0401460990813967,0.0291350758871875,0,0,0.558166818089948,0.372552006941468
"TCGA.FK.A3SB.01A",0,0,0,0,0,0,0.767574163837833,0.232425836162167
"TCGA.4C.A93U.01A",0,0,0.02525873618676,0,0,0,0.417599051544529,0.557142212268711
"TCGA.EM.A3SY.01A",0.00603976272370756,0,0.0435914921095499,0.0283657935803581,0,6.33591540731558e-05,0.718299493461952,0.203640098970359
"TCGA.EL.A4KG.01A",0,0,0.0804918872779068,0.0303655768721939,0,0,0.455201992564783,0.433940543285116
"TCGA.DJ.A2PR.01A",0.000786969356461744,0,0.0187007767426955,4.42289314078591e-05,0,1.22475546545457e-05,0.797945429805816,0.182510347608964
"TCGA.DJ.A3UP.01A",0,0,0.0102543054682286,0.0146016773575411,0,0,0.812054352626097,0.163089664548133
"TCGA.FE.A22Z.01A",0,0,0.0466683582192844,0.0248098625837771,0,0,0.386414319964701,0.542107459232238
"TCGA.E8.A242.01A",0,0,0.0600336655238814,0.000927156942772635,0,0,0.421100457031582,0.517938720501764
"TCGA.EM.A3AL.01A",0,0,0,0.00234211273304369,0,0,0.831915756158587,0.16574213110837
"TCGA.ET.A3BN.01A",0,0,0.0019599483957212,0.0129489439481485,0,0,0.704709656027722,0.280381451628408
"TCGA.E3.A3E5.01A",0,0,0.0172365980244851,0.0122112895487257,0,6.9599973986426e-05,0.749891641389985,0.220590871062818
"TCGA.ET.A2N3.01B",0.0352265797493872,0.0135718579978751,0.00257893685235816,0.0489940505940357,0,5.35355105248615e-05,0.726808581397232,0.172766457898587
"TCGA.BJ.A2N8.01A",0,0,0.0320541742209616,0.0528829526643439,0,2.88913094221923e-05,0.797852423938431,0.117181557866841
"TCGA.DJ.A3US.01A",0.00456218783070728,0,0.0922120156655021,0.000536535788223602,0,0,0.738961258130161,0.163728002585406
"TCGA.L6.A4EP.01A",0,0,0.0393586468386781,0.0768198937649974,0,4.90558942170833e-05,0.668535504685183,0.215236898816924
"TCGA.KS.A41L.01A",0,0,0,0.0919392450880632,0,0.00326091278254816,0.786044062910201,0.118755779219188
"TCGA.DJ.A1QH.01A",0,0.00235010943649932,0.0169753102895925,0.0277107926284013,0,0,0.439368382900366,0.513595404745141
"TCGA.DJ.A4V0.01A",0.00861580770229327,0,0.0866304702919501,0,0,0,0.616954569698043,0.287799152307713
"TCGA.EL.A3T0.01A",0.000663468315773,0.000251150675426454,0.00328984066719111,0,0,0.000193719829113952,0.746665028126903,0.248936792385593
"TCGA.EL.A3H2.01A",0.00452552541079621,5.91313812480606e-05,0.0139318184814619,0.0149793676247899,0,0,0.864587333748973,0.101916823352731
"TCGA.DJ.A4V4.01A",0,0,0.0356932834994053,0.0346337014623597,0,0,0.621795344878348,0.307877670159887
"TCGA.EM.A4FO.01A",0,0.00113399806344377,0.13293659906632,0,0,0.000388855546216823,0.530181493111172,0.335359054212847
"TCGA.DO.A2HM.01B",0.000847469379232196,0.000880811526071886,0.272358964985098,0.000771880982010722,0,0.000650264615690598,0.360353985948869,0.364136622563028
"TCGA.DJ.A3V5.01A",0,0,0.00969520356687215,0.00162553293400821,0,1.61805860189737e-05,0.47297019361634,0.51569288929676
"TCGA.ET.A40P.01A",0.00231382443718791,0,0.030160625178399,0.0152366357510348,2.50808023278515e-06,0.000101918527644145,0.761626593857946,0.190557894167555
"TCGA.EL.A3GS.01A",0,0,0.0035338872280942,0.0167085069894801,0,0,0.676339596075467,0.303418009706959
"TCGA.EL.A3H7.01A",0,0,0.0189883313172845,0.000539765305895095,0,9.57833010614658e-06,0.456328090665416,0.524134234381298
"TCGA.DJ.A3UT.01A",0,0,0.00681254165198662,0.0363834448282938,0,2.28054615525058e-05,0.78262470422794,0.174156503830228
"TCGA.FE.A3PD.01A",0,0,0.0223347486411962,0.00128777154040666,0,2.26155412188936e-05,0.772505545344851,0.203849318932327
"TCGA.E8.A436.01A",0,0,0.0813812556498529,0.000198919761171153,0,0,0.476954553331395,0.441465271257581
"TCGA.DE.A3KN.01A",0.00275432497150798,0,0.0106749203742539,0,0.00207932964142005,6.96350507108484e-05,0.781342694453484,0.203079095508624
"TCGA.MK.A4N7.01A",0,0,0.00130287566061198,0.00736284068916792,0,0,0.654498987085919,0.336835296564301
"TCGA.EL.A3H4.01A",0,0,0.0263069490662811,0.0085209326061452,0,0,0.658449467348428,0.306722650979145
"TCGA.DJ.A3VL.01A",0.0830291185913917,0.0299090081745265,0.0873741640738259,0,0,9.02040690816914e-05,0.640664942989648,0.158932562101526
"TCGA.DJ.A2Q9.01A",0,0,0.040826546172751,0.0498943261926737,0,0,0.295584299053079,0.613694828581497
"TCGA.J8.A3YF.01A",0,0,0.0843980634711118,0.00930785860764766,0,0,0.555612982807058,0.350681095114183
"TCGA.BJ.A45D.01A",0,0,0.085681363593228,0.0332659476690834,0,0.000375647231881847,0.708619622491884,0.172057419013922
"TCGA.EM.A4FF.01A",0,0,0.0504187494172064,0.000449162439331433,0,9.68166211740511e-06,0.643859985798912,0.305262420682433
"TCGA.EL.A4JX.01A",0.00463238013792532,0.000363857766005112,0.228898081196851,0.00192541149590104,0,0,0.475009220794382,0.289171048608936
"TCGA.DJ.A3UZ.01A",0.00555624894099395,0.00662355549998039,0.0348489385688673,0.000113581223221616,0,3.56588063388241e-05,0.738151769816377,0.214670247144221
"TCGA.EL.A4KD.01A",0,0,0,0.00140740567518512,0,0,0.756055495227609,0.242537099097206
"TCGA.DE.A2OL.01A",0,0,0,0.0183398412103128,0,0,0.806728850198049,0.174931308591639
"TCGA.EL.A3CX.01A",0,0.0544756893133701,0.0952074382800515,0.0559818292337973,0,0,0.497777648613387,0.296557394559394
"TCGA.EL.A4K1.01A",0,0,0.0527548369992324,0.0360746747709804,0,0,0.620448311272722,0.290722176957065
"TCGA.DJ.A4UR.01A",0.00134727771277156,0,0.0365049168115092,0.00833034074990143,0.000119207168927815,0,0.755353143144902,0.198345114411988
"TCGA.DJ.A2QB.01A",0,0,0.0320419381418797,0.0118876188590752,0,0,0.787476628000398,0.168593814998647
"TCGA.EL.A4JV.01A",0,0,0,0.0184211877689223,0,0,0.813047361956184,0.168531450274894
"TCGA.ET.A3DV.01A",0,0,0.0052483411588518,0.0355634425902109,0,0,0.710439586606007,0.248748629644931
"TCGA.E8.A434.01A",0,0,0.0287637137854798,0.0212061942531163,0,0,0.588120350971657,0.361909740989747
"TCGA.EM.A2P2.01A",0,0.0002217652712151,0.00457513040417444,0.0101181875188673,0.00160510290017593,0,0.778479344790251,0.205000469115316
"TCGA.EM.A1CV.01A",0,0,0.0124979208698609,0.0144999431680664,0,0,0.761665061561101,0.211337074400972
"TCGA.J8.A3O2.01A",0,0,0.0400792547010805,0.0130748611268044,0,0,0.613326440485758,0.333519443686357
"TCGA.ET.A2N5.01A",0.00120823118220958,0,0.0117284380614392,0.0285608047087141,0.00239668187542219,5.42029439290413e-06,0.766369220332761,0.189731203545061
"TCGA.ET.A25M.01A",0,0,0.00481091683264708,0.00724956457427684,0,0,0.429942227733012,0.557997290860064
