Mixture,B Cells,Cancer Cells,Endothelial Cells,Fibroblasts,Macrophages,Mast Cells,T Cells,P-value,Correlation,RMSE
TCGA-4T-AA8H-01A,0,0.462302599258848,0.378076602596918,0.0468708854123596,0.0340488015372225,0,0.0787011111946519,0,0.122984442842924,1.13575267091658
TCGA-AA-A00Q-01A,0,0.179791677583667,0.375714699140541,0.243870244022968,0.150115786865947,0,0.0505075923868767,0,0.200704903127611,1.0608247188924
TCGA-AZ-4614-01A,0.0112878008467051,0.118508612715512,0.549059203595244,0.143981235826559,0.156297690511564,0,0.0208654565044166,0,0.151827844444163,1.09945134529542
TCGA-A6-2675-01A,0,0.198686971619749,0.154371965038372,0.300441927880659,0.34649913546122,0,0,0,0.29701327393466,1.02483451304233
TCGA-AA-A00U-01A,0.0268227031477539,0.107589835824157,0.457055670619706,0.242477961729851,0.120619155493479,0,0.0454346731850537,0,0.213132049256675,1.05832404828387
TCGA-A6-6781-01A,0,0.133978721531733,0.188731329910271,0.381385159418852,0.295904789139144,0,0,0,0.217462089639145,1.07644325218329
TCGA-CM-6169-01A,0.0351322471235608,0,0.338603259484971,0.376667455953643,0.238842867838192,0,0.010754169599633,0,0.434457661866615,0.936926986686618
TCGA-AA-3516-01A,0,0.193759909657752,0.239362030975261,0.0870326693243286,0.460274703676173,0,0.0195706863664849,0,0.234203894203592,1.08618024822625
TCGA-AA-3552-01A,0,0.234396024231425,0.237979140906535,0.210879189241361,0.316745645620679,0,0,0,0.261173085593813,1.0410383990701
TCGA-D5-6931-01A,0.00492567363294336,0.042652770754267,0.238977509319759,0.292769922860227,0.356269354419273,0,0.0644047690135302,0,0.242170232966961,1.06144548874967
TCGA-SS-A7HO-01A,0,0.180058803138314,0.49199995876137,0.25920334819639,0.068737889903926,0,0,0,0.113358815631837,1.13283505599475
TCGA-AZ-6605-01A,0.0125748412869122,0.103192980349911,0.323832948308525,0.383843819314184,0.176555410740468,0,0,0,0.346558300419311,0.990854233065353
TCGA-CA-6717-01A,0.00231589600439256,0.0992146511255452,0.189925664674651,0.403701406602962,0.268996442996893,0.00525759344931487,0.0305883451462413,0,0.41696152820485,0.941522868998471
TCGA-NH-A8F7-01A,0,0.12428363977381,0.489583034867261,0.223055466124527,0.163077859234401,0,0,0,0.120329414007864,1.12460352353862
TCGA-AD-6965-01A,0.0553100488303037,0.232289190947269,0.334491267179815,0.27723905155997,0.100670441482643,0,0,0,0.178916458358847,1.07492430454669
TCGA-AA-A02H-01A,0.0239767031223278,0.177108445905374,0.302760528189939,0.268573452908367,0.227580869873992,0,0,0,0.198649899248449,1.0689584713822
TCGA-AA-A022-01A,0,0.207696964588187,0.0913408202897917,0.160559931415445,0.426716918574163,0,0.113685365132413,0,0.38712518993299,0.966175976036462
TCGA-AA-3680-01A,0.0155019762292622,0.203269687070558,0.346188614127313,0.179057605635132,0.192107766969572,0,0.0638743499681634,0,0.188203288842865,1.06014211162136
TCGA-A6-6650-01A,0.024839792144983,0.13825776587606,0.483240671758336,0.295320831126956,0.0583409390936645,0,0,0,0.0797973012777724,1.15409944812074
TCGA-G4-6311-01A,0.0602012418867873,0.144519404584453,0.145314012171288,0.30994262427057,0.340022717086902,0,0,0,0.248688094787345,1.04893030755198
TCGA-A6-2677-01B,0.293224218379905,0.122364144656283,0.138289840786645,0.446121796177167,0,0,0,0,0.189153215587747,1.05540622305183
TCGA-AA-3815-01A,0,0.234113529388035,0.0591573556645621,0.155430906465688,0.426525640637378,0,0.124772567844337,0,0.294536977710426,1.0303637833566
TCGA-CK-4951-01A,0.000751957790798525,0.0518703498611534,0.229234488109969,0.300399538595509,0.399692188351956,0,0.0180514772906146,0,0.318995658162102,1.02451218917124
TCGA-CK-6748-01A,0,0.220114463630275,0.155299200291181,0.388699219000899,0.235887117077645,0,0,0,0.26014241292386,1.04309953121186
TCGA-CA-5255-01A,0,0.370930309399648,0.301350825879725,0.149620447880283,0.0951926986778932,0.00410578307089707,0.0787999350915531,0,0.140525603242145,1.09977126937493
TCGA-CK-4952-01A,0.0433922472581587,0.205203468578632,0.293023612058202,0.133991880416657,0.32438879168835,0,0,0,0.160474387948453,1.09633636777276
TCGA-AZ-4315-01A,0,0.127779635082513,0.157384274292351,0.313201244339772,0.401634846285364,0,0,0,0.238348736553537,1.07523413386023
TCGA-AA-3869-01A,0,0.245676842509879,0.233574629383041,0.0973052056206441,0.423443322486436,0,0,0,0.244169532379473,1.07382696123616
TCGA-G4-6626-01A,0,0.247058169095776,0.551151449176721,0.0968309026865889,0.104959479040913,0,0,0,0.169960041439574,1.09083975525753
TCGA-DM-A1D7-01A,0,0.130568041023653,0.40365963322109,0.258470205062447,0.13333937230854,0,0.0739627483842696,0,0.213235995461444,1.0542295716297
TCGA-AA-3531-01A,0,0.221986181087612,0.384882585959053,0.209452428515725,0.18367880443761,0,0,0,0.186543428410856,1.07658962189438
TCGA-A6-5662-01A,0.00401448801626159,0.214426127662754,0.313133900209238,0.401886620630669,0.0665388634810775,0,0,0,0.156994418262905,1.1134331343955
TCGA-CM-4744-01A,0,0.179359381078297,0.25614915708271,0.0946055841354736,0.349366748428187,0.00126180289937707,0.119257326375955,0,0.248545039402628,1.03854710780384
TCGA-D5-5540-01A,0.00922343531876379,0.206227854147973,0.186014358231408,0.332022007230367,0.266512345071488,0,0,0,0.199140317012882,1.07664224817516
TCGA-AZ-6608-01A,0.00179941201495821,0.4239248678503,0.421799546244458,0.0421211071572761,0.0908272117672747,0,0.0195278549657326,0,0.13870267367803,1.12378715826709
TCGA-AA-3518-01A,0.0260807031217565,0.114306031687597,0.248118605684615,0.124343270283877,0.375345404261631,0,0.111805984960524,0,0.332445469568834,0.990685090535211
TCGA-CM-5863-01A,0,0.178356274977652,0.139439918426861,0.395354322323276,0.28684948427221,0,0,0,0.263316133023424,1.04573899025215
TCGA-A6-5666-01A,0,0.263621854302578,0.433173908169892,0.166353232135348,0.136667598412065,0.000183406980117202,0,0,0.170407013453322,1.08678294649287
TCGA-DM-A280-01A,0,0.122719665329351,0.253689335499593,0.307049747255181,0.316541251915874,0,0,0,0.202241119321545,1.08391083303855
TCGA-AA-3973-01A,0.0573491283620161,0.0612373758639917,0.429183046336178,0.335565215978529,0.116665233459285,0,0,0,0.213032089013185,1.07471636714933
TCGA-CM-4748-01A,0.023177797785913,0.0969704045081386,0.216633607412386,0.382538681271138,0.280679509022424,0,0,0,0.280942293778119,1.03465306994364
TCGA-D5-6530-01A,0,0.225215846377357,0.151017956149711,0.0237459186187695,0.50487132968995,0,0.0951489491642112,0,0.194400983189461,1.12622411320268
TCGA-A6-6137-01A,0.0859540786643589,0.0817770500970451,0.439972318923643,0.134972560600276,0.257323991714678,0,0,0,0.222161282955795,1.05452344861139
TCGA-DM-A1D6-01A,0.00872609784855814,0.311952877738577,0.457044447074362,0.141766653383936,0.0805099239545672,0,0,0,0.142109064894441,1.10741772745938
TCGA-D5-6923-01A,0,0.163601123329035,0.27289391711643,0.41900187858758,0.144503080966955,0,0,0,0.24343261670819,1.05841693820061
TCGA-A6-2681-01A,0,0.205990977352764,0.127566044212383,0.395219472842824,0.263922731117516,0.0073007744745133,0,0,0.297218384903119,1.02126780537193
TCGA-F4-6463-01A,0.00668450453050551,0.220960172031061,0.283395107944735,0.462621741722789,0.0263384737709097,0,0,0,0.253966356383944,1.06453748028678
TCGA-AZ-6599-01A,0.153842888878431,0.134732284932606,0.638305619908676,0,0.0731192062802875,0,0,0,0.116505295754378,1.10367360003171
TCGA-D5-6532-01A,0.0874232281047723,0.074840912701925,0.505951401585615,0.209707571977789,0.122076885629898,0,0,0,0.170791962849352,1.08555293719535
TCGA-AA-3489-01A,0.138179269234494,0,0.280412829889756,0.3258704356722,0.25553746520355,0,0,0,0.450497279232303,0.913967675759046
TCGA-CM-6171-01A,0.0475421327594237,0.114479489477964,0.473255857307842,0.121789140668543,0.20873506007556,0,0.0341983197106675,0,0.11791359509236,1.10674151204034
TCGA-AA-A00R-01A,0,0,0.102396951653133,0.11931948461631,0.631190691749357,0,0.1470928719812,0,0.336686964577096,1.07189518996989
TCGA-DM-A28C-01A,0.0572723981950248,0.212836164022263,0.527397045284065,0.133109172146616,0.0693852203520317,0,0,0,0.148354302790457,1.09368863064484
TCGA-AA-A01T-01A,0.00524578590838816,0.306769579332536,0.407325295638709,0.1389309535324,0.141728385587967,0,0,0,0.185658446444038,1.07857989544528
TCGA-AA-A02E-01A,0.0171342336997306,0.318982366409309,0.399447348810647,0.14427494513577,0.115332589688725,0,0.00482851625581877,0,0.171632369598149,1.08527827678907
TCGA-CM-5860-01A,0.00301625339573521,0.0423318960213484,0.274784196713599,0.419824787695503,0.253036346796605,0.00700651937720937,0,0,0.344404193834661,1.00309420777974
TCGA-A6-6141-01A,0.0513144362933579,0.112724620017671,0.392823671722234,0.256760000516928,0.14652965394078,0,0.0398476175090285,0,0.212368496544147,1.05295007359944
TCGA-AA-A00D-01A,0,0.188251964206581,0.184061602016561,0.13103908438075,0.457347743938072,0,0.0392996054580352,0,0.449503606780214,0.930435175836798
TCGA-G4-6628-01A,0,0,0.26633820432429,0.103563783980617,0.407663760689738,0,0.222434251005355,0,0.5725690493914,0.824964171661097
TCGA-AA-3688-01A,0,0.198743316664996,0.365429186042703,0.170540063741042,0.265287433551258,0,0,0,0.197291285577723,1.07364408191475
TCGA-AA-3492-01A,0,0.282850170753898,0.13528131472716,0.249388169187025,0.321752764064245,0,0.0107275812676728,0,0.214486277545627,1.07371969818227
TCGA-AA-3819-01A,0.0304719243754498,0.155088157122741,0.279623352722353,0.350142323221281,0.184674242558176,0,0,0,0.219935532123075,1.06029256196765
TCGA-A6-2678-01A,0.0232215052357206,0.125749069557725,0.391351479474141,0.183435963031175,0.276241982701239,0,0,0,0.213142593859574,1.06581500349017
TCGA-AA-3521-01A,0,0.215922434798615,0.149114007664173,0.385032118497494,0.249931439039719,0,0,0,0.221043897558722,1.06787144721976
TCGA-DM-A1DA-01A,0,0.0148748385511536,0.372388940625011,0.0947784344100475,0.473405162786051,0,0.0445526236277373,0,0.173904090741898,1.13978386960208
TCGA-AA-3864-01A,0,0.120473288608478,0.265108128439134,0.244250202772336,0.316458785350951,0,0.0537095948291014,0,0.156723323656558,1.0985128755282
TCGA-F4-6855-01A,0,0.127710645085237,0.138952389977296,0.522802971935472,0.210533993001994,0,0,0,0.314534844294689,1.02449065554702
TCGA-F4-6856-01A,0,0.30623509419012,0.282659086426235,0.285031605711404,0.12607421367224,0,0,0,0.151307704189584,1.10376354327812
TCGA-DM-A0X9-01A,0.0358993000366393,0.185340217288578,0.386135026723965,0.264327204578742,0.0814161371513664,0,0.046882114220709,0,0.200595502490504,1.05927517612898
TCGA-A6-5659-01A,0.000138883308125953,0.248854583080444,0.320946362183005,0.346347070229766,0.0837131011986594,0,0,0,0.137759823999273,1.11739928974841
TCGA-AZ-6598-01A,0,0.321235248406602,0.156131147565784,0.0810382780297112,0.441595325997903,0,0,0,0.221982577929102,1.10310398107831
TCGA-AA-3519-01A,0.00524689266333953,0.0505469354232582,0.398823050621824,0.222750669598145,0.322632451693434,0,0,0,0.258787747745291,1.05515672539305
TCGA-DM-A1HB-01A,0,0.212492249433136,0.373388802290735,0.0806120840511058,0.262130918963736,0,0.0713759452612873,0,0.134802402893695,1.09711718088553
TCGA-A6-A567-01A,0,0.250543216669155,0.341922931373676,0.367571437622709,0.039962414334461,0,0,0,0.213550389913939,1.0795063134267
TCGA-AA-3970-01A,0,0.0591266828661171,0.296790866751482,0.150585173969134,0.43404564818029,0,0.0594516282329773,0,0.245220150488789,1.07180468430538
TCGA-CA-5796-01A,0.0190607347006703,0.0591664233305216,0.678521846762722,0.0375289821703253,0.148606839568809,0,0.0571151734669525,0,0.150301490233597,1.10606767575881
TCGA-5M-AAT6-01A,0,0.043437157848395,0.220127094727615,0.281153673546544,0.371803023590036,0,0.0834790502874101,0,0.405751399928629,0.952129805891924
TCGA-CM-6163-01A,0.108324685015734,0.111804680567433,0.275788759927147,0.268926700957435,0.235155173532252,0,0,0,0.273586568868508,1.0167043980131
TCGA-AD-6889-01A,0,0.23388944607124,0.338845107514017,0.112528767647834,0.258582392638424,0,0.0561542861284855,0,0.158128808574173,1.08588660321831
TCGA-CM-4751-01A,0.0491692520805599,0.129001130285675,0.344537561605,0.253140934599018,0.166520072646911,0,0.0576310487828357,0,0.283100729561532,1.0068117583873
TCGA-AA-3982-01A,0.0333815542336992,0.114937162820396,0.365553191458668,0.127306505028888,0.358821586458348,0,0,0,0.289017918070983,1.02848743161021
TCGA-AA-A00A-01A,0,0.267602006970388,0.23877673981325,0.196495056962379,0.297126196253983,0,0,0,0.298336537510537,1.01642439017386
TCGA-D5-6924-01A,0,0.0696858788875228,0.174150943341342,0.421103897867948,0.335059279903187,0,0,0,0.296194066215572,1.03938919170307
TCGA-AA-3502-01A,0.0641287061976872,0.141278581590132,0.379121917872476,0.0218827696682308,0.393588024671474,0,0,0,0.183628697656729,1.10070870392738
TCGA-D5-7000-01A,0,0.235651198596464,0.225341762533985,0.267853290688002,0.271153748181549,0,0,0,0.209323185425378,1.06915682551322
TCGA-D5-6540-01A,0,0,0.333459864299952,0.199352351820269,0.424134521827397,0,0.0430532620523821,0,0.235494546069794,1.08775957316368
TCGA-D5-6932-01A,0,0.261028581842319,0.232933788558078,0.332795805394183,0.17324182420542,0,0,0,0.229632353026058,1.05674242855906
TCGA-CK-5912-01A,0,0.399741720524007,0.370119273808246,0.215112422968379,0.0150265826993678,0,0,0,0.134208846170743,1.13355042718461
TCGA-AA-3538-01A,0.00731973225833655,0.121301425465498,0.272165889683362,0.313196469867169,0.286016482725634,0,0,0,0.238527364727391,1.05763061942845
TCGA-AA-3930-01A,0,0.22134573962143,0.0740881643956758,0.206798729461539,0.46803861857094,0,0.0297287479504159,0,0.225009793220689,1.09474919837161
TCGA-AA-A00W-01A,0.131980304629154,0.186026002429193,0.541305733994325,0,0.0727892027441587,0,0.0678987562031688,0,0.172296886141172,1.05701215924162
TCGA-AA-3555-01A,0.017469543923799,0.0976131292718581,0.320953076779454,0.250127385591216,0.313836864433672,0,0,0,0.138076874672284,1.11949879691398
TCGA-AA-3655-01A,0,0.275177465096329,0.255719811126536,0.178220732879619,0.290881990897516,0,0,0,0.246054459925782,1.04868290667462
TCGA-AA-3989-01A,0.0129392381889748,0.238123145233663,0.251704313208075,0.278394599914473,0.218838703454815,0,0,0,0.216190057909169,1.05975137126605
TCGA-5M-AATA-01A,0,0.222389160346779,0.417283336571708,0.249273692811436,0.0958038188335472,0,0.0152499914365291,0,0.23460558183443,1.0502399030031
TCGA-5M-AAT4-01A,0,0.179822548344218,0.466218462797106,0.238345044345294,0.115613944513382,0,0,0,0.179655046913465,1.08716612536214
TCGA-AA-A02R-01A,0,0.0854885055916375,0.0812806239587004,0.153356033669033,0.675952817041114,0,0.00392201973951519,0,0.537703900134027,0.915611730242106
TCGA-A6-6649-01A,0,0.164366914431647,0.317982686232515,0.386294371732064,0.120952778987342,0,0.0104032486164323,0,0.244844703997255,1.05393719721367
TCGA-A6-3809-01B,0.299398390231648,0,0.0441580695340745,0.106236071784113,0.413809162768469,0,0.136398305681696,0,0.252629893976039,1.0504982865725
TCGA-AY-4070-01A,0.0308785987289144,0.158277847541154,0.295552962397555,0.328236524286399,0.187054067045977,0,0,0,0.210736581880908,1.06398910988884
TCGA-G4-6299-01A,0.00283268882904083,0,0.277900323301759,0.292795399058855,0.426471588810346,0,0,0,0.360021170147528,1.00960617494393
TCGA-AA-A02O-01A,0,0.324427644056636,0.253607393620448,0.221016080418138,0.173131523347523,0,0.0278173585572548,0,0.183883908774858,1.07789013136446
TCGA-AA-3972-01A,0,0.142307710997814,0.547449023285145,0.137175331612037,0.173067934105005,0,0,0,0.19932058714212,1.07569186017362
TCGA-NH-A50T-01A,0,0.134257303659388,0.460635028751243,0.230432256836907,0.174675410752462,0,0,0,0.160388408270257,1.09927998158352
TCGA-DM-A0XD-01A,0,0.179239551413134,0.265107735411382,0.424074075876621,0.110524326214484,0,0.0210543110843784,0,0.214769975150398,1.07346328814028
TCGA-AU-6004-01A,0.0105226445829099,0.0488785335006148,0.220059683912607,0.213624694837654,0.435459212565505,0,0.0714552306007099,0,0.411938219168394,0.955702208025247
TCGA-AA-3841-01A,0,0.203728967790609,0.27869880688496,0.265686373940152,0.251885851384279,0,0,0,0.215538836406138,1.06352744398337
TCGA-DM-A28E-01A,0.074663289014756,0.215201238529625,0.591787062425488,0.112923601952845,0.00542480807728576,0,0,0,0.148815292822033,1.09991969920258
TCGA-AA-A00E-01A,0,0.342927696924076,0.129237697839058,0.0968239200114445,0.431010685225421,0,0,0,0.233628319778687,1.09559155763418
TCGA-AA-3514-01A,0,0.238296519618894,0.163374731739384,0.479787685496134,0.118541063145587,0,0,0,0.189242155920182,1.09811339828672
TCGA-AA-A01F-01A,0,0.4450658969862,0.454941417147965,0.00695254925820303,0.0855627522467259,0,0.00747738436090602,0,0.124761465007557,1.14187131897381
TCGA-A6-5665-01B,0.118617094600943,0.245213488886202,0.215673282382734,0.119823371231658,0.292235025561708,0.00843773733675544,0,0,0.162503375715587,1.08245930712217
TCGA-G4-6315-01A,0.056557035600343,0.163316390568746,0.555974695165768,0.154115631209126,0.031555076403881,0,0.0384811710521357,0,0.165428628990799,1.08370815450885
TCGA-F4-6459-01A,0,0.258665621747761,0.0795918218070893,0.524573962853254,0.128257614734957,0.00891097885693914,0,0,0.308995556925672,1.0260524369844
TCGA-D5-6926-01A,0,0.168317594560345,0.10964764744384,0.457219364688644,0.264815393307172,0,0,0,0.271823465845858,1.04484221347547
TCGA-CK-6747-01A,0,0.119848355854848,0.377453695359587,0.270833935799863,0.180490085056835,0,0.0513739279288677,0,0.228290703171516,1.04994053958478
TCGA-DM-A1D8-01A,0,0.181885549390401,0.621055409618704,0.148799049539443,0.0474813493842065,0,0.0007786420672462,0,0.111067677373611,1.13703245890277
TCGA-AA-3858-01A,0,0.0640827258743584,0.279084468973931,0.353095979553808,0.303736825597902,0,0,0,0.263236943398469,1.05394952612118
TCGA-AA-3522-01A,0.0829943340949212,0.239448946833196,0.272041880779637,0.106132465393594,0.287114613662458,0,0.0122677592361944,0,0.175284505945451,1.07642548607177
TCGA-G4-6314-01A,0,0.159919019709143,0.157712385171517,0.609028056692068,0.0733405384272719,0,0,0,0.352701946365841,1.01425950961255
TCGA-AA-3544-01A,0,0.165265916908073,0.243334308338576,0.208325833888548,0.374808547169924,0.00826539369487975,0,0,0.426472632913832,0.937531365369551
TCGA-NH-A6GA-01A,0,0.221187860158163,0.257813088877735,0.319855579442234,0.201143471521868,0,0,0,0.179432919220445,1.08540543450228
TCGA-D5-6537-01A,0,0.0611626882454023,0.475012996028343,0.0385562055973756,0.394139070007384,0,0.0311290401214948,0,0.164677170270549,1.12337447236744
TCGA-AZ-4684-01A,0,0.21614279957418,0.165230063822587,0.249107023414895,0.327568899585395,0,0.0419512136029429,0,0.25582904088678,1.04085929622398
TCGA-G4-6302-01A,0,0.0506343981119212,0.313934048556827,0.515804767849766,0.119626785481486,0,0,0,0.432708357310721,0.951417148124517
TCGA-AA-3862-01A,0.00350926318181181,0.0734007563689025,0.275947333846921,0.101946460383007,0.455528817912765,0,0.0896673683065927,0,0.379900702326407,0.980284556578325
TCGA-A6-2685-01A,0,0.0904599501345561,0.164259784186129,0.359794578080331,0.385485687598984,0,0,0,0.406058063453083,0.962047058240459
TCGA-AA-3712-01A,0.0112065471360399,0.232617558732637,0.354298713393889,0.287541529587073,0.114335651150361,0,0,0,0.234747816747187,1.05077989510033
TCGA-AA-3562-01A,0,0.220617000402741,0.229523092634299,0.30975358680887,0.240106320154089,0,0,0,0.215195710258656,1.06508153971415
TCGA-AA-3846-01A,0.0261281681053921,0.0921054850648876,0.30672716786089,0.113501261849621,0.406561439305792,0.00912305998938166,0.0458534178240352,0,0.259085125922599,1.05183045713259
TCGA-A6-A565-01A,0.181588530108964,0.0509101533613612,0.364527871887964,0.188986393875,0.12147073339876,0,0.0925163173679503,0,0.250057070164783,1.00982590656313
TCGA-AU-3779-01A,0.0171356124415458,0.223053926762558,0.262476236640619,0.181485154320273,0.315849069835004,0,0,0,0.217753810691667,1.06465722376286
TCGA-A6-2684-01A,0,0.12959387817415,0.15852204363694,0.390661917533345,0.321222160655565,0,0,0,0.381643726610628,0.971643778629964
TCGA-AA-3561-01A,0.00156682555231973,0.0866487713290292,0.429843614559903,0.245787309336306,0.236153479222442,0,0,0,0.201497472333639,1.08107884727553
TCGA-CM-5341-01A,0,0.19028337272644,0.0965895149754213,0.271601690879533,0.44128016018663,0.000245261231975387,0,0,0.27627044999394,1.05637283908937
TCGA-A6-2683-01A,0,0.123160075212784,0.482076766810315,0.192295767680899,0.202467390296002,0,0,0,0.133440215943487,1.115385926957
TCGA-AA-A004-01A,0.00650671816110009,0.0840247723156416,0.339878837755511,0.301184036576421,0.268405635191326,0,0,0,0.299531405760945,1.02160450877647
TCGA-AA-3529-01A,0,0.267908051841822,0.249240644960674,0.245053107118584,0.200949661124669,0,0.0368485349542516,0,0.151578011149201,1.09153040753145
TCGA-AA-3861-01A,0.094016623968492,0.205889128436664,0.302298565216939,0.0274288450606034,0.29309712511851,0,0.0772697121987913,0,0.17612374558036,1.06906470730681
TCGA-AA-3844-01A,0.04403950980858,0.134346994239187,0.450193085628819,0.164349689542582,0.19866921122631,0.00840150955452166,0,0,0.246814148931475,1.03691918052487
TCGA-AA-3952-01A,0,0.201825035677304,0.145017891154471,0.349639872140746,0.303517201027479,0,0,0,0.240646938473559,1.0579339379341
TCGA-D5-5537-01A,0.0332456183129675,0.276787990938643,0.193768629703716,0.436032869183843,0.0601648918608307,0,0,0,0.203118945077853,1.08298213881078
TCGA-AA-3837-01A,0,0.248633689394293,0.186397625948219,0.400788792799588,0.1641798918579,0,0,0,0.230573869599221,1.06156191229556
TCGA-AA-3511-01A,0.025932127892503,0.0905540060247023,0.336180590214502,0.452324618914235,0.0950086569540576,0,0,0,0.252257094267766,1.06367659071783
TCGA-D5-6922-01A,0,0.215810567252458,0.160816370300641,0.48320062578445,0.140172436662451,0,0,0,0.294511038518963,1.03021682177834
TCGA-AA-3556-01A,0.00411327575660341,0.236245383981374,0.351053985005842,0.108799678679956,0.299787676576225,0,0,0,0.18754428843963,1.08322917697076
TCGA-CM-6674-01A,0,0.212584518921102,0.169539618502844,0.338842207993015,0.22542930406129,0,0.0536043505217497,0,0.190245237077326,1.07171174165717
TCGA-AA-3939-01A,0.0129964329118133,0.132775608165882,0.20554831778931,0.174707014515645,0.41673476965504,0.0179715868212125,0.0392662701410972,0,0.187023090653608,1.09814324298559
TCGA-AA-A00K-01A,0.0205690049893808,0.134293284425855,0.193027584866303,0.38318675732874,0.268923368389722,0,0,0,0.189463925111532,1.08773847288034
TCGA-DM-A28A-01A,0,0.0663014575074288,0.308289215269989,0.409066866742413,0.216342460480169,0,0,0,0.234904483232605,1.07284439901139
TCGA-CK-5914-01A,0,0.234288003298662,0.41504952595955,0.13305650642786,0.217605964313928,0,0,0,0.221666951784126,1.05634945305697
TCGA-G4-6320-01A,0.0841698611804216,0.276984275807449,0.264931982617911,0.152290250569854,0.140870315111394,0,0.0807533147129692,0,0.147904395205619,1.06976691560124
TCGA-A6-A5ZU-01A,0,0.167565444781671,0.22174750186671,0.317662302277603,0.278879207773763,0.0141455433002529,0,0,0.295644370033477,1.01813331756145
TCGA-AA-3495-01A,0.0604081315636931,0.144989615817724,0.334159731547691,0.144501830042268,0.315940691028624,0,0,0,0.19103161371644,1.07624417221171
TCGA-QL-A97D-01A,0.186460763082268,0.031855479200348,0.489446217248304,0.0932400512524493,0.113572596221996,0,0.0854248929946345,0,0.226071256161292,1.02775604892534
TCGA-CM-5868-01A,0,0.24665316622537,0.144809856699797,0.42757550607151,0.180961471003323,0,0,0,0.278445152546708,1.03404912379114
TCGA-AA-3534-01A,0,0.248766595752704,0.230047907344562,0.352307376013869,0.168878120888865,0,0,0,0.159777843454619,1.09954208066209
TCGA-AA-3693-01A,0.00731844415625275,0.139152159705546,0.453354666062223,0.265680497671022,0.134494232404956,0,0,0,0.214056735383236,1.06837690332364
TCGA-AA-A02J-01A,0,0.324928793281901,0.497543612160146,0.0726338059286101,0.104893788629343,0,0,0,0.1217162277937,1.12168903880271
TCGA-D5-5541-01A,0,0.285197951642637,0.174683965534551,0.231709577490683,0.30840850533213,0,0,0,0.266730662142791,1.03999476257854
TCGA-AA-3860-01A,0.0739668580410268,0.0215417657587103,0.335135844494457,0.261890895484282,0.307464636221524,0,0,0,0.268841545670007,1.04171369690593
TCGA-A6-5657-01A,0.129745518645,0.0998487928022526,0.262780584603335,0.462009874005348,0.0434025689994408,0,0.00221266094462447,0,0.327276756943405,0.998567432636714
TCGA-AA-3812-01A,0,0.153051503456535,0.141261775305693,0.368130875898232,0.33755584533954,0,0,0,0.195088368021922,1.0934295151576
TCGA-DM-A1D4-01A,0.0791510880765358,0.10191352059266,0.562483075574275,0.0860473621355883,0.170404953620941,0,0,0,0.175702297324338,1.07970531187924
TCGA-AA-3854-01A,0,0.238645242444799,0.308779214241034,0.154446714566455,0.298128828747712,0,0,0,0.162728267822391,1.09766968971154
TCGA-CK-4950-01A,0.0437722700142882,0.0650357961634332,0.247590265470927,0.176801099286289,0.346877565000581,0,0.119923004064481,0,0.22190845458025,1.05424895313137
TCGA-D5-6541-01A,0,0.128326039338361,0.117551789988005,0.424415813507563,0.329706357166071,0,0,0,0.351255646326491,0.99619610972987
TCGA-QG-A5YV-01A,0.0392303749134282,0.258499342884544,0.364517079403677,0.203133701733097,0.107181296742133,0,0.0274382043231215,0,0.188622906598875,1.06423911005179
TCGA-AD-6901-01A,0,0.092283749765764,0.229022707898503,0.375830543474724,0.302862998861009,0,0,0,0.312447621569881,1.01928221125467
TCGA-AA-3526-01A,0,0.247248888807169,0.130846262455838,0.259908222599529,0.355511914176104,0,0.00648471196135951,0,0.27468650315912,1.03988250885832
TCGA-DM-A1HA-01A,0,0.313010226670161,0.504588210150881,0,0.182401563178958,0,0,0,0.157102185953425,1.10219620316891
TCGA-AA-A02W-01A,0.0361796196488635,0.216339169317415,0.396668455206657,0.238088055195159,0.109268026856158,0,0.00345667377574726,0,0.17617017691276,1.07802184655968
TCGA-AA-A00F-01A,0,0.277842312177857,0.302460505800702,0.222514616102922,0.197182565918519,0,0,0,0.197718091762219,1.07144988523936
TCGA-AA-A02Y-01A,0.0257916505745724,0.481598573094835,0.154920277563226,0,0.215299028111262,0,0.122390470656105,0,0.134917890415283,1.13760276726441
TCGA-A6-6780-01B,0.233503126682988,0,0.161289203302457,0.0497592068138666,0.555448463200689,0,0,0,0.271316532619648,1.09773452308473
TCGA-AA-3525-01A,0,0.292608400805457,0.155703514899883,0.165167398493891,0.38652068580077,0,0,0,0.170481308812245,1.11527581839897
TCGA-A6-6650-01A.1,0.024839792144983,0.13825776587606,0.483240671758336,0.295320831126956,0.0583409390936645,0,0,0,0.0797973012777724,1.15409944812074
TCGA-CM-4752-01A,0,0.230110755603537,0.126989951816864,0.253613130016426,0.389286162563174,0,0,0,0.303007631904314,1.02729754304939
TCGA-A6-3809-01A,0,0.206740399420604,0.0662508911527876,0.0812228900369699,0.60460902660367,0,0.0411767927859683,0,0.336899735926463,1.06413024278581
TCGA-CM-6680-01A,0.0880092335489993,0.222039342693928,0.27730280336735,0.247309405176456,0.165339215213266,0,0,0,0.270166249988896,1.0140046719156
TCGA-AD-A5EK-01A,0,0.327619423742075,0.399216139646606,0.220124292923858,0.0530401436874608,0,0,0,0.180512055732102,1.09184706897994
TCGA-A6-2682-01A,0.0133533020425758,0.154667849085457,0.148802757662181,0.422138344947992,0.258628003485378,0.00240974277641666,0,0,0.269960424039883,1.04027943664509
TCGA-CM-6164-01A,0,0.311688719464745,0.260737626765171,0.26935652185004,0.158217131920045,0,0,0,0.249175417147818,1.04420305707008
TCGA-DM-A28H-01A,0,0.0437015851587628,0.312680604346618,0.281488733744022,0.362129076750597,0,0,0,0.100512940583626,1.16278372603391
TCGA-D5-6898-01A,0.0176888303266689,0.162402449749338,0.180438788688263,0.396746143972691,0.24272378726304,0,0,0,0.285288695384237,1.02660204093086
TCGA-A6-3808-01A,0.0147831714457735,0.0475301644291665,0.149939543209304,0.494354972004958,0.258867307031348,0.0145529452848664,0.0199718965945839,0,0.396139401322191,0.966240022851782
TCGA-A6-6780-01A,0,0.135014834842338,0.0318972240462246,0.0369377026096799,0.775669939843794,0,0.0204802986579628,0,0.466848651298129,1.03024231951747
TCGA-AA-3662-01A,0.034541140840863,0.123834113709944,0.356465427077171,0.122525023041674,0.362634295330348,0,0,0,0.255368727006971,1.04984211178272
TCGA-CM-5864-01A,0.0219499449690433,0.188202094322445,0.469237762637953,0.1540657423198,0.138508769700933,0,0.0280356860498267,0,0.211650055261758,1.05399637404028
TCGA-NH-A6GB-01A,0.0625011576721323,0.213818629887151,0.330496411828576,0.0327002325122252,0.360483568099915,0,0,0,0.245381195234833,1.05367488126073
TCGA-NH-A8F8-01A,0.0180839203026979,0.185899863529518,0.174559593512826,0.393429206729178,0.22802741592578,0,0,0,0.222201261928691,1.06391862930221
TCGA-CM-6677-01A,0,0.206922564489061,0.375538433285571,0.271157000946183,0.146382001279186,0,0,0,0.25461339284222,1.03916502255582
TCGA-AA-3949-01A,0,0.04108568215637,0.106891774158994,0.246764760573819,0.540432439810392,0,0.0648253433004253,0,0.242267885478066,1.10830456280356
TCGA-DM-A1D9-01A,0.00736780829234515,0.114858206781093,0.462406177818513,0.318136157473858,0.0972316496341905,0,0,0,0.177312793810101,1.1005610913076
TCGA-D5-6930-01A,0.0456806377200202,0.0758675169643975,0.147332589864413,0.340516509577046,0.248666592605447,0,0.141936153268677,0,0.190292573805003,1.0606643372822
TCGA-AA-3980-01A,0,0.0659896323698437,0.282447889209309,0.125526170136612,0.487654955500746,0,0.0383813527834898,0,0.284398116853156,1.06186827482475
TCGA-CA-5797-01A,0,0.259496322653098,0.252052577744695,0.384071158464336,0.104379941137871,0,0,0,0.24162440261463,1.05605069394953
TCGA-AA-3494-01A,0.0531389290236534,0.190346320013653,0.365380642322446,0.240465059906186,0.150669048734062,0,0,0,0.165085757905014,1.08040787534673
TCGA-D5-6531-01A,0,0.185347049263714,0.189344111485913,0.263637093591122,0.361671745659251,0,0,0,0.289574931512626,1.03046898188997
TCGA-AZ-4615-01A,0,0.0819573570447462,0.103151997886034,0.256240105635616,0.447869852782061,0,0.110780686651543,0,0.370132061472674,0.984321307133211
TCGA-A6-5656-01B,0.315220763878606,0,0.182043847375347,0.482043899933384,0.0206914888126623,0,0,0,0.223706237734773,1.0523572803241
TCGA-A6-2684-01A.1,0,0.12959387817415,0.15852204363694,0.390661917533345,0.321222160655565,0,0,0,0.381643726610628,0.971643778629964
TCGA-CM-4743-01A,0.00783620029289945,0.0972250513215693,0.424865287276764,0.22569865368385,0.17935871696894,0,0.0650160904559764,0,0.248710598629346,1.03528263993673
TCGA-AA-A01K-01A,0.00781536210780025,0.159534115416866,0.198027830529587,0.419995620669777,0.21462707127597,0,0,0,0.278271550671752,1.03386577572908
TCGA-NH-A50U-01A,0,0.204404380220253,0.137714000613475,0.355584991595133,0.302296627571139,0,0,0,0.217892258509559,1.07238789521239
TCGA-D5-6928-01A,0.0788273117206857,0,0.170540340253549,0.149788735335235,0.464775680460231,0,0.1360679322303,0,0.544523007492125,0.854106822667723
TCGA-DM-A28K-01A,0.0350991551588208,0.257032973883796,0.469192447376109,0.100619903477064,0.13805552010421,0,0,0,0.139690888400646,1.09762710881353
TCGA-AY-6196-01A,0.0661546602749385,0,0.256302406499696,0.363188041843573,0.309213340889901,0,0.00514155049189206,0,0.553295965343588,0.844121880428942
TCGA-CM-5344-01A,0.0067246266517804,0.206142093459753,0.163113294987911,0.463382431985438,0.160637552915118,0,0,0,0.245156277267133,1.05795056260161
TCGA-G4-6309-01A,0,0.117981017463609,0.279484718272706,0.215504854314948,0.312157416367204,0,0.0748719935815328,0,0.182679078607047,1.07865572609668
TCGA-CM-6165-01A,0.0389727734910773,0.127989524901742,0.350167352380078,0.361510443760014,0.121359905467088,0,0,0,0.266204458345865,1.03644677626681
TCGA-AY-5543-01A,0.092735699177317,0.0407178991951934,0.508617283581218,0.0937383125660878,0.207404267889656,0,0.0567865375905277,0,0.319570623291807,0.98999674736331
TCGA-CM-6167-01A,0.0500465765939177,0,0.29893774060273,0.56591261388019,0.0781400217371734,0.00696304718598897,0,0,0.522175423586548,0.884939613454702
TCGA-AA-3664-01A,0,0.146853568651071,0.347847013793989,0.13718758653746,0.302011129839552,0,0.0661007011779285,0,0.217944331728472,1.0558978277211
TCGA-AZ-4313-01A,0,0.214257343265862,0.399528640586863,0.257313011190499,0.108638405851929,0,0.0202625991048464,0,0.184653811812949,1.07805166688958
TCGA-AA-3530-01A,0.054626352567382,0.10115971573332,0.238240717054308,0.235479835299554,0.301515267350055,0,0.0689781119953805,0,0.231905030392149,1.04396887869894
TCGA-AA-3877-01A,0,0.0220049813320919,0.25044696297654,0.265219015141665,0.397882435481284,0,0.0644466050684193,0,0.366793470449766,0.987307629513901
TCGA-D5-6535-01A,0.0705522093904031,0.0798721807752987,0.47175586835743,0.0824309545525033,0.295388786924365,0,0,0,0.27510928477933,1.02980884876029
TCGA-CM-6678-01A,0.01834143725012,0.308293149901251,0.368513930197019,0.287640170423089,0.0172113122285207,0,0,0,0.189531870158414,1.0889629316254
TCGA-CM-4746-01A,0.0155188338642316,0.229349239441573,0.372518735326673,0.148492796463349,0.202305021172221,0,0.031815373731953,0,0.160438212706844,1.08177583554667
TCGA-A6-6652-01A,0,0.0228982639163701,0.718520558145367,0.218151956971474,0.0404292209667886,0,0,0,0.179052635656042,1.13309277463369
TCGA-A6-6781-01A.1,0,0.133978721531733,0.188731329910271,0.381385159418852,0.295904789139144,0,0,0,0.217462089639145,1.07644325218329
TCGA-AA-A01Q-01A,0,0.19386246553822,0.243895667050725,0.0422505650965035,0.466604466879902,0,0.053386835434649,0,0.242433998143905,1.08071737894062
TCGA-A6-5661-01A,0.0271902271541641,0.0777222488112488,0.355947259004402,0.147059027151714,0.281804677519201,0,0.11027656035927,0,0.199552009743881,1.05930699773683
TCGA-5M-AATE-01A,0.0908773465618887,0.0860045023920284,0.467434731254773,0.304726554424423,0.0509568653668866,0,0,0,0.209484746853664,1.07080615651008
TCGA-DM-A1D0-01A,0.00485013140369258,0.336327227294885,0.470270558152057,0.0229331448957317,0.165618938253634,0,0,0,0.111462102462455,1.12809404797882
TCGA-AA-3681-01A,0,0.170166831696414,0.308541960311896,0.13798094194982,0.366063280915147,0,0.0172469851267227,0,0.225199182707555,1.06826953362921
TCGA-D5-5538-01A,0,0.210454086791737,0.0975068487265344,0.234317520445737,0.457721544035992,0,0,0,0.320052505843781,1.0298617566112
TCGA-AA-3870-01A,0,0.117565855497594,0.160984392475911,0.405689744825126,0.315760007201368,0,0,0,0.319330835553837,1.01573133734346
TCGA-CM-6679-01A,0.0278550980250302,0.193784183969682,0.232429443897101,0.4451586990375,0.100772575070687,0,0,0,0.303660000431359,1.01805855635003
TCGA-T9-A92H-01A,0,0.283312087852468,0.374401263651811,0.170418142032047,0.143765277744652,0,0.0281032287190218,0,0.198673000424725,1.06484776950711
TCGA-A6-3809-01A.1,0,0.206740399420604,0.0662508911527876,0.0812228900369699,0.60460902660367,0,0.0411767927859683,0,0.336899735926463,1.06413024278581
TCGA-AA-3818-01A,0,0.168462481506763,0.328480157958122,0.280424092397981,0.188596043394691,0,0.0340372247424432,0,0.177570276153927,1.07892578176417
TCGA-CA-5254-01A,0.0282144441498063,0.123871651273486,0.345867837261568,0.357224427429327,0.144821639885812,0,0,0,0.16727983895337,1.09740274742105
TCGA-AA-3672-01A,0,0.0848296183448429,0.124698232879172,0.192799381726335,0.59767276704965,0,0,0,0.433966251196496,0.983206656591569
TCGA-AD-5900-01A,0,0.15550996073919,0.120751414830203,0.314952672252018,0.24397785582626,0,0.164808096352328,0,0.213258691774172,1.04402533345584
TCGA-CA-6719-01A,0,0.150412019102879,0.194211693771586,0.420631436627779,0.224140185606575,0,0.0106046648911806,0,0.319364502839575,1.00752806944043
TCGA-A6-6654-01A,0.0543254678513685,0,0.205952543043915,0.388099132697825,0.349610428041287,0,0.00201242836560394,0,0.420216507430401,0.952639834797628
TCGA-CM-6161-01A,0.142238298948767,0.12275772472681,0.199119501579205,0.291402889925315,0.201023455866964,0,0.0434581289529381,0,0.208716880025102,1.04079835875114
TCGA-AA-3814-01A,0,0.157980869936086,0.107941466809563,0.306042526852214,0.428035136402136,0,0,0,0.296527853349051,1.04090157764332
TCGA-AA-3697-01A,0.0389947398042071,0.104018879930288,0.320888977858886,0.174232341626637,0.35919231425675,0,0.00267274652323072,0,0.218676080564409,1.07213365241717
TCGA-AA-3532-01A,0,0.178180491288199,0.183459381963063,0.300323302285886,0.338036824462852,0,0,0,0.330244538262804,1.00185381980235
TCGA-AZ-6606-01A,0.0527273809450178,0.337931394818131,0.414120310635757,0.106864187541272,0.0660022125535894,0,0.0223545135062328,0,0.141156348912036,1.09747316730309
TCGA-CK-4947-01B,0.0426668046512453,0.135432168851586,0.282370773659864,0.276540950812888,0.248187374791037,0,0.01480192723338,0,0.255625795489943,1.03337761579507
TCGA-A6-2674-01A,0,0.0421841135502323,0.18139223613029,0.365190911811811,0.389573764165349,0,0.0216589743423188,0,0.199232824543752,1.10711013330825
TCGA-CA-6716-01A,0.0475545983212263,0.320262507658966,0.223420857521302,0.408762036498506,0,0,0,0,0.205811076979059,1.08592946580093
TCGA-NH-A6GC-01A,0,0.262081395138495,0.204801207642885,0.471406452750733,0.0617109444678868,0,0,0,0.201182429459035,1.0953889088722
TCGA-AA-3848-01A,0.0225961734099945,0.212406982450186,0.381469965064912,0.235523577701497,0.14800330137341,0,0,0,0.156553805196766,1.09070887613952
TCGA-AA-3684-01A,0,0.0955516457713,0.165380262203421,0.480353818497177,0.248788245254239,0.00838398608707535,0.00154204218678791,0,0.302837122989806,1.02993507190465
TCGA-F4-6807-01A,0,0.123818086216132,0.242333898454419,0.396621499557362,0.203630043792389,0.00211014983088851,0.0314863221488088,0,0.40301889331098,0.947944436408918
TCGA-AA-3875-01A,0.0035692496291296,0.0654164407697722,0.21275077313611,0.142388892361108,0.489133016261492,0,0.0867416278423878,0,0.228832023050571,1.09380662338547
TCGA-G4-6297-01A,0.00700228714702957,0.176542718717715,0.27090718216459,0.334021806631649,0.211526005339016,0,0,0,0.276537766663764,1.02774206700468
TCGA-A6-5660-01A,0.0252048238402047,0.198888217243187,0.250269240689768,0.346472851985924,0.179164866240916,0,0,0,0.229673986867081,1.0529351638499
TCGA-AZ-6607-01A,0,0.102575548330425,0.217020754475765,0.365092648364681,0.300671262220689,0.00235656001462866,0.0122832265938104,0,0.240975052498483,1.06115139952397
TCGA-AZ-4308-01A,0,0.24715618119612,0.121257182423703,0.413428060994093,0.218158575386084,0,0,0,0.280684155741078,1.03212431866941
TCGA-AA-3524-01A,0,0.180553353922365,0.204914612893978,0.174386060018007,0.358444215056868,0,0.0817017581087806,0,0.158475106233951,1.0973518945036
TCGA-AA-3975-01A,0.00032805770681199,0.133939508211617,0.353329273619779,0.262773581962093,0.224440399881395,0,0.0251891786183038,0,0.259162305792807,1.03492656033376
TCGA-AA-3666-01A,0,0.110111430726909,0.284778503233912,0.176734328393615,0.427862178271087,0.000513559374477076,0,0,0.261530423524567,1.06318694819398
TCGA-AA-3872-01A,0,0.152349990142456,0.195383194175965,0.447306714969386,0.19632066494772,0.00863943576447178,0,0,0.29472527238984,1.02646755956891
TCGA-AA-3979-01A,0,0.160560567442125,0.384501612734996,0.162470735369034,0.281592820788291,0,0.0108742636655533,0,0.197582571694058,1.07452624243999
TCGA-CM-6168-01A,0.00744568617793315,0.108021105245358,0.217497119199492,0.359195374874828,0.296707172503346,0.0111335419990432,0,0,0.376186543306781,0.970997058067145
TCGA-G4-6588-01A,0,0.020618255969821,0.228530248411501,0.235484888078157,0.397863212279177,0,0.117503395261344,0,0.216126379296229,1.07987838259217
TCGA-CM-5348-01A,0,0.13693657347191,0.0678666640516665,0.439457822680353,0.353555598540318,0.00218334125575245,0,0,0.339836265863325,1.00776608739505
TCGA-AA-3553-01A,0.0352448481108743,0.0581670590862934,0.363472328927529,0.259426479171576,0.283689284703727,0,0,0,0.28430047130954,1.02987513655484
TCGA-AA-3833-01A,0,0.170509646004857,0.162227469225072,0.287363456585792,0.325261850160708,0.00481276348305785,0.0498248145405128,0,0.239254552544871,1.0504994998617
TCGA-G4-6295-01A,0.0772376178394726,0,0.220570812889231,0.143221317159269,0.280977938997047,0,0.277992313114981,0,0.257334734039984,1.01413962268018
TCGA-A6-2677-01A,0.0393228126740017,0.0388259097997771,0.53220366961386,0.276950435020155,0.112697172892206,0,0,0,0.150244943696615,1.12104449032963
TCGA-AA-3867-01A,0,0.223587040374319,0.215447885568993,0.37828072546705,0.182684348589638,0,0,0,0.284889248967601,1.02530528325476
TCGA-AA-A00N-01A,0,0.223680069806809,0.167104575508991,0.341826893860332,0.267388460823869,0,0,0,0.237117061314708,1.05597030116775
TCGA-CK-5915-01A,0.0011676483856587,0.197315951969872,0.461314983827531,0.198013243866558,0.0926443588227453,0,0.0495438131276352,0,0.163318870158804,1.08401912943566
TCGA-AA-3520-01A,0,0.20874898682097,0.179380643369074,0.342862345915937,0.26900802389402,0,0,0,0.283937519129004,1.02677585736428
TCGA-A6-5665-01A,0,0.101729272766028,0.202330285013824,0.0905748936420697,0.403466393947048,0,0.201899154631031,0,0.171512464828973,1.09159349193855
TCGA-G4-6303-01A,0.0886446015408554,0.0566835955151034,0.32216930215242,0.358276339581777,0.174226161209845,0,0,0,0.221675383587537,1.06121307612134
TCGA-AA-A03F-01A,0,0.182273284722931,0.390728493412832,0.161441023198278,0.257218841968833,0,0.00833835669712542,0,0.143216210185741,1.10336881111465
TCGA-DM-A1DB-01A,0,0,0.443078337714601,0.0758673713345646,0.282873609205793,0,0.198180681745041,0,0.167880593511103,1.08224443991962
TCGA-CM-6170-01A,0.0127096127035868,0.242734383655668,0.178850069336815,0.298760003592063,0.266945930711866,0,0,0,0.227599870859308,1.0576922302991
TCGA-A6-2680-01A,0.0113939526993635,0.117389783449539,0.357259607280729,0.242926759358766,0.271029897211602,0,0,0,0.241097474253514,1.05205690489606
TCGA-QG-A5YW-01A,0.00585823904281691,0.0359749334350599,0.402253614414314,0.210553282854991,0.263422100809275,0,0.0819378294435431,0,0.213928986491677,1.06422698849962
TCGA-AA-A024-01A,0,0.482254954110465,0.248198775527586,0.0971370177428814,0.122895567464752,0,0.0495136851543161,0,0.123118742606118,1.14218695628329
TCGA-DM-A285-01A,0,0.309097851808693,0.233888305670237,0.363010188938154,0.0940036535829157,0,0,0,0.199457367705164,1.08320795239326
TCGA-QG-A5YX-01A,0,0.396971293273571,0.300455545005713,0.091736773902349,0.210836387818367,0,0,0,0.12593827517726,1.12973326640127
TCGA-AA-A017-01A,0,0.150471087185581,0.433507952176633,0.218459932612859,0.197561028024927,0,0,0,0.209070427115084,1.06775177779405
TCGA-AA-3509-01A,0.0534673725924936,0.12555716847208,0.377669254836997,0.178525526131159,0.256105069149854,0.00867560881741562,0,0,0.22427699985678,1.05140684750249
TCGA-D5-6920-01A,0.0472733163721138,0.0706481688510136,0.386056175206788,0.11539759747452,0.376392447843982,0,0.00423229425158166,0,0.16315375670232,1.11315511850409
TCGA-D5-6534-01A,0.0336122247247768,0,0.234044184182411,0.296408078924758,0.435935512168054,0,0,0,0.503112378749303,0.89652976772953
TCGA-A6-5661-01B,0.292367823913256,0,0.194253403507505,0.13104474978095,0.3377328607302,0.0261030731337742,0.0184980889343155,0,0.282533566954944,1.01480245097391
TCGA-AA-3496-01A,0,0.0460982348584427,0.301182526593805,0.260387976393712,0.392331262154041,0,0,0,0.379679952033315,0.982861996638026
TCGA-AA-A02K-01A,0,0.248363915784159,0.292798241190998,0.155515985103615,0.303321857921228,0,0,0,0.193994292503716,1.08026677171612
TCGA-AA-3685-01A,0,0.124122656515098,0.168445981366835,0.169869034764585,0.470696005435574,0.00212361315020913,0.0647427087676996,0,0.268144280286202,1.06074013278304
TCGA-AA-3851-01A,0.0188018996889729,0.158992423639232,0.237062209557198,0.203179243510631,0.359011856186178,0,0.0229523674177873,0,0.212364923488257,1.07193720158526
TCGA-DM-A282-01A,0.0012638814833562,0.125700247235367,0.297672925523867,0.508788846396128,0.0665740993612817,0,0,0,0.224378019943885,1.09326654253859
TCGA-AA-3543-01A,0,0.23708998046337,0.072811074849894,0.158334197166814,0.458085818448215,0.00278713045525613,0.0708917986164519,0,0.234374075772435,1.08276650392523
TCGA-F4-6805-01A,0.0145940387542851,0.0470681687324258,0.198568654541224,0.445214363140448,0.284987463681214,0.00956731115040303,0,0,0.358535800055587,0.993616862285687
TCGA-AA-3821-01A,0,0.280654750273429,0.146194731760741,0.214599692328209,0.343160879380563,0,0.0153899462570586,0,0.191984184054119,1.08946864091989
TCGA-F4-6460-01A,0.00559651104748709,0.216894817256181,0.235498369343445,0.490062250344323,0.0519480520085644,0,0,0,0.333114841103617,1.01114318148655
TCGA-AZ-5407-01A,0,0.0948130818161695,0.427572545753149,0.113587918677958,0.27868074750035,0,0.0853457062523738,0,0.209869282377751,1.05991444545904
TCGA-D5-6929-01A,0.012554635946917,0.14566514206934,0.168343066942511,0.413578440915872,0.25985871412536,0,0,0,0.238399474605671,1.06037703917544
TCGA-AA-3984-01A,0.046695725032931,0.187959198543328,0.341293560887693,0.217814810677573,0.206236704858474,0,0,0,0.203876261772044,1.0592147544711
TCGA-A6-5664-01A,0.0438293015602805,0.0405750756157296,0.317615398740827,0.357435997509486,0.240544226573677,0,0,0,0.33498975364533,0.999974636431229
TCGA-AM-5821-01A,0,0.211057182578851,0.21842793181984,0.120970019817316,0.313915942593424,0,0.135628923190568,0,0.259888922465955,1.02455662114258
TCGA-AA-3488-01A,0,0.293891983839568,0.357434482335082,0.102430294559558,0.246243239265792,0,0,0,0.176297172899878,1.08775574490189
TCGA-AA-3956-01A,0.0271568776755822,0.0973864141561604,0.33049721371524,0.313514607962436,0.231444886490581,0,0,0,0.23083859428213,1.05863370225344
TCGA-G4-6298-01A,0,0.420476918020038,0.165391042383666,0.356378494727077,0.0577535448692197,0,0,0,0.167302514195409,1.12138773388266
TCGA-DM-A28F-01A,0.125820035667329,0.285897065242777,0.339066320498545,0.157677197668196,0.0915393809231526,0,0,0,0.160308370301567,1.07125901257894
TCGA-AA-A00J-01A,0,0.184645276026179,0.223197047795319,0.186913759481227,0.37451296379884,0,0.0307309528984367,0,0.187748202239714,1.09064661380535
TCGA-A6-6142-01A,0,0.184423652642511,0.201828894481674,0.360911778606354,0.252835674269461,0,0,0,0.273983217992235,1.03347393656432
TCGA-G4-6304-01A,0,0.390250186149379,0.0751686876774106,0,0.53458112617321,0,0,0,0.21718638326845,1.1603930668876
TCGA-A6-2674-01A.1,0,0.0421841135502323,0.18139223613029,0.365190911811811,0.389573764165349,0,0.0216589743423188,0,0.199232824543752,1.10711013330825
TCGA-G4-6310-01A,0,0.16012836361177,0.157730765143427,0.682140871244803,0,0,0,0,0.353185184474038,1.03690192865731
TCGA-AA-3866-01A,0,0.109741374530382,0.156063316104236,0.256988307020343,0.477207002345039,0,0,0,0.414306002348062,0.966530425570451
TCGA-F4-6806-01A,0.0397565602821796,0.0863368869697819,0.3267593482596,0.339307420912811,0.184802439215265,0,0.0230373443603632,0,0.266330913614669,1.03248494457699
TCGA-AY-A8YK-01A,0.070641308886349,0.120261518584117,0.534128396837173,0.175023400064566,0.0999453756277957,0,0,0,0.193341397034484,1.07066800833046
TCGA-AA-3852-01A,0,0.219153791693167,0.148610672905598,0.332229601292084,0.300005934109152,0,0,0,0.211588084281961,1.07442214425364
TCGA-D5-5539-01A,0,0.255230775233091,0.173828057638259,0.27312938254431,0.294138608072853,0,0.00367317651148729,0,0.225961387764266,1.06227701229361
TCGA-AZ-6601-01A,0,0.0947505501777641,0.16647869752954,0.167274706111892,0.571496046180804,0,0,0,0.304916492573559,1.07580455190011
TCGA-AA-3994-01A,0.015433998001999,0.13552425596761,0.26871946577749,0.24779941282976,0.262652933344762,0,0.0698699340783793,0,0.207768628526763,1.05651126431303
TCGA-G4-6307-01A,0.10242569345919,0.338448185543828,0.362762061887169,0.175720992418725,0.0206430666910886,0,0,0,0.13807869703218,1.09853117131006
TCGA-CM-4747-01A,0,0.244716054915526,0.16526062114664,0.400959905257785,0.189063418680049,0,0,0,0.166790667211242,1.10008766649834
TCGA-NH-A50V-01A,0.0268306530002494,0.19151848593723,0.294070798041993,0.298671440983698,0.18890862203683,0,0,0,0.301278407972899,1.00660593154471
TCGA-A6-5667-01A,0,0.230964163454218,0.229944791900409,0.4051801385175,0.133910906127874,0,0,0,0.221471155146222,1.06843423019724
TCGA-NH-A5IV-01A,0,0.248404721798604,0.0875572255630603,0.145896010694093,0.508614805580948,0,0.00952723636329356,0,0.276939584121859,1.0763631708065
TCGA-AA-3667-01A,0.0135429884598174,0.175562355175136,0.296860989935293,0.237916868164696,0.276116798265058,0,0,0,0.185381564805222,1.08095325475304
TCGA-QG-A5Z2-01A,0.386108461290009,0.12450879750988,0.115283868670847,0,0.161782739290134,0,0.212316133239129,0,0.251131222712226,0.995645368764117
TCGA-AA-A01X-01A,0.062350010380792,0.129811172871934,0.32037585392477,0.400080436946299,0.0873825258762051,0,0,0,0.216140354083494,1.06811319471354
TCGA-AY-6197-01A,0,0.0838877781981558,0.372830856284792,0.0904842048010963,0.281353676542792,0,0.171443484173164,0,0.241859349945863,1.03054777496782
TCGA-AA-3517-01A,0.0335960371366102,0.170245018004835,0.341200412957695,0.18931895910258,0.265639572798279,0,0,0,0.229106928054422,1.05041545722292
TCGA-AA-3968-01A,0.0342620725182754,0.10087320671104,0.27843732720762,0.367253833995798,0.219173559567267,0,0,0,0.272313620937533,1.03409630762331
TCGA-AA-3713-01A,0.12099163254921,0.10471775522439,0.300039136710311,0.0942286527378904,0.319022328408071,0,0.061000494370128,0,0.188054797632607,1.06584521042988
TCGA-AA-3527-01A,0,0.266646170546651,0.117148942275846,0.314079022026812,0.30212586515069,0,0,0,0.218756225367082,1.07151059662778
TCGA-AA-3673-01A,0.0198337949332048,0.186109162533974,0.332023747817458,0.318835921848192,0.108729352955768,0,0.0344680199114035,0,0.245627025887037,1.03912354195382
TCGA-AA-3856-01A,0.0282294490370348,0.0685967935249828,0.288819285387619,0.129753485340345,0.419368877778117,0,0.0652321089319015,0,0.366085722691701,0.983144209239761
TCGA-CM-6676-01A,0.0180858718922383,0.157055418392112,0.235842742109607,0.542870097893247,0.0461458697127963,0,0,0,0.217587516781668,1.09763874408811
TCGA-A6-2679-01A,0,0.271405344342596,0.132807592809926,0.284189617716921,0.266295445614877,0,0.0453019995156801,0,0.213777484840508,1.06221712761427
TCGA-DM-A28M-01A,0.0123460847544861,0.304290544491228,0.536540987426224,0.0512625052832369,0.0586330168150666,0,0.036926861229758,0,0.11220889410655,1.11924400076822
TCGA-AA-A010-01A,0,0.319627147167645,0.14699196053548,0.162676393006779,0.370704499290096,0,0,0,0.254935075527987,1.06145534041541
TCGA-AD-6548-01A,0,0.112097426472177,0.177135059546765,0.21332299484441,0.484658764158163,0.00229189797690847,0.010493857001577,0,0.26709406195505,1.07247833440759
TCGA-AA-3554-01A,0,0.122125357134358,0.125892067147392,0.226657142493608,0.524787368155317,0.000538065069325904,0,0,0.280858111799481,1.07650402788654
TCGA-CK-5913-01A,0,0.109048696855211,0.269050308710568,0.274616069984768,0.273577219200218,0,0.0737077052492362,0,0.285872273925027,1.01566899883034
TCGA-AA-A01S-01A,0,0.394334133771863,0.394953427352777,0.0809436270389849,0.129768811836375,0,0,0,0.133343830341161,1.12251473777905
TCGA-AA-3660-01A,0.00585103433088512,0.402593562142095,0.297268744036927,0.159484286746306,0.134802372743787,0,0,0,0.207395312664762,1.07776496435903
TCGA-CM-6166-01A,0,0.281217837385219,0.214607361905537,0.479390336663539,0.0247844640457043,0,0,0,0.223855949334863,1.08769281252833
TCGA-AA-A01P-01A,0,0.073063864405214,0.247109327182277,0.205611277184892,0.43371655818027,0,0.040498973047347,0,0.498599157124127,0.891242918607983
TCGA-DM-A28G-01A,0.0111848435954324,0.398699415330888,0.401799914176094,0.119798723429919,0.0323235142808007,0,0.0361935891868657,0,0.152631777928198,1.108367009667
TCGA-CA-5256-01A,0,0.13871792307967,0.343110182641883,0.200154759831511,0.264491905530413,0,0.0535252289165233,0,0.229061085788891,1.0481229632716
TCGA-CM-6675-01A,0,0.110304491377479,0.372241586843391,0.28212304296385,0.224540633341016,0.010556082679932,0.000234162794331658,0,0.248568753995373,1.0480595972929
TCGA-AA-A029-01A,0,0.247103598784726,0.389979675857624,0.0472790128535162,0.25541337643684,0,0.0602243360672935,0,0.133151197523456,1.1016047722725
TCGA-AA-3678-01A,0.0450051322412329,0.133351500284389,0.317657881453966,0.201849370186927,0.302136115833485,0,0,0,0.279447644042881,1.02392271173805
TCGA-A6-6140-01A,0,0.347933745379209,0.347422358725313,0.0870843516495793,0.146944721567601,0,0.0706148226782976,0,0.170943862248932,1.08011006349388
TCGA-AA-3986-01A,0.140545645041015,0.0878579217919877,0.287710457315572,0.117129834200484,0.333251749829179,0,0.0335043918217629,0,0.26170372986341,1.02798425441459
TCGA-G4-6293-01A,0.0231605677588583,0.145115026778702,0.414123121627626,0.134196973478892,0.207419892424219,0,0.0759844179317026,0,0.236149856654744,1.03316654718697
TCGA-D5-6538-01A,0,0.319991126384788,0.342254133540739,0.302221612743582,0.0355331273308904,0,0,0,0.12639567652164,1.12987836557429
TCGA-AA-3941-01A,0.0147141759606279,0.264667029485517,0.392920491556176,0.125524622583548,0.130206543915342,0,0.0719671364987889,0,0.170631982845935,1.0692341142216
TCGA-G4-6317-01A,0,0.272710287687632,0.539413143123755,0.132504393613235,0.0412718289268692,0,0.0141003466485081,0,0.155495309889506,1.10245029153442
TCGA-AA-A01D-01A,0,0.230150142451462,0.119762363610501,0.326654256750062,0.323433237187974,0,0,0,0.241731531066694,1.05901811675028
TCGA-CM-5862-01A,0,0.143050297147089,0.41437674250993,0.344405075292785,0.0981678850501959,0,0,0,0.238496570174985,1.06185042225105
TCGA-CK-5916-01A,0,0.147632152338602,0.133115157350132,0.179889622869357,0.397781500952607,0,0.141581566489303,0,0.4324564509045,0.926646667224209
TCGA-AA-3692-01A,0,0.246758075951498,0.089608225632447,0.203675820268733,0.459957878147322,0,0,0,0.250569467271181,1.07993829610576
TCGA-AA-A00O-01A,0,0.17871828182937,0.428058337647301,0.326750608467872,0.0664727720554569,0,0,0,0.305381128959914,1.01824494578464
TCGA-AZ-4323-01A,0.277749177562532,0,0.206824534362568,0.283059919699422,0.129096879024249,0,0.103269489351228,0,0.533919490104556,0.8454098488643
TCGA-A6-6648-01A,0.0727361248745517,0.206815026693871,0.410577253001994,0.122208744089545,0.187662851340039,0,0,0,0.132909703291419,1.093182581779
TCGA-AA-A01Z-01A,0.0114837673660568,0.181122218641072,0.428498500668284,0.189666635422031,0.186628755722302,0.00260012218025458,0,0,0.167447692953718,1.08646604735421
TCGA-WS-AB45-01A,0.0220368443140337,0,0.275139152342847,0.385057405600234,0.317766597742886,0,0,0,0.226430449797531,1.0893681395576
TCGA-CM-5861-01A,0,0.212778791695715,0.391049702629328,0.235790584047909,0.100264176188968,0,0.0601167454380794,0,0.214856408478293,1.05187518555
TCGA-A6-6138-01A,0,0.0761422681106147,0.314750350900339,0.198220026421261,0.410887354567785,0,0,0,0.431844039701429,0.943242271705823
TCGA-AA-A01G-01A,0.00365213388220752,0.35290413385953,0.323014944110215,0.16021057617641,0.160218211971638,0,0,0,0.130676104252563,1.11540191373628
TCGA-AM-5820-01A,0,0.137765540842904,0.187947101301095,0.532492692148723,0.141794665707278,0,0,0,0.231747042406817,1.08205487399466
TCGA-A6-5659-01B,0.382132799746138,0.226408128290219,0.0306516137324835,0.36080745823116,0,0,0,0,0.0843870506312137,1.08669115971065
TCGA-AA-3845-01A,0,0.222243250464782,0.269309302082628,0.174712511496184,0.277216799671244,0,0.056518136285162,0,0.226875831565783,1.04789688146385
TCGA-AA-A02F-01A,0,0.309384797195163,0.31547295222924,0.34577671204723,0.0293655385283668,0,0,0,0.201349028673303,1.088100078697
TCGA-G4-6322-01A,0.0756238426391367,0.188211234686235,0.401307873138806,0.239048250053138,0.0958087994826845,0,0,0,0.0888247893387613,1.12078655647939
TCGA-3L-AA1B-01A,0.126113010655461,0.14879700977751,0.277563344196848,0.426569688295059,0.0209569470751228,0,0,0,0.236578341274068,1.05088514164658
TCGA-AZ-6603-01A,0,0.149785153139684,0.307607040739906,0.351684319486601,0.19092348663381,0,0,0,0.310855025574098,1.0098379299365
TCGA-AZ-5403-01A,0,0.253707734233194,0.202766800831988,0.418156947243957,0.125368517690861,0,0,0,0.285515953057661,1.02999154450621
TCGA-G4-6323-01A,0.50143742889038,0.0660293730935482,0.279334879589744,0.0244314523091517,0.0778094030943218,0,0.0509574630228543,0,0.195202094628385,1.01932440146482
TCGA-AA-3811-01A,0.0263832417109969,0,0.349208052989601,0.218941706195054,0.326250889077446,0,0.079216110026902,0,0.303874429747859,1.0176605639219
TCGA-AA-3831-01A,0.0229591062327244,0.241977639133861,0.272624718399134,0.220373481146821,0.24206505508746,0,0,0,0.189565665811192,1.07316306542997
TCGA-AY-A54L-01A,0,0.460970639778558,0.354810572853806,0.0753433886638863,0.0363148204828949,0,0.0725605782208546,0,0.121548504982127,1.13628985436227
TCGA-AD-6963-01A,0,0,0.382603254140841,0.0592377256429479,0.377484766336197,0,0.180674253880015,0,0.253129207798733,1.04958755796379
TCGA-A6-A566-01A,0.0126623152274538,0,0.267566025535742,0.387459886855866,0.326280985359423,0.00603078702151581,0,0,0.372590521234482,0.990199570354338
TCGA-5M-AAT5-01A,0.0451073031647551,0.196012252393888,0.447418016135512,0.218235615192604,0.0932268131132414,0,0,0,0.169610396755218,1.08265352297476
TCGA-CA-6718-01A,0.0180778236836724,0,0.270394174682193,0.242254019956677,0.387270969323657,0,0.0820030123538011,0,0.436695713806771,0.934126869518415
TCGA-G4-6627-01A,0.023115521236298,0.0752558535411473,0.278811402550408,0.379695862043188,0.21844658750674,0,0.0246747731222187,0,0.308146304294932,1.0126079550968
TCGA-G4-6625-01A,0.0932542320294802,0.00292212288842152,0.317858705441827,0.228684504985361,0.316228450598149,0,0.0410519840567612,0,0.4148811345947,0.939699066065062
TCGA-A6-5656-01A,0,0.218187152201323,0.293019667721041,0.299398822689254,0.189394357388382,0,0,0,0.107805318369615,1.12517728027882
TCGA-AA-3710-01A,0,0.0962701027199546,0.130207180518327,0.090226400603545,0.650133691044082,0,0.033162625114092,0,0.42630431514411,1.00676730161655
TCGA-G4-6306-01A,0,0.598033279376692,0.184618303212347,0,0.0956871601015007,0,0.12166125730946,0,0.110539551161034,1.19183264519616
TCGA-F4-6854-01A,0,0.218044905745138,0.219398209770224,0.458395891173322,0.104160993311317,0,0,0,0.269417106171765,1.04597432550381
TCGA-AD-6890-01A,0.0149726208984993,0.138718355312414,0.266573991356729,0.375328523374194,0.183096567136686,0,0.021309941921477,0,0.225324201529308,1.05897690202123
TCGA-A6-3807-01A,0,0.138522912715513,0.226155273642984,0.269308615216541,0.366013198424963,0,0,0,0.29306691690071,1.03042041092451
TCGA-A6-6782-01A,0,0.138386845386677,0.31403902804135,0.292268863004438,0.255305263567536,0,0,0,0.346032162781993,0.986004373539581
TCGA-AA-A01C-01A,0,0.225891062912706,0.211117597787149,0.419392783885143,0.143598555415002,0,0,0,0.222741331515972,1.0686642166835
TCGA-AA-3855-01A,0.0109833165936103,0.0917174182548955,0.331100795023218,0.23426099669547,0.279531841335911,0,0.0524056320968949,0,0.23263688697798,1.05072867743035
TCGA-A6-6653-01A,0,0.256812180765788,0.281289275644064,0.135094568106119,0.29456741900354,0,0.0322365564804887,0,0.222919221285647,1.05731165013426
TCGA-AA-A01R-01A,0,0.216763146249398,0.0237214744946393,0.110813534557491,0.582802590038672,0.00262883894936434,0.0632704157104354,0,0.378223380719563,1.0223888065383
TCGA-A6-6650-01B,0.201995161053994,0.305857787715259,0.196105874522134,0.296041176708613,0,0,0,0,0.0898187972405072,1.10979206616402
TCGA-A6-2671-01A,0,0.169698193032027,0.239958165773981,0.433892087599236,0.156451553594757,0,0,0,0.297560241722417,1.02413409841188
TCGA-AA-3663-01A,0,0.324958394344713,0.192656272581082,0.0992942754110488,0.383091057663156,0,0,0,0.165049381969073,1.12295366646672
TCGA-A6-2672-01A,0,0.098802344364005,0.131582815839781,0.174043902024455,0.548717400287375,0,0.046853537484384,0,0.286634540861905,1.07614445616646
TCGA-G4-6294-01A,0.0447611478168167,0.115021413516343,0.601181776755855,0.143474789758858,0.0955608721521269,0,0,0,0.175250217779661,1.08962732533313
TCGA-A6-2676-01A,0,0.0672253133359744,0.143389049048554,0.125062369148749,0.636551577878154,0,0.0277716905885687,0,0.398075093193395,1.02615433725318
TCGA-AA-3549-01A,0.00415102247633605,0.260496935456906,0.339980846610184,0.159488947808566,0.235882247648009,0,0,0,0.192736627470125,1.07386771535744
TCGA-CM-5349-01A,0.0358209741439789,0.0584078938768161,0.141849476918868,0.483880668846541,0.280040986213796,0,0,0,0.352297390713169,0.998014523685796
TCGA-AA-A01V-01A,0,0.489578131395827,0.232952123462489,0.0298476760907781,0.194304927273408,0,0.053317141777498,0,0.219369176485131,1.09011265263148
TCGA-A6-6780-01A.1,0,0.135014834842338,0.0318972240462246,0.0369377026096799,0.775669939843794,0,0.0204802986579628,0,0.466848651298129,1.03024231951747
TCGA-AZ-4682-01B,0,0.12937591702265,0.359746607541172,0.36310144807875,0.122538420600996,0,0.0252376067564321,0,0.204277350649927,1.07719919977911
TCGA-AA-3842-01A,0,0.236065114562554,0.139729888717033,0.310264060718278,0.313940936002135,0,0,0,0.255325735283949,1.04828860930249
TCGA-AA-3542-01A,0,0.106200406249486,0.208010667617308,0.318611477230242,0.367177448902964,0,0,0,0.196623514599628,1.0971446310878
TCGA-AA-3560-01A,0.0022134895776081,0.149542555033352,0.418399718187127,0.217462198134132,0.194266483862047,0,0.018115555205733,0,0.246809951053346,1.04082413329119
TCGA-AA-A01I-01A,0.063665369853433,0.158932233174692,0.447721822368294,0.164977507875437,0.0826877372787342,0,0.08201532944941,0,0.150492777212867,1.07329807352403
TCGA-AY-A71X-01A,0.0138652204301349,0.271135956713784,0.55228557049907,0,0.162713252357011,0,0,0,0.148546057764831,1.10232349357205
TCGA-F4-6809-01A,0,0.119054184198565,0.254128693648985,0.437028721925277,0.186722986028367,0.00306541419880537,0,0,0.377986794698128,0.97289662283922
TCGA-G4-6321-01A,0.0632512991023945,0.0990974191074259,0.457033267518695,0,0.222403002658596,0,0.158215011612889,0,0.138813368012519,1.07737306350457
TCGA-CM-6172-01A,0.0254735874570923,0.248852780111116,0.434204500419041,0.191061885251177,0.100407246761573,0,0,0,0.196019820292133,1.06891623531328
TCGA-AD-A5EJ-01A,0.0110192685581783,0.0465332154488103,0.411941550792846,0.269744933134722,0.189964674484696,0,0.0707963575807476,0,0.174261172636032,1.08656623157179
TCGA-AA-3966-01A,0,0.14748754258105,0.0895364918958551,0.189672265402223,0.568599114720867,0,0.00470458540000391,0,0.246469711848745,1.11570674044071
TCGA-AA-A00L-01A,0,0.301068279621822,0.404361272486,0.226986153080739,0.0675842948114391,0,0,0,0.173382872609188,1.09289082053184
TCGA-D5-6927-01A,0,0.285414497655136,0.0175383568627005,0.213919567892149,0.437280983975381,0,0.0458465936146331,0,0.239834531238873,1.08135489089257
TCGA-D5-6536-01A,0,0.170857548641655,0.194168612384245,0.205768604218734,0.429205234755365,0,0,0,0.191782333266913,1.10626901918726
TCGA-D5-6539-01A,0,0.0861402824037339,0.578830000671777,0.186185755721865,0.126921883745249,0,0.0219220774573741,0,0.189057153707515,1.08798295765674
TCGA-A6-2686-01A,0.0361721763694652,0.0583167353373651,0.165637242248496,0.169583575622443,0.458136946778906,0,0.112153323643325,0,0.392584514031424,0.968485932014353
TCGA-A6-3810-01A,0,0.194799790748321,0.0966318933509949,0.33126307750362,0.377305238397064,0,0,0,0.33075292035761,1.00895423927626
TCGA-F4-6461-01A,0.191258430827516,0.0953955655159531,0.223442012248661,0.297274765259084,0.192629226148785,0,0,0,0.170016555547215,1.06429078324777
TCGA-A6-5659-01A.1,0.000138883308125953,0.248854583080444,0.320946362183005,0.346347070229766,0.0837131011986594,0,0,0,0.137759823999273,1.11739928974841
TCGA-AD-6895-01A,0,0.181707636751735,0.180510033342708,0.231623640976997,0.18129958849395,0.0248031168607209,0.200055983573889,0,0.212484604629273,1.03042196847895
TCGA-A6-3810-01A.1,0,0.194799790748321,0.0966318933509949,0.33126307750362,0.377305238397064,0,0,0,0.33075292035761,1.00895423927626
TCGA-AA-3510-01A,0,0.248957069180747,0.137175036245661,0.113179958229722,0.50068793634387,0,0,0,0.238270111585038,1.10161017622577
TCGA-A6-2684-01C,0.249844904380273,0,0.236207162962394,0.438668524744201,0.0752794079131324,0,0,0,0.275858985827185,1.02197147627138
TCGA-CA-6715-01A,0.0133979428203039,0.227420306467604,0.397333231813074,0.311836591997493,0.0500119269015255,0,0,0,0.150920685022814,1.10901488466948
TCGA-AA-3850-01A,0.105808742802872,0.0716664695364871,0.343166474379154,0.238576171839871,0.240782141441616,0,0,0,0.245340963005677,1.03780946418649
TCGA-AZ-4616-01A,0,0.151030830401522,0.225521092024241,0.364807719637288,0.210080075482341,0,0.0485602824546083,0,0.312822230681522,1.00137579023634
TCGA-AA-3715-01A,0,0.10988046260361,0.156007267898407,0.296295492311327,0.391539621746103,0,0.0462771554405523,0,0.339548133401357,1.00020364177329
TCGA-AA-3506-01A,0,0.22757716522847,0.0979855993251056,0.37597417923822,0.298463056208205,0,0,0,0.230367364130648,1.06641817490262
TCGA-AD-6964-01A,0,0.0528182682296614,0.0896628641310973,0.256360863567587,0.584817774090001,0,0.0163402299816539,0,0.484319385857858,0.937608821307138
TCGA-G4-6586-01A,0,0.294732288609862,0.157038314740595,0,0.366661029420883,0,0.181568367228659,0,0.137432125294057,1.11906334814118
TCGA-AZ-6600-01A,0.00681590119822736,0.149034542858122,0.253656978167215,0.301101013859878,0.286149131524943,0.00324243239161434,0,0,0.29870477051701,1.01682590364922
TCGA-AA-3675-01A,0.0495485730161257,0.168574713836101,0.314464773388995,0.241996405763915,0.225415533994863,0,0,0,0.196902792293674,1.06492642761792
TCGA-D5-6529-01A,0.0138246599963467,0.089433057930965,0.228544397752348,0.325618058302494,0.340212184946313,0.00236764107153404,0,0,0.273240809624161,1.04387266605755
TCGA-A6-2672-01B,0.129305439879172,0.105376820687968,0.2513233070769,0.0360141086084581,0.453932418309323,0,0.0240479054381778,0,0.19106454483291,1.1059257211224
TCGA-4N-A93T-01A,0.162960168264613,0.189212484511886,0.49439676923533,0.0600767306427198,0.0933538473454512,0,0,0,0.157483565993343,1.06811384212288
TCGA-AA-3696-01A,0,0.246326682615552,0.133247449539118,0.463382325625301,0.157043542220029,0,0,0,0.15117733835219,1.11738668331571
TCGA-AA-3679-01A,0,0.228437947693268,0.228872996615076,0.234530887849526,0.30815816784213,0,0,0,0.200794518149183,1.07726192917484
TCGA-A6-2674-01B,0.189079732626063,0,0.121957996925783,0.312579132130166,0.376383138317988,0,0,0,0.168099215296146,1.10729504333759
TCGA-AA-A03J-01A,0,0.227046855630772,0.20647279434499,0.285677165062319,0.28080318496192,0,0,0,0.274504685230161,1.03077778267901
TCGA-F4-6703-01A,0.0106999965092644,0,0.225811088750369,0.336374445939121,0.414833371296455,0.0122810975047901,0,0,0.345918993813831,1.01679679860603
TCGA-A6-6781-01B,0.281472013399215,0,0.134893446993491,0.297110785412115,0.284856947047191,0,0.00166680714798837,0,0.223941232550662,1.04702857650182
TCGA-CK-4948-01B,0.00976819617526676,0.178204968486566,0.2397385188835,0.345756246534546,0.226532069920122,0,0,0,0.263920639000593,1.03615306312927
TCGA-RU-A8FL-01A,0,0.076295504149839,0.401102048234426,0.100195634961067,0.192928719616289,0,0.22947809303838,0,0.164311449176413,1.05843736280437
TCGA-A6-3810-01B,0.414219492303041,0,0.200292789232667,0.379243734645564,0.0062439838187282,0,0,0,0.16778196521168,1.0601344412494
TCGA-AY-A69D-01A,0.216638234722299,0.0585545759315092,0.331704017325984,0.293025048863734,0.100078123156473,0,0,0,0.170488102574632,1.06538342540099
TCGA-F4-6808-01A,0,0.284662203790063,0.402443206360379,0.25019191185957,0.0627026779899885,0,0,0,0.165832805321478,1.09815526294193
TCGA-CM-6162-01A,0,0.0693688029481544,0.177547184430155,0.374760971323744,0.359288727565834,0,0.0190343137321123,0,0.40757238003155,0.958003189890961
TCGA-F4-6704-01A,0.0042613285708471,0.140485287245609,0.182539034318538,0.539156318272434,0.133558031592572,0,0,0,0.412275114503742,0.957442731450961
TCGA-AD-6888-01A,0.0240425821639464,0.327965719869889,0.502277117426577,0.0324035272031688,0.113311053336419,0,0,0,0.143197151211541,1.1058009306761
TCGA-A6-A56B-01A,0.031890961589099,0.175238720089764,0.165896543942657,0.438122665772642,0.188851108605839,0,0,0,0.225571463625308,1.06331303069147
TCGA-CM-4750-01A,0,0.308655346334699,0.187984498833455,0.380797129066448,0.122563025765398,0,0,0,0.198515231742076,1.08367181492446
TCGA-A6-4105-01A,0,0.149553831719177,0.209873481781239,0.225457299976228,0.415115386523357,0,0,0,0.341251881187098,1.00489889924405
TCGA-AA-3548-01A,0,0.317907918810325,0.176682982619927,0.308550794690572,0.196858303879176,0,0,0,0.219196781035049,1.06594683225929
TCGA-AY-6386-01A,0.0173614310364389,0.09459820531811,0.351086358514914,0.133919144470893,0.403034860659645,0,0,0,0.16680736954228,1.11815800270459
TCGA-AY-4071-01A,0.0260946860910658,0.0866389656824335,0.316251282041996,0.208528436802373,0.295951876684754,0,0.0665347526973777,0,0.246001913008983,1.03985654078245
TCGA-F4-6569-01A,0,0.0871117564295736,0.251100899655672,0.462128546839151,0.187420295940701,0.0122385011349028,0,0,0.32249055385467,1.01524228869646
TCGA-AA-3976-01A,0.00489742295345511,0.220900204438371,0.345332797586895,0.221175416374774,0.207694158646505,0,0,0,0.225860404887475,1.05299810980827
TCGA-A6-5656-01A.1,0,0.218187152201323,0.293019667721041,0.299398822689254,0.189394357388382,0,0,0,0.107805318369615,1.12517728027882
TCGA-AD-6899-01A,0,0.188171861538438,0.213088421849259,0.31929586800337,0.264230083679546,0,0.0152137649293874,0,0.329976559477056,0.993659655221429
TCGA-A6-6651-01A,0.062548431407376,0,0.28316739076948,0.495129286172249,0.159154891650895,0,0,0,0.512520197218463,0.882279822319832
TCGA-AA-3977-01A,0,0.342848047360887,0.144899012613073,0.11756630217864,0.3946866378474,0,0,0,0.217101290442854,1.09580797839462
TCGA-AA-A00Z-01A,0.0549013202655783,0.168138408624987,0.33328188645057,0.231917159267687,0.211761225391177,0,0,0,0.203583915464935,1.0593815636247
TCGA-D5-6533-01A,0.00505021830218793,0.160710794347849,0.475839001114344,0.174762788150736,0.183637198084883,0,0,0,0.192992188337009,1.07524977166366
TCGA-CK-6746-01A,0,0.111776565545352,0.160898090840153,0.0442061734759027,0.498814908240533,0,0.18430426189806,0,0.362139039291768,0.998619201407116
TCGA-DM-A288-01A,0,0.213450683909328,0.391501899082986,0.187860500533725,0.207186916473961,0,0,0,0.152485781214583,1.09634520902886
TCGA-A6-4107-01A,0.0574465183535154,0.100280610877404,0.324167170557756,0.299961165261718,0.205405840034788,0.0127386949148186,0,0,0.242903132102332,1.04228882242316
TCGA-QG-A5Z1-01A,0.0298447169346082,0.116728255128235,0.213285701693601,0.520841356037538,0.119299970206019,0,0,0,0.245981162179753,1.06864026446541
TCGA-DM-A0XF-01A,0,0.178388400260746,0.201207389930464,0.397752219435215,0.161253086802627,0,0.0613989035709471,0,0.247732750721024,1.04051451936224
TCGA-AA-3947-01A,0.0375294326170439,0.168311792455666,0.174594194910209,0.17712070115783,0.348027005854056,0,0.094416873005195,0,0.169085323282791,1.08351852337076
TCGA-AA-3950-01A,0,0.210540563941413,0.0601415802310473,0.236769937474867,0.491106702716281,0,0.001441215636392,0,0.30738944810394,1.04819476948029
TCGA-AA-3971-01A,0.0348764835642472,0.0713800114656729,0.229673365092123,0.292375670778161,0.327042920546189,0,0.0446515485536075,0,0.249940014119173,1.0475111182135
TCGA-CK-6751-01A,0,0.117569002712007,0.333733008892569,0.407243727031836,0.0790594287667912,0,0.062394832596797,0,0.23943268195485,1.05682194566207
TCGA-F4-6570-01A,0,0.0410213732995594,0.177553818349335,0.220213951112584,0.561210857238521,0,0,0,0.418210846869117,0.988518299636642
TCGA-AA-3955-01A,0,0.224914087865282,0.383002292074408,0.182442298025919,0.195977009554724,0.0136643124796675,0,0,0.207136393910118,1.06281776583784
