,Plasma B cells,Non-plasma B cells,CD4 T,CD8 T effector,CD8 T (GZMK high),Double-neg-like T,Cancer Cells,DC,Endothelial Cells,CAFs,Myofibroblasts,Macrophages,Mast Cells,NK,Neutrophils,Monocytes,Cancer type,ESTIMATE,ABSOLUTE,LUMP,IHC,CPE,Unnamed: 7
TCGA-V1-A9OF-01A,0.002,0.0,0.004,0.0,0.001,0.0,0.924,0.007,0.014,0.014,0.016,0.017,0.001,0.0,0.0,0.0,PRAD,0.9682,,,0.8,0.5219,
TCGA-ZG-A8QX-01A,0.007,0.005,0.006,0.0,0.003,0.0,0.842,0.008,0.011,0.017,0.084,0.015,0.001,0.001,0.0,0.0,PRAD,0.9474,,0.8224,0.9,0.826,
TCGA-YL-A8SC-01A,0.0,0.0,0.007,0.005,0.01,0.0,0.824,0.011,0.032,0.043,0.03,0.035,0.002,0.0,0.0,0.0,PRAD,0.8819,,0.8354,0.85,0.8413,
TCGA-HC-7817-01B,0.011,0.0,0.008,0.001,0.002,0.0,0.661,0.024,0.09,0.113,0.049,0.039,0.002,0.001,0.0,0.0,PRAD,0.8211,,0.8469,0.7,0.836,
TCGA-KC-A7F6-01A,0.008,0.0,0.003,0.001,0.003,0.0,0.829,0.007,0.052,0.047,0.039,0.009,0.001,0.0,0.0,0.0,PRAD,0.9453,,0.9881,0.7,0.9362,
TCGA-KK-A7B4-01A,0.009,0.001,0.008,0.002,0.004,0.0,0.837,0.015,0.018,0.064,0.021,0.021,0.001,0.0,0.0,0.0,PRAD,0.9082,,0.8962,0.9,0.8859,
TCGA-G9-6366-01A,0.012,0.0,0.004,0.0,0.005,0.0,0.875,0.004,0.018,0.02,0.055,0.006,0.001,0.0,0.0,0.0,PRAD,0.9646,,0.9297,0.8,0.9522,
TCGA-KK-A59X-01A,0.0,0.0,0.004,0.0,0.0,0.0,0.879,0.008,0.019,0.032,0.031,0.026,0.001,0.0,0.0,0.0,PRAD,0.9239,,0.9765,0.85,0.9072,
TCGA-HC-A6AN-01A,0.002,0.0,0.003,0.0,0.003,0.0,0.871,0.004,0.016,0.037,0.039,0.023,0.0,0.001,0.0,0.0,PRAD,0.9225,,0.963,0.85,0.9053,
TCGA-G9-6498-01A,0.013,0.001,0.016,0.0,0.006,0.0,0.678,0.015,0.061,0.138,0.063,0.008,0.002,0.0,0.0,0.0,PRAD,0.8371,,0.852,0.9,0.8251,
TCGA-J4-AATZ-01A,0.0,0.0,0.004,0.001,0.001,0.0,0.924,0.008,0.02,0.001,0.03,0.009,0.0,0.0,0.0,0.0,PRAD,0.9704,,,0.7,0.5234,
TCGA-EJ-7317-01A,0.005,0.0,0.002,0.0,0.0,0.0,0.879,0.005,0.03,0.03,0.04,0.008,0.0,0.0,0.0,0.0,PRAD,0.9587,,1.0,0.7,0.9545,
TCGA-SU-A7E7-01A,0.007,0.001,0.007,0.0,0.007,0.0,0.788,0.011,0.065,0.056,0.041,0.015,0.002,0.0,0.0,0.0,PRAD,0.9105,,0.931,0.6,0.889,
TCGA-XJ-A83F-01A,0.001,0.0,0.001,0.0,0.0,0.0,0.854,0.002,0.026,0.047,0.058,0.011,0.0,0.0,0.0,0.0,PRAD,0.955,,1.0,0.6,0.9494,
TCGA-2A-AAYO-01A,0.014,0.018,0.019,0.001,0.004,0.0,0.757,0.014,0.033,0.056,0.052,0.027,0.005,0.0,0.0,0.0,PRAD,0.8326,,,0.9,0.4299,
TCGA-EJ-A46B-01A,0.003,0.0,0.004,0.0,0.0,0.0,0.853,0.007,0.032,0.034,0.059,0.007,0.001,0.0,0.0,0.0,PRAD,0.964,,0.9817,1.0,0.9808,
TCGA-QU-A6IN-01A,0.006,0.0,0.002,0.002,0.001,0.0,0.952,0.002,0.007,0.001,0.022,0.003,0.0,0.0,0.0,0.0,PRAD,0.9821,,1.0,0.85,0.9863,
TCGA-KK-A59Z-01A,0.01,0.0,0.004,0.0,0.004,0.0,0.755,0.011,0.056,0.063,0.069,0.025,0.002,0.0,0.0,0.0,PRAD,0.8594,,1.0,0.8,0.8196,
TCGA-XK-AAJT-01A,0.01,0.0,0.004,0.0,0.002,0.0,0.71,0.013,0.069,0.069,0.098,0.022,0.002,0.0,0.0,0.0,PRAD,0.8803,,,0.9,0.8643,
TCGA-EJ-7125-01A,0.007,0.0,0.004,0.0,0.004,0.0,0.81,0.007,0.06,0.042,0.042,0.022,0.002,0.0,0.0,0.0,PRAD,0.9063,,0.9098,0.7,0.8832,
TCGA-J9-A52C-01A,0.002,0.0,0.007,0.0,0.009,0.0,0.595,0.018,0.093,0.137,0.099,0.032,0.006,0.001,0.0,0.0,PRAD,0.7947,,0.9225,0.75,0.8377,
TCGA-YL-A8HL-01A,0.0,0.0,0.003,0.0,0.001,0.0,0.916,0.004,0.03,0.003,0.033,0.009,0.0,0.0,0.0,0.0,PRAD,0.9748,,0.9474,0.8,0.9729,
TCGA-ZG-A9LZ-01A,0.007,0.001,0.005,0.002,0.001,0.0,0.852,0.011,0.025,0.045,0.032,0.018,0.001,0.0,0.0,0.0,PRAD,0.9054,,,0.8,0.8367,
TCGA-J9-A8CP-01A,0.008,0.0,0.004,0.0,0.0,0.0,0.728,0.004,0.09,0.072,0.044,0.002,0.047,0.0,0.0,0.0,PRAD,0.9059,,0.8617,0.7,0.8722,
TCGA-FC-A6HD-01A,0.001,0.0,0.002,0.0,0.001,0.0,0.967,0.004,0.005,0.0,0.016,0.004,0.0,0.0,0.0,0.0,PRAD,0.9814,,1.0,0.85,0.9852,
TCGA-G9-6351-01A,0.008,0.0,0.003,0.0,0.002,0.0,0.853,0.005,0.017,0.064,0.038,0.008,0.001,0.0,0.0,0.0,PRAD,0.9622,,1.0,0.6,0.9796,
TCGA-EJ-5532-01A,0.008,0.0,0.006,0.0,0.001,0.0,0.834,0.006,0.04,0.058,0.037,0.008,0.001,0.0,0.0,0.0,PRAD,0.9322,,0.9414,0.75,0.9185,
TCGA-EJ-5525-01A,0.0,0.002,0.005,0.0,0.0,0.0,0.735,0.006,0.066,0.142,0.026,0.016,0.0,0.0,0.0,0.0,PRAD,0.8714,,0.9546,0.575,0.8358,
TCGA-ZG-A9L9-01A,0.0,0.0,0.01,0.001,0.001,0.0,0.587,0.022,0.041,0.196,0.093,0.047,0.001,0.0,0.0,0.0,PRAD,0.7988,,,0.75,0.6749,
TCGA-EJ-A65F-01A,0.002,0.0,0.003,0.004,0.006,0.0,0.784,0.008,0.076,0.051,0.05,0.012,0.003,0.0,0.0,0.0,PRAD,0.8998,,0.9369,0.6,0.8744,
TCGA-2A-A8VX-01A,0.0,0.0,0.002,0.0,0.0,0.0,0.932,0.003,0.003,0.032,0.026,0.001,0.0,0.0,0.0,0.0,PRAD,0.9823,,1.0,0.92,0.9865,
TCGA-KK-A8I4-01A,0.01,0.004,0.023,0.001,0.012,0.0,0.554,0.026,0.11,0.141,0.079,0.034,0.006,0.001,0.0,0.0,PRAD,0.7496,,0.7611,0.7,0.754,
TCGA-KK-A8IA-01A,0.001,0.0,0.003,0.001,0.0,0.0,0.916,0.005,0.012,0.016,0.034,0.009,0.0,0.0,0.0,0.0,PRAD,0.964,,0.9949,0.7,0.9616,
TCGA-Y6-A9XI-01A,0.0,0.0,0.004,0.0,0.0,0.0,0.891,0.008,0.036,0.019,0.031,0.01,0.0,0.0,0.0,0.0,PRAD,0.9667,,,0.9,0.789,
TCGA-VN-A88I-01A,0.009,0.001,0.014,0.001,0.005,0.0,0.384,0.018,0.104,0.29,0.142,0.016,0.011,0.006,0.0,0.0,PRAD,0.8036,,0.8245,0.7,0.7438,
TCGA-M7-A71Z-01A,0.0,0.0,0.001,0.0,0.0,0.0,0.955,0.002,0.004,0.014,0.022,0.0,0.0,0.0,0.0,0.0,PRAD,0.9912,,1.0,0.8,0.9985,
TCGA-EJ-A46E-01A,0.0,0.001,0.006,0.003,0.002,0.0,0.761,0.015,0.056,0.068,0.078,0.007,0.002,0.0,0.0,0.0,PRAD,0.9331,,0.9374,1.0,0.9404,
TCGA-CH-5788-01A,0.0,0.0,0.002,0.0,0.0,0.0,0.928,0.004,0.01,0.025,0.013,0.017,0.0,0.0,0.0,0.0,PRAD,0.9572,,0.9035,0.775,0.9213,
TCGA-KK-A7AU-01A,0.0,0.0,0.001,0.001,0.003,0.0,0.949,0.004,0.014,0.0,0.022,0.006,0.0,0.0,0.0,0.0,PRAD,0.9949,,1.0,0.8,1.0,
TCGA-EJ-5531-01A,0.015,0.0,0.009,0.001,0.005,0.0,0.775,0.017,0.032,0.058,0.041,0.042,0.003,0.001,0.0,0.0,PRAD,0.8719,,0.8538,0.725,0.863,
TCGA-VN-A88K-01A,0.001,0.0,0.004,0.0,0.0,0.0,0.764,0.001,0.088,0.077,0.053,0.008,0.002,0.0,0.0,0.0,PRAD,0.9154,,0.9322,0.7,0.8956,
TCGA-VN-A88M-01A,0.009,0.0,0.003,0.0,0.001,0.0,0.916,0.004,0.012,0.023,0.029,0.003,0.001,0.0,0.0,0.0,PRAD,0.9754,,0.9884,0.7,0.9771,
TCGA-EJ-5506-01A,0.003,0.0,0.01,0.0,0.004,0.0,0.9,0.007,0.003,0.037,0.024,0.01,0.001,0.0,0.0,0.0,PRAD,0.9529,,0.9633,0.8,0.9465,
TCGA-XK-AAJU-01A,0.004,0.0,0.005,0.002,0.004,0.0,0.799,0.014,0.06,0.043,0.054,0.01,0.003,0.001,0.0,0.0,PRAD,0.9397,,,0.6,0.8153,
TCGA-YL-A8SI-01A,0.007,0.0,0.005,0.0,0.003,0.0,0.724,0.009,0.07,0.087,0.074,0.017,0.002,0.0,0.0,0.0,PRAD,0.8865,,,0.8,0.8238,
TCGA-G9-6499-01A,0.008,0.0,0.003,0.0,0.001,0.0,0.895,0.007,0.015,0.03,0.028,0.013,0.0,0.0,0.0,0.0,PRAD,0.954,,0.9429,0.525,0.948,
TCGA-QU-A6IL-01A,0.0,0.0,0.002,0.001,0.002,0.0,0.93,0.005,0.014,0.002,0.033,0.01,0.0,0.001,0.0,0.0,PRAD,0.9549,,0.9772,0.7,0.9492,
TCGA-J4-A67Q-01A,0.013,0.001,0.01,0.0,0.001,0.0,0.67,0.015,0.048,0.135,0.084,0.017,0.005,0.001,0.0,0.0,PRAD,0.8453,,0.9023,0.6,0.8004,
TCGA-G9-6361-01A,0.0,0.0,0.004,0.0,0.0,0.0,0.744,0.006,0.06,0.093,0.079,0.011,0.001,0.0,0.0,0.0,PRAD,0.9185,,0.9727,0.7,0.9499,
TCGA-VN-A88L-01A,0.001,0.0,0.003,0.0,0.0,0.0,0.717,0.004,0.073,0.084,0.107,0.009,0.001,0.0,0.0,0.0,PRAD,0.9316,,0.9463,0.8,0.9177,
TCGA-KK-A8I9-01A,0.0,0.0,0.005,0.0,0.004,0.0,0.725,0.013,0.117,0.066,0.04,0.024,0.004,0.002,0.0,0.0,PRAD,0.859,,0.9019,0.8,0.819,
TCGA-V1-A9ZG-01A,0.011,0.0,0.004,0.0,0.003,0.0,0.749,0.007,0.068,0.112,0.031,0.012,0.002,0.0,0.0,0.0,PRAD,0.9014,,,0.9,0.4766,
TCGA-V1-A9OX-01A,0.012,0.0,0.005,0.001,0.002,0.0,0.842,0.01,0.025,0.036,0.049,0.017,0.001,0.0,0.0,0.0,PRAD,0.9193,,,0.9,0.7568,
TCGA-G9-6373-01A,0.007,0.0,0.005,0.001,0.0,0.0,0.786,0.009,0.031,0.074,0.074,0.012,0.0,0.0,0.0,0.0,PRAD,0.8904,,0.9052,0.6,0.8925,
TCGA-VP-A878-01A,0.01,0.0,0.003,0.0,0.004,0.0,0.715,0.013,0.098,0.073,0.058,0.023,0.002,0.001,0.0,0.0,PRAD,0.8851,,0.8938,0.85,0.8545,
TCGA-YL-A8SB-01A,0.011,0.0,0.005,0.001,0.002,0.0,0.711,0.009,0.059,0.121,0.057,0.02,0.005,0.0,0.0,0.0,PRAD,0.8879,,0.9623,0.7,0.8583,
TCGA-EJ-A7NN-01A,0.015,0.005,0.007,0.002,0.0,0.0,0.768,0.012,0.08,0.033,0.05,0.023,0.004,0.0,0.0,0.0,PRAD,0.8984,,0.8973,0.8,0.8725,
TCGA-HC-7212-01A,0.0,0.0,0.004,0.0,0.001,0.0,0.84,0.008,0.051,0.039,0.044,0.013,0.001,0.0,0.0,0.0,PRAD,0.9393,,0.9553,0.75,0.9552,
TCGA-HC-A8D0-01A,0.009,0.003,0.007,0.001,0.001,0.0,0.767,0.015,0.028,0.102,0.05,0.014,0.002,0.0,0.0,0.0,PRAD,0.8847,,0.8053,0.7,0.806,
TCGA-2A-A8VT-01A,0.0,0.0,0.006,0.005,0.005,0.0,0.878,0.007,0.044,0.007,0.029,0.018,0.0,0.0,0.0,0.0,PRAD,0.9547,,0.9626,0.8,0.949,
TCGA-ZG-A9LB-01A,0.001,0.0,0.003,0.001,0.004,0.0,0.857,0.01,0.008,0.051,0.05,0.012,0.001,0.0,0.0,0.0,PRAD,0.8816,,,0.8,0.7535,
TCGA-HC-7079-01A,0.053,0.07,0.07,0.006,0.029,0.006,0.291,0.105,0.087,0.134,0.029,0.104,0.002,0.002,0.013,0.0,PRAD,0.504,,0.5727,0.7,0.4348,
TCGA-HC-A6AP-01A,0.013,0.0,0.005,0.0,0.002,0.0,0.775,0.011,0.038,0.046,0.07,0.033,0.002,0.004,0.0,0.0,PRAD,0.8716,,0.8952,0.7,0.8362,
TCGA-KC-A4BR-01A,0.003,0.0,0.005,0.0,0.0,0.0,0.567,0.008,0.113,0.077,0.211,0.003,0.009,0.001,0.001,0.0,PRAD,0.8956,,0.7093,0.6,0.7019,
TCGA-V1-A9OA-01A,0.008,0.001,0.006,0.0,0.008,0.0,0.7,0.015,0.061,0.122,0.063,0.015,0.002,0.0,0.0,0.0,PRAD,0.8858,,,0.9,0.7787,
TCGA-EJ-A46H-01A,0.011,0.0,0.009,0.0,0.016,0.0,0.542,0.018,0.125,0.164,0.088,0.017,0.007,0.001,0.0,0.0,PRAD,0.8384,,0.7395,0.98,0.7286,
TCGA-EJ-5507-01A,0.003,0.0,0.012,0.001,0.004,0.0,0.841,0.015,0.035,0.036,0.034,0.018,0.0,0.0,0.0,0.0,PRAD,0.9093,,0.8676,0.6,0.8792,
TCGA-KK-A8ID-01A,0.007,0.0,0.005,0.002,0.002,0.0,0.907,0.01,0.027,0.001,0.021,0.018,0.0,0.0,0.0,0.0,PRAD,0.972,,0.9483,0.6,0.9725,
TCGA-XK-AAJR-01A,0.001,0.0,0.003,0.0,0.0,0.0,0.802,0.008,0.075,0.028,0.07,0.011,0.002,0.0,0.0,0.0,PRAD,0.9353,,,0.75,0.7677,
TCGA-HC-7750-01A,0.006,0.0,0.004,0.0,0.001,0.0,0.786,0.007,0.034,0.085,0.064,0.01,0.004,0.0,0.0,0.0,PRAD,0.9239,,0.9691,0.7,0.9528,
TCGA-G9-6347-01A,0.012,0.002,0.015,0.001,0.004,0.0,0.561,0.016,0.03,0.178,0.144,0.026,0.003,0.006,0.0,0.0,PRAD,0.8034,,0.818,0.6,0.8209,
TCGA-EJ-5522-01A,0.009,0.0,0.019,0.001,0.006,0.0,0.821,0.015,0.027,0.06,0.028,0.013,0.001,0.0,0.0,0.0,PRAD,0.9007,,0.8632,0.625,0.8757,
TCGA-HC-A631-01A,0.0,0.0,0.002,0.0,0.001,0.0,0.921,0.004,0.013,0.022,0.027,0.009,0.0,0.0,0.0,0.0,PRAD,0.966,,1.0,0.8,0.9822,
TCGA-CH-5763-01A,0.008,0.0,0.008,0.0,0.005,0.0,0.723,0.01,0.043,0.124,0.058,0.015,0.005,0.0,0.0,0.0,PRAD,0.8892,,0.8849,0.7,0.86,
TCGA-EJ-7794-01A,0.012,0.0,0.008,0.0,0.002,0.0,0.764,0.012,0.045,0.081,0.04,0.032,0.003,0.001,0.0,0.0,PRAD,0.878,,0.8894,0.5,0.8448,
TCGA-V1-A9Z8-01A,0.005,0.0,0.007,0.001,0.001,0.0,0.669,0.008,0.1,0.113,0.077,0.014,0.004,0.0,0.0,0.0,PRAD,0.8672,,,0.8,0.4533,
TCGA-EJ-7788-01A,0.0,0.0,0.006,0.0,0.002,0.0,0.764,0.014,0.041,0.119,0.035,0.017,0.002,0.0,0.0,0.0,PRAD,0.8994,,0.9386,0.95,0.8739,
TCGA-XQ-A8TA-01A,0.0,0.0,0.0,0.0,0.0,0.0,0.977,0.0,0.004,0.006,0.006,0.005,0.0,0.0,0.0,0.0,PRAD,0.9987,,1.0,0.95,1.0,
TCGA-HC-A6AO-01A,0.004,0.0,0.004,0.0,0.001,0.0,0.923,0.01,0.012,0.002,0.021,0.018,0.0,0.0,0.0,0.003,PRAD,0.9172,,0.9113,0.9,0.9143,
TCGA-FC-A5OB-01A,0.0,0.0,0.0,0.0,0.0,0.0,0.96,0.004,0.011,0.0,0.015,0.01,0.0,0.0,0.0,0.0,PRAD,0.9798,,1.0,0.9,0.9916,
TCGA-CH-5764-01A,0.003,0.0,0.005,0.002,0.009,0.0,0.84,0.01,0.031,0.056,0.031,0.011,0.001,0.0,0.0,0.0,PRAD,0.9274,,0.9371,0.75,0.9119,
TCGA-CH-5789-01A,0.005,0.0,0.004,0.0,0.006,0.0,0.777,0.011,0.06,0.047,0.06,0.022,0.006,0.0,0.0,0.0,PRAD,0.9094,,0.8748,0.725,0.8875,
TCGA-FC-A66V-01A,0.001,0.0,0.004,0.0,0.0,0.0,0.874,0.011,0.008,0.039,0.046,0.016,0.0,0.0,0.0,0.0,PRAD,0.936,,0.9607,0.7,0.9236,
TCGA-EJ-7330-01A,0.005,0.0,0.006,0.0,0.008,0.0,0.781,0.007,0.072,0.059,0.044,0.013,0.003,0.001,0.0,0.0,PRAD,0.9188,,0.9427,0.575,0.9003,
TCGA-YL-A8SL-01B,0.0,0.0,0.003,0.002,0.002,0.0,0.911,0.003,0.021,0.017,0.034,0.005,0.0,0.0,0.0,0.0,PRAD,0.9804,,1.0,0.6,0.9839,
TCGA-XK-AAIW-01A,0.0,0.0,0.001,0.012,0.013,0.0,0.914,0.007,0.016,0.003,0.018,0.015,0.001,0.0,0.0,0.0,PRAD,0.9484,,,0.8,0.5085,
TCGA-G9-6385-01A,0.008,0.0,0.006,0.0,0.001,0.0,0.813,0.009,0.033,0.066,0.051,0.011,0.001,0.0,0.0,0.0,PRAD,0.933,,1.0,0.6,0.9195,
TCGA-HC-A76X-01A,0.0,0.0,0.002,0.0,0.001,0.0,0.92,0.004,0.009,0.036,0.022,0.005,0.001,0.0,0.0,0.0,PRAD,0.9859,,1.0,0.6,0.9914,
TCGA-EJ-A46I-01A,0.007,0.0,0.008,0.0,0.003,0.0,0.831,0.009,0.02,0.059,0.055,0.005,0.001,0.0,0.0,0.0,PRAD,0.9512,,0.9665,0.6,0.9698,
TCGA-EJ-7797-01A,0.006,0.0,0.008,0.0,0.002,0.0,0.837,0.01,0.044,0.042,0.04,0.01,0.001,0.0,0.0,0.0,PRAD,0.9433,,0.914,0.9,0.9336,
TCGA-HC-7230-01A,0.001,0.0,0.002,0.0,0.001,0.0,0.911,0.004,0.021,0.014,0.036,0.008,0.0,0.0,0.0,0.0,PRAD,0.9768,,1.0,0.85,0.9895,
TCGA-XJ-A9DQ-01A,0.001,0.0,0.004,0.0,0.003,0.0,0.809,0.009,0.052,0.049,0.065,0.005,0.002,0.0,0.0,0.0,PRAD,0.9539,,0.93,0.75,0.9478,
TCGA-J9-A52B-01A,0.0,0.0,0.009,0.001,0.005,0.0,0.81,0.011,0.04,0.044,0.056,0.021,0.001,0.0,0.0,0.0,PRAD,0.906,,0.9521,0.92,0.8829,
TCGA-EJ-5511-01A,0.01,0.0,0.005,0.0,0.0,0.0,0.802,0.008,0.045,0.079,0.038,0.011,0.001,0.0,0.0,0.0,PRAD,0.9411,,0.972,0.725,0.9305,
TCGA-EJ-5527-01A,0.008,0.001,0.013,0.0,0.006,0.0,0.743,0.015,0.064,0.092,0.037,0.019,0.001,0.0,0.0,0.0,PRAD,0.8595,,0.8751,0.75,0.8198,
TCGA-YL-A8S9-01A,0.0,0.0,0.0,0.0,0.0,0.0,0.974,0.002,0.008,0.0,0.013,0.001,0.0,0.0,0.0,0.0,PRAD,0.9918,,1.0,0.9,0.9994,
TCGA-J4-A67O-01A,0.007,0.0,0.005,0.0,0.0,0.0,0.711,0.005,0.043,0.085,0.132,0.009,0.001,0.001,0.0,0.0,PRAD,0.8738,,0.8737,0.6,0.8628,
TCGA-V1-A9O9-01A,0.039,0.015,0.032,0.001,0.013,0.0,0.702,0.029,0.045,0.069,0.031,0.021,0.001,0.0,0.0,0.0,PRAD,0.8035,,,0.82,0.4101,
TCGA-CH-5791-01A,0.002,0.0,0.006,0.0,0.0,0.0,0.872,0.01,0.024,0.043,0.026,0.016,0.001,0.0,0.0,0.0,PRAD,0.9275,,0.9374,0.675,0.9121,
TCGA-V1-A8MM-01A,0.014,0.0,0.006,0.001,0.005,0.0,0.781,0.014,0.039,0.056,0.053,0.03,0.001,0.0,0.0,0.0,PRAD,0.8563,,0.9319,0.85,0.8153,
TCGA-FC-7708-01A,0.009,0.0,0.01,0.0,0.006,0.0,0.667,0.013,0.088,0.136,0.049,0.017,0.003,0.0,0.0,0.0,PRAD,0.8644,,0.9155,0.6,0.8264,
TCGA-ZG-A8QY-01A,0.0,0.0,0.003,0.0,0.0,0.0,0.807,0.008,0.045,0.064,0.062,0.01,0.001,0.0,0.0,0.0,PRAD,0.9323,,0.914,0.8,0.9185,
TCGA-EJ-7328-01A,0.008,0.001,0.017,0.0,0.01,0.0,0.678,0.021,0.08,0.093,0.059,0.03,0.001,0.0,0.0,0.0,PRAD,0.814,,0.9256,0.7,0.8526,
TCGA-EJ-5510-01A,0.002,0.0,0.012,0.001,0.005,0.0,0.801,0.017,0.047,0.057,0.041,0.012,0.006,0.0,0.0,0.0,PRAD,0.9071,,0.846,0.625,0.8538,
TCGA-EJ-5498-01A,0.009,0.0,0.009,0.0,0.01,0.0,0.682,0.011,0.086,0.109,0.059,0.02,0.003,0.0,0.0,0.0,PRAD,0.8516,,0.8535,0.4,0.8626,
TCGA-HC-7819-01A,0.006,0.0,0.003,0.0,0.003,0.0,0.895,0.005,0.017,0.039,0.025,0.007,0.0,0.0,0.0,0.0,PRAD,0.9804,,1.0,0.85,0.9838,
TCGA-KK-A6E8-01A,0.002,0.0,0.0,0.0,0.001,0.0,0.947,0.003,0.012,0.0,0.027,0.008,0.0,0.0,0.0,0.0,PRAD,0.9712,,0.9362,0.8,0.9598,
TCGA-EJ-A65E-01A,0.001,0.0,0.004,0.0,0.003,0.0,0.906,0.007,0.014,0.031,0.021,0.011,0.001,0.0,0.0,0.0,PRAD,0.9712,,0.9487,0.8,0.9714,
TCGA-ZG-A9L0-01A,0.006,0.0,0.008,0.005,0.004,0.0,0.7,0.019,0.065,0.101,0.041,0.049,0.001,0.001,0.0,0.0,PRAD,0.7891,,,0.9,0.8247,
TCGA-YL-A9WL-01A,0.0,0.0,0.004,0.0,0.002,0.0,0.907,0.003,0.025,0.035,0.021,0.002,0.0,0.0,0.0,0.0,PRAD,0.9713,,,0.8,0.9037,
TCGA-CH-5772-01A,0.0,0.0,0.002,0.0,0.004,0.0,0.82,0.006,0.075,0.029,0.051,0.01,0.001,0.0,0.0,0.0,PRAD,0.9238,,0.9664,0.7,0.9071,
TCGA-ZG-A9L2-01A,0.011,0.018,0.019,0.001,0.002,0.0,0.496,0.025,0.089,0.212,0.101,0.024,0.002,0.0,0.0,0.0,PRAD,0.7729,,,0.6,0.7021,
TCGA-HC-A48F-01A,0.0,0.0,0.003,0.0,0.0,0.0,0.884,0.003,0.024,0.037,0.039,0.008,0.001,0.0,0.0,0.0,PRAD,0.9681,,1.0,1.0,0.9836,
TCGA-YL-A9WJ-01A,0.007,0.0,0.007,0.003,0.003,0.0,0.777,0.012,0.05,0.067,0.042,0.03,0.001,0.001,0.0,0.0,PRAD,0.8785,,0.8298,0.6,0.8348,
TCGA-G9-6379-01A,0.013,0.001,0.01,0.001,0.003,0.0,0.755,0.019,0.039,0.066,0.063,0.027,0.001,0.003,0.0,0.0,PRAD,0.8275,,0.8973,0.7,0.9141,
TCGA-KK-A8II-01A,0.001,0.0,0.003,0.0,0.003,0.0,0.951,0.003,0.01,0.001,0.02,0.008,0.0,0.0,0.0,0.0,PRAD,0.9889,,1.0,0.8,0.9954,
TCGA-G9-6353-01A,0.008,0.0,0.005,0.0,0.0,0.0,0.766,0.007,0.068,0.064,0.077,0.002,0.002,0.0,0.0,0.0,PRAD,0.9466,,0.9672,0.65,0.9379,
TCGA-HI-7170-01A,0.005,0.0,0.008,0.0,0.003,0.0,0.615,0.013,0.064,0.207,0.061,0.02,0.003,0.0,0.0,0.0,PRAD,0.833,,0.9005,0.7,0.903,
TCGA-CH-5765-01A,0.001,0.0,0.003,0.0,0.001,0.0,0.913,0.004,0.024,0.013,0.033,0.008,0.001,0.0,0.0,0.0,PRAD,0.9736,,1.0,0.725,0.9746,
TCGA-EJ-A7NG-01A,0.01,0.001,0.008,0.0,0.001,0.0,0.756,0.007,0.052,0.081,0.069,0.012,0.003,0.0,0.0,0.0,PRAD,0.9235,,0.9556,0.65,0.9066,
TCGA-HC-8216-01A,0.006,0.0,0.006,0.003,0.004,0.0,0.854,0.01,0.024,0.025,0.029,0.037,0.001,0.0,0.0,0.0,PRAD,0.8996,,0.9101,0.85,0.8806,
TCGA-M7-A722-01A,0.0,0.0,0.001,0.0,0.001,0.0,0.956,0.004,0.004,0.017,0.007,0.008,0.0,0.0,0.0,0.0,PRAD,0.9607,,1.0,0.8,0.9571,
TCGA-YL-A8SJ-01B,0.0,0.0,0.002,0.0,0.001,0.0,0.711,0.007,0.04,0.172,0.055,0.01,0.001,0.0,0.0,0.0,PRAD,0.9097,,0.9445,0.8,0.8879,
TCGA-J9-A8CK-01A,0.0,0.0,0.004,0.0,0.0,0.0,0.675,0.01,0.031,0.18,0.083,0.016,0.001,0.0,0.0,0.0,PRAD,0.8744,,0.9648,0.7,0.8399,
TCGA-EJ-7792-01A,0.011,0.003,0.017,0.0,0.006,0.002,0.567,0.018,0.084,0.159,0.086,0.033,0.01,0.001,0.002,0.0,PRAD,0.8039,,0.8231,0.75,0.8136,
TCGA-G9-6332-01A,0.001,0.0,0.002,0.0,0.004,0.0,0.947,0.004,0.006,0.009,0.021,0.005,0.001,0.0,0.0,0.0,PRAD,0.981,,1.0,0.75,0.9924,
TCGA-EJ-7784-01A,0.001,0.0,0.006,0.0,0.003,0.0,0.894,0.009,0.021,0.036,0.018,0.011,0.001,0.0,0.0,0.0,PRAD,0.9537,,1.0,0.95,0.9476,
TCGA-YL-A8SR-01B,0.004,0.0,0.002,0.0,0.0,0.0,0.726,0.006,0.161,0.006,0.085,0.008,0.002,0.0,0.0,0.0,PRAD,0.9348,,0.9024,0.7,0.9201,
TCGA-J4-A83M-01A,0.007,0.0,0.005,0.001,0.004,0.0,0.865,0.009,0.019,0.05,0.028,0.012,0.001,0.001,0.0,0.0,PRAD,0.9399,,0.9608,0.7,0.9289,
TCGA-J9-A52E-01A,0.003,0.0,0.01,0.004,0.0,0.0,0.642,0.009,0.023,0.244,0.028,0.033,0.001,0.0,0.0,0.0,PRAD,0.8269,,0.8921,0.7,0.7913,
TCGA-Y6-A8TL-01A,0.013,0.0,0.004,0.0,0.002,0.0,0.841,0.006,0.03,0.052,0.045,0.005,0.001,0.0,0.0,0.0,PRAD,0.9477,,0.9164,0.7,0.9365,
TCGA-KK-A7AZ-01A,0.004,0.0,0.003,0.0,0.003,0.0,0.909,0.006,0.011,0.043,0.009,0.011,0.001,0.0,0.0,0.0,PRAD,0.957,,0.9685,0.7,0.9521,
TCGA-HC-8256-01A,0.013,0.0,0.004,0.0,0.006,0.0,0.906,0.006,0.012,0.03,0.013,0.008,0.0,0.0,0.0,0.0,PRAD,0.969,,0.9385,0.85,0.9625,
TCGA-HC-7738-01A,0.013,0.0,0.005,0.0,0.0,0.0,0.91,0.007,0.009,0.015,0.027,0.014,0.0,0.0,0.0,0.0,PRAD,0.961,,0.9181,0.75,0.948,
TCGA-HC-8265-01A,0.006,0.0,0.005,0.0,0.003,0.0,0.854,0.01,0.027,0.037,0.046,0.011,0.0,0.0,0.0,0.0,PRAD,0.9288,,0.8842,0.8,0.8987,
TCGA-HI-7171-01A,0.004,0.0,0.006,0.0,0.002,0.0,0.863,0.008,0.029,0.045,0.032,0.009,0.001,0.0,0.0,0.0,PRAD,0.9335,,0.9762,0.75,0.9601,
TCGA-CH-5794-01A,0.0,0.0,0.004,0.0,0.003,0.0,0.886,0.007,0.021,0.03,0.033,0.015,0.001,0.0,0.0,0.0,PRAD,0.9638,,0.9226,0.775,0.9439,
TCGA-HC-7233-01A,0.009,0.0,0.012,0.002,0.009,0.0,0.72,0.018,0.04,0.11,0.028,0.051,0.001,0.0,0.0,0.0,PRAD,0.818,,0.8891,,0.7633,
TCGA-EJ-7115-01A,0.006,0.0,0.005,0.0,0.003,0.0,0.803,0.007,0.045,0.069,0.046,0.013,0.002,0.0,0.0,0.0,PRAD,0.9196,,0.99,0.9,0.9013,
TCGA-EJ-A8FP-01A,0.008,0.0,0.006,0.0,0.001,0.0,0.716,0.012,0.095,0.067,0.077,0.015,0.003,0.0,0.0,0.0,PRAD,0.8979,,0.8752,0.7,0.8806,
TCGA-EJ-5505-01A,0.001,0.0,0.003,0.0,0.004,0.0,0.902,0.005,0.016,0.026,0.024,0.01,0.009,0.0,0.0,0.0,PRAD,0.9657,,0.9714,0.825,0.964,
TCGA-CH-5738-01A,0.004,0.004,0.01,0.0,0.005,0.0,0.69,0.019,0.056,0.117,0.036,0.054,0.003,0.0,0.001,0.0,PRAD,0.8168,,0.8285,0.65,0.7618,
TCGA-QU-A6IO-01A,0.009,0.0,0.005,0.001,0.002,0.0,0.877,0.009,0.016,0.017,0.046,0.014,0.0,0.002,0.0,0.0,PRAD,0.9248,,0.9341,0.8,0.9084,
TCGA-HC-7818-01A,0.005,0.0,0.004,0.0,0.001,0.0,0.83,0.01,0.045,0.038,0.047,0.019,0.001,0.0,0.0,0.0,PRAD,0.919,,0.9579,0.7,0.9429,
TCGA-CH-5771-01A,0.004,0.0,0.011,0.001,0.002,0.0,0.632,0.027,0.054,0.134,0.079,0.053,0.001,0.001,0.0,0.0,PRAD,0.8072,,0.8577,0.8,0.7487,
TCGA-HC-A6AS-01A,0.01,0.0,0.007,0.001,0.004,0.0,0.713,0.011,0.038,0.103,0.064,0.044,0.004,0.001,0.0,0.0,PRAD,0.8289,,0.9112,0.7,0.836,
TCGA-XK-AAJ3-01A,0.01,0.0,0.003,0.0,0.002,0.0,0.868,0.006,0.012,0.059,0.028,0.012,0.0,0.0,0.0,0.0,PRAD,0.9398,,,0.8,0.8377,
TCGA-EJ-5512-01A,0.009,0.0,0.006,0.0,0.0,0.0,0.857,0.007,0.02,0.062,0.035,0.002,0.001,0.0,0.0,0.0,PRAD,0.9573,,0.9495,0.7,0.9525,
TCGA-H9-A6BY-01A,0.0,0.0,0.002,0.0,0.002,0.0,0.896,0.003,0.008,0.05,0.037,0.001,0.0,0.0,0.0,0.0,PRAD,0.9802,,1.0,0.75,0.9837,
TCGA-HC-8264-01B,0.001,0.0,0.001,0.0,0.0,0.0,0.638,0.011,0.1,0.159,0.077,0.013,0.001,0.0,0.0,0.0,PRAD,0.8516,,0.932,0.85,0.8819,
TCGA-G9-6369-01A,0.0,0.0,0.001,0.0,0.001,0.0,0.926,0.002,0.013,0.013,0.034,0.009,0.0,0.0,0.0,0.0,PRAD,0.9563,,1.0,0.8,0.9511,
TCGA-EJ-A7NM-01A,0.009,0.02,0.017,0.003,0.011,0.0,0.754,0.027,0.04,0.07,0.027,0.021,0.002,0.001,0.0,0.0,PRAD,0.8599,,0.7911,0.8,0.8203,
TCGA-KK-A59Y-01A,0.004,0.0,0.004,0.0,0.001,0.0,0.905,0.006,0.018,0.015,0.037,0.009,0.0,0.0,0.0,0.0,PRAD,0.9712,,0.9759,0.8,0.9714,
TCGA-KK-A8IK-01A,0.001,0.0,0.001,0.0,0.0,0.0,0.954,0.003,0.021,0.0,0.01,0.01,0.0,0.0,0.0,0.0,PRAD,0.9802,,1.0,0.85,0.9836,
TCGA-KK-A7B0-01A,0.025,0.0,0.011,0.001,0.004,0.0,0.799,0.015,0.023,0.049,0.036,0.032,0.002,0.004,0.0,0.0,PRAD,0.8191,,0.8004,0.8,0.7913,
TCGA-G9-A9S0-01A,0.001,0.0,0.005,0.004,0.006,0.0,0.912,0.013,0.007,0.017,0.017,0.017,0.0,0.0,0.0,0.0,PRAD,0.9318,,,0.75,0.8099,
TCGA-CH-5769-01A,0.0,0.0,0.005,0.003,0.0,0.0,0.845,0.013,0.021,0.061,0.032,0.019,0.0,0.0,0.0,0.0,PRAD,0.9238,,0.8478,0.55,0.8559,
TCGA-YL-A8SK-01B,0.002,0.0,0.007,0.003,0.009,0.0,0.722,0.014,0.067,0.09,0.068,0.014,0.003,0.001,0.0,0.0,PRAD,0.9029,,0.8972,0.6,0.8786,
TCGA-EJ-7786-01A,0.011,0.0,0.007,0.0,0.004,0.0,0.817,0.004,0.038,0.061,0.045,0.01,0.003,0.0,0.0,0.0,PRAD,0.9342,,0.9434,0.75,0.9211,
TCGA-VP-A875-01A,0.0,0.001,0.005,0.0,0.0,0.0,0.954,0.004,0.007,0.012,0.016,0.001,0.0,0.0,0.0,0.0,PRAD,0.9844,,1.0,0.8,0.9893,
TCGA-EJ-A46D-01A,0.007,0.0,0.005,0.0,0.003,0.0,0.816,0.011,0.03,0.063,0.055,0.007,0.003,0.0,0.0,0.0,PRAD,0.9504,,0.96,0.7,0.9431,
TCGA-J4-A67L-01A,0.003,0.0,0.01,0.001,0.003,0.0,0.834,0.019,0.02,0.039,0.037,0.033,0.001,0.001,0.0,0.0,PRAD,0.8837,,0.9131,0.65,0.8525,
TCGA-G9-6363-01A,0.006,0.0,0.009,0.0,0.001,0.0,0.843,0.009,0.027,0.055,0.038,0.01,0.001,0.0,0.0,0.0,PRAD,0.9254,,0.8688,0.7,0.8949,
TCGA-HC-A9TE-01A,0.022,0.002,0.017,0.002,0.007,0.0,0.658,0.031,0.083,0.095,0.053,0.027,0.002,0.0,0.0,0.0,PRAD,0.7913,,,0.6,0.7145,
TCGA-J4-A6G3-01A,0.006,0.002,0.012,0.004,0.012,0.0,0.71,0.029,0.086,0.069,0.039,0.028,0.002,0.0,0.0,0.0,PRAD,0.8613,,0.8576,0.6,0.8675,
TCGA-KK-A7B3-01A,0.013,0.0,0.007,0.001,0.012,0.0,0.703,0.019,0.067,0.103,0.045,0.028,0.002,0.001,0.0,0.0,PRAD,0.8512,,0.936,0.85,0.8084,
TCGA-YL-A8HJ-01A,0.01,0.001,0.011,0.0,0.012,0.0,0.546,0.017,0.09,0.172,0.095,0.038,0.007,0.001,0.0,0.0,PRAD,0.793,,0.8286,0.7,0.7466,
TCGA-ZG-A9NI-01A,0.0,0.0,0.002,0.0,0.0,0.0,0.727,0.004,0.055,0.092,0.098,0.019,0.001,0.0,0.0,0.0,PRAD,0.8835,,,0.8,0.7995,
TCGA-VN-A88R-01A,0.005,0.0,0.004,0.0,0.0,0.0,0.822,0.007,0.055,0.013,0.059,0.032,0.001,0.0,0.0,0.0,PRAD,0.916,,0.9112,0.85,0.8965,
TCGA-EJ-5530-01A,0.006,0.0,0.006,0.0,0.004,0.0,0.8,0.007,0.051,0.084,0.03,0.011,0.001,0.0,0.0,0.0,PRAD,0.9356,,0.9642,0.7,0.9231,
TCGA-HC-7752-01A,0.008,0.0,0.001,0.001,0.001,0.0,0.878,0.001,0.006,0.049,0.048,0.007,0.0,0.0,0.0,0.0,PRAD,0.9367,,1.0,0.7,0.9253,
TCGA-EJ-5521-01A,0.008,0.0,0.007,0.0,0.0,0.0,0.848,0.01,0.02,0.033,0.045,0.028,0.001,0.0,0.0,0.0,PRAD,0.93,,0.9034,0.575,0.9154,
TCGA-YL-A9WX-01A,0.012,0.009,0.009,0.001,0.007,0.0,0.709,0.015,0.071,0.092,0.051,0.017,0.005,0.0,0.0,0.0,PRAD,0.888,,,0.75,0.7355,
TCGA-KK-A6E5-01A,0.018,0.0,0.004,0.0,0.002,0.0,0.841,0.009,0.037,0.039,0.033,0.016,0.001,0.0,0.0,0.0,PRAD,0.9275,,0.9617,0.85,0.9121,
TCGA-TP-A8TT-01A,0.013,0.0,0.014,0.005,0.015,0.0,0.707,0.027,0.062,0.074,0.044,0.036,0.002,0.001,0.0,0.0,PRAD,0.8252,,,0.7,0.7375,
TCGA-KK-A7AY-01A,0.0,0.0,0.003,0.002,0.001,0.0,0.927,0.004,0.007,0.019,0.026,0.01,0.0,0.0,0.0,0.0,PRAD,0.9546,,1.0,0.7,0.9489,
TCGA-HC-7213-01A,0.0,0.0,0.008,0.002,0.0,0.0,0.84,0.013,0.024,0.062,0.028,0.022,0.001,0.0,0.0,0.0,PRAD,0.9032,,0.9057,0.9,0.879,
TCGA-EJ-5517-01A,0.009,0.002,0.008,0.0,0.007,0.0,0.797,0.009,0.039,0.075,0.043,0.009,0.001,0.0,0.0,0.0,PRAD,0.896,,0.8587,0.775,0.8692,
TCGA-CH-5751-01A,0.015,0.079,0.018,0.021,0.049,0.001,0.596,0.023,0.084,0.041,0.033,0.037,0.001,0.001,0.0,0.0,PRAD,0.7156,,0.6237,0.925,0.6244,
TCGA-HC-7820-01A,0.011,0.0,0.005,0.0,0.005,0.0,0.88,0.006,0.015,0.039,0.03,0.009,0.001,0.0,0.0,0.0,PRAD,0.9657,,1.0,0.8,0.982,
TCGA-J4-A6G1-01A,0.03,0.08,0.041,0.004,0.024,0.0,0.522,0.043,0.064,0.117,0.037,0.032,0.005,0.001,0.0,0.0,PRAD,0.6951,,0.6421,0.8,0.6141,
TCGA-EJ-5503-01A,0.009,0.002,0.009,0.001,0.003,0.0,0.744,0.013,0.07,0.089,0.046,0.012,0.003,0.0,0.0,0.0,PRAD,0.9028,,0.8871,0.825,0.8806,
TCGA-YL-A8SA-01A,0.009,0.0,0.005,0.0,0.0,0.0,0.928,0.005,0.011,0.015,0.02,0.006,0.0,0.0,0.0,0.0,PRAD,0.9788,,1.0,0.8,0.9817,
TCGA-TP-A8TV-01A,0.001,0.0,0.002,0.0,0.002,0.0,0.938,0.004,0.011,0.02,0.019,0.002,0.0,0.0,0.0,0.0,PRAD,0.9759,,,0.95,0.5272,
TCGA-ZG-A9LM-01A,0.008,0.001,0.003,0.0,0.0,0.0,0.801,0.013,0.013,0.115,0.025,0.021,0.0,0.0,0.0,0.0,PRAD,0.8807,,,0.7,0.7752,
TCGA-J4-A6M7-01A,0.0,0.0,0.003,0.0,0.001,0.0,0.824,0.006,0.035,0.087,0.038,0.005,0.001,0.0,0.0,0.0,PRAD,0.9659,,1.0,0.7,0.9642,
TCGA-ZG-A9M4-01A,0.001,0.006,0.017,0.001,0.023,0.0,0.787,0.022,0.048,0.025,0.05,0.018,0.001,0.0,0.0,0.0,PRAD,0.8703,,,0.7,0.8575,
TCGA-CH-5745-01A,0.009,0.004,0.006,0.0,0.008,0.0,0.726,0.01,0.062,0.115,0.035,0.022,0.002,0.001,0.0,0.0,PRAD,0.8706,,0.9451,0.725,0.8347,
TCGA-KK-A8IG-01A,0.005,0.0,0.005,0.0,0.005,0.0,0.694,0.012,0.082,0.088,0.088,0.018,0.003,0.0,0.0,0.0,PRAD,0.8679,,0.8498,0.8,0.8311,
TCGA-HC-7821-01A,0.001,0.007,0.008,0.0,0.002,0.0,0.721,0.011,0.056,0.133,0.019,0.041,0.001,0.0,0.0,0.0,PRAD,0.8187,,0.9755,0.65,0.7643,
TCGA-QU-A6IM-01A,0.002,0.0,0.004,0.002,0.005,0.0,0.88,0.011,0.012,0.021,0.046,0.015,0.0,0.003,0.0,0.0,PRAD,0.9024,,0.9641,0.9,0.878,
TCGA-ZG-A8QZ-01A,0.01,0.001,0.01,0.001,0.003,0.0,0.717,0.016,0.037,0.11,0.065,0.026,0.003,0.0,0.0,0.0,PRAD,0.8618,,0.8749,0.8,0.8229,
TCGA-HC-8261-01A,0.007,0.0,0.004,0.0,0.006,0.0,0.885,0.012,0.014,0.006,0.04,0.025,0.001,0.0,0.0,0.0,PRAD,0.9212,,0.9757,0.85,0.9035,
TCGA-EJ-8469-01A,0.0,0.001,0.004,0.005,0.001,0.0,0.883,0.009,0.033,0.017,0.036,0.011,0.0,0.0,0.0,0.0,PRAD,0.9484,,0.9729,0.75,0.9405,
TCGA-2A-A8W3-01A,0.0,0.0,0.001,0.001,0.001,0.0,0.839,0.01,0.056,0.024,0.05,0.013,0.003,0.0,0.0,0.0,PRAD,0.9439,,0.9458,0.8,0.9343,
TCGA-J9-A8CL-01A,0.001,0.0,0.006,0.001,0.002,0.0,0.676,0.015,0.031,0.19,0.034,0.043,0.001,0.0,0.0,0.0,PRAD,0.8219,,0.881,0.85,0.7686,
TCGA-KK-A7AQ-01A,0.014,0.0,0.004,0.0,0.002,0.0,0.838,0.009,0.02,0.046,0.052,0.012,0.0,0.001,0.0,0.0,PRAD,0.9248,,0.9757,0.75,0.9084,
TCGA-EJ-A65D-01A,0.0,0.0,0.001,0.001,0.0,0.0,0.966,0.001,0.005,0.009,0.015,0.001,0.0,0.0,0.0,0.0,PRAD,0.9947,,1.0,0.95,1.0,
TCGA-EJ-5519-01A,0.004,0.0,0.004,0.0,0.0,0.0,0.804,0.008,0.079,0.045,0.038,0.018,0.0,0.0,0.0,0.0,PRAD,0.9351,,0.9467,0.625,0.9224,
TCGA-HC-7737-01A,0.012,0.0,0.009,0.0,0.008,0.0,0.7,0.015,0.09,0.067,0.07,0.027,0.001,0.0,0.0,0.0,PRAD,0.8377,,0.7863,0.8,0.7837,
TCGA-ZG-A9LY-01A,0.003,0.0,0.006,0.0,0.002,0.0,0.776,0.011,0.035,0.076,0.057,0.029,0.004,0.0,0.0,0.0,PRAD,0.8969,,,0.8,0.8756,
TCGA-EJ-A7NF-01A,0.002,0.0,0.003,0.0,0.001,0.0,0.918,0.006,0.006,0.032,0.03,0.002,0.0,0.0,0.0,0.0,PRAD,0.9791,,1.0,0.6,0.9821,
TCGA-KK-A6E3-01A,0.018,0.0,0.008,0.001,0.003,0.0,0.728,0.012,0.037,0.094,0.071,0.026,0.002,0.0,0.0,0.0,PRAD,0.8582,,0.8951,0.6,0.8647,
TCGA-KK-A7AW-01A,0.01,0.0,0.009,0.002,0.002,0.0,0.884,0.011,0.008,0.032,0.024,0.016,0.001,0.002,0.0,0.0,PRAD,0.8859,,0.9217,0.9,0.8556,
TCGA-FC-A4JI-01A,0.0,0.0,0.0,0.007,0.002,0.0,0.965,0.003,0.008,0.0,0.009,0.006,0.0,0.0,0.0,0.0,PRAD,0.9769,,0.7467,0.9,0.7371,
TCGA-ZG-A9LN-01A,0.013,0.022,0.03,0.011,0.018,0.0,0.559,0.052,0.061,0.134,0.07,0.027,0.003,0.001,0.0,0.0,PRAD,0.7134,,,0.7,0.7063,
TCGA-HC-8260-01A,0.004,0.0,0.004,0.0,0.003,0.0,0.825,0.012,0.043,0.052,0.044,0.009,0.002,0.0,0.0,0.0,PRAD,0.9329,,0.9621,0.65,0.9194,
TCGA-XJ-A83G-01A,0.0,0.0,0.003,0.0,0.001,0.0,0.917,0.008,0.008,0.032,0.022,0.009,0.0,0.0,0.0,0.0,PRAD,0.9703,,0.9681,0.8,0.9701,
TCGA-KK-A8IL-01A,0.003,0.0,0.013,0.001,0.011,0.0,0.767,0.023,0.042,0.077,0.032,0.031,0.001,0.0,0.0,0.0,PRAD,0.8562,,0.8951,0.85,0.8152,
TCGA-J9-A8CM-01A,0.005,0.0,0.007,0.0,0.0,0.0,0.711,0.011,0.032,0.131,0.071,0.027,0.004,0.0,0.0,0.0,PRAD,0.8684,,0.8847,0.9,0.8318,
TCGA-EJ-7781-01A,0.011,0.0,0.011,0.0,0.005,0.0,0.827,0.011,0.028,0.045,0.039,0.02,0.001,0.0,0.0,0.0,PRAD,0.9068,,0.8891,0.65,0.8942,
TCGA-V1-A9OH-01A,0.005,0.0,0.004,0.0,0.0,0.0,0.822,0.01,0.022,0.067,0.054,0.015,0.001,0.0,0.0,0.0,PRAD,0.9255,,,0.7,0.761,
TCGA-WW-A8ZI-01A,0.0,0.0,0.002,0.0,0.003,0.0,0.906,0.007,0.022,0.021,0.026,0.011,0.0,0.0,0.0,0.0,PRAD,0.9455,,1.0,0.95,0.9365,
TCGA-XK-AAJP-01A,0.0,0.0,0.001,0.0,0.001,0.0,0.912,0.012,0.011,0.029,0.012,0.02,0.0,0.0,0.0,0.0,PRAD,0.9325,,,0.9,0.8551,
TCGA-CH-5754-01A,0.022,0.001,0.016,0.007,0.008,0.0,0.701,0.018,0.094,0.034,0.062,0.036,0.001,0.001,0.0,0.0,PRAD,0.8385,,0.776,0.675,0.7911,
TCGA-2A-A8VV-01A,0.002,0.0,0.004,0.0,0.001,0.0,0.828,0.005,0.028,0.063,0.068,0.0,0.001,0.0,0.0,0.0,PRAD,0.9688,,1.0,0.8,0.9681,
TCGA-V1-A8MG-01A,0.007,0.0,0.005,0.0,0.01,0.0,0.788,0.011,0.057,0.067,0.043,0.01,0.001,0.001,0.0,0.0,PRAD,0.9074,,0.9325,0.7,0.8847,
TCGA-EJ-A65B-01A,0.008,0.0,0.003,0.0,0.001,0.0,0.768,0.007,0.049,0.068,0.073,0.02,0.001,0.001,0.0,0.0,PRAD,0.9051,,0.9178,0.85,0.8817,
TCGA-HC-8262-01A,0.0,0.0,0.003,0.0,0.001,0.0,0.917,0.007,0.016,0.017,0.03,0.008,0.0,0.0,0.0,0.0,PRAD,0.9684,,0.989,0.7,0.9676,
TCGA-J4-A83K-01A,0.008,0.0,0.004,0.0,0.0,0.0,0.806,0.007,0.031,0.076,0.06,0.005,0.002,0.0,0.0,0.0,PRAD,0.9506,,0.9806,0.7,0.9434,
TCGA-KK-A8I8-01A,0.0,0.0,0.003,0.002,0.001,0.0,0.9,0.008,0.021,0.025,0.03,0.009,0.0,0.0,0.0,0.0,PRAD,0.9475,,0.9462,0.8,0.9392,
TCGA-EJ-5495-01A,0.011,0.001,0.015,0.001,0.008,0.0,0.647,0.017,0.103,0.104,0.063,0.027,0.004,0.0,0.0,0.0,PRAD,0.8239,,0.7917,0.675,0.79,
TCGA-V1-A8MU-01A,0.013,0.0,0.008,0.0,0.008,0.0,0.639,0.016,0.102,0.102,0.081,0.023,0.005,0.002,0.0,0.0,PRAD,0.8498,,0.8355,0.7,0.8065,
TCGA-YL-A8SP-01B,0.0,0.0,0.002,0.0,0.0,0.0,0.826,0.002,0.037,0.07,0.058,0.003,0.0,0.0,0.0,0.0,PRAD,0.9667,,1.0,0.75,0.9652,
TCGA-EJ-7312-01B,0.005,0.0,0.002,0.0,0.001,0.0,0.893,0.006,0.016,0.011,0.047,0.017,0.0,0.0,0.0,0.0,PRAD,0.9552,,1.0,0.9,0.9497,
TCGA-G9-6378-01A,0.014,0.0,0.007,0.0,0.003,0.0,0.757,0.008,0.021,0.105,0.075,0.006,0.004,0.0,0.0,0.0,PRAD,0.9095,,0.9971,0.75,0.8877,
TCGA-G9-7523-01A,0.011,0.0,0.011,0.001,0.007,0.0,0.312,0.033,0.103,0.36,0.11,0.039,0.012,0.0,0.0,0.0,PRAD,0.7148,,0.8277,0.6,0.7466,
TCGA-G9-6364-01A,0.003,0.0,0.007,0.0,0.0,0.0,0.736,0.009,0.042,0.093,0.085,0.022,0.002,0.0,0.0,0.0,PRAD,0.912,,0.9331,0.75,0.8911,
TCGA-HC-A8CY-01A,0.01,0.006,0.009,0.004,0.006,0.0,0.874,0.015,0.019,0.015,0.017,0.024,0.001,0.0,0.0,0.0,PRAD,0.9209,,0.8577,0.7,0.8675,
TCGA-G9-A9S4-01A,0.0,0.0,0.002,0.0,0.001,0.0,0.934,0.005,0.008,0.013,0.03,0.007,0.0,0.0,0.0,0.0,PRAD,0.9815,,,0.9,0.933,
TCGA-VP-A87H-01A,0.005,0.0,0.004,0.0,0.003,0.0,0.879,0.008,0.022,0.048,0.022,0.009,0.001,0.0,0.0,0.0,PRAD,0.9455,,0.9519,0.7,0.9365,
TCGA-YL-A9WI-01A,0.001,0.0,0.003,0.001,0.001,0.0,0.928,0.004,0.008,0.034,0.01,0.011,0.0,0.0,0.0,0.0,PRAD,0.9512,,0.9839,0.7,0.9443,
TCGA-VP-A87D-01A,0.0,0.0,0.003,0.001,0.002,0.0,0.903,0.007,0.017,0.028,0.031,0.008,0.0,0.0,0.0,0.0,PRAD,0.9761,,0.9836,0.95,0.978,
TCGA-KK-A6E2-01A,0.002,0.002,0.006,0.0,0.003,0.0,0.899,0.008,0.019,0.037,0.017,0.005,0.001,0.0,0.0,0.0,PRAD,0.9635,,0.9997,0.9,0.9609,
TCGA-YL-A8SH-01B,0.009,0.0,0.004,0.0,0.005,0.0,0.808,0.01,0.054,0.027,0.071,0.011,0.001,0.001,0.0,0.0,PRAD,0.9424,,0.9551,0.8,0.9323,
TCGA-EJ-7318-01B,0.001,0.0,0.006,0.0,0.001,0.0,0.838,0.014,0.02,0.043,0.053,0.022,0.001,0.0,0.0,0.0,PRAD,0.9231,,0.9244,0.6,0.906,
TCGA-HC-7075-01A,0.01,0.005,0.01,0.0,0.0,0.0,0.932,0.006,0.007,0.019,0.005,0.007,0.0,0.0,0.0,0.0,PRAD,0.9494,,0.962,0.85,0.9659,
TCGA-HC-A6HX-01A,0.001,0.0,0.004,0.0,0.002,0.0,0.828,0.009,0.031,0.063,0.051,0.008,0.001,0.002,0.0,0.0,PRAD,0.9248,,0.954,0.8,0.9084,
TCGA-J4-A67T-01A,0.006,0.0,0.004,0.0,0.003,0.0,0.847,0.007,0.034,0.051,0.037,0.01,0.001,0.0,0.0,0.0,PRAD,0.9403,,0.9977,0.75,0.97,
TCGA-CH-5739-01A,0.009,0.0,0.006,0.003,0.003,0.0,0.737,0.011,0.062,0.1,0.046,0.021,0.001,0.0,0.0,0.0,PRAD,0.8656,,0.925,0.775,0.836,
TCGA-ZG-A9L1-01A,0.0,0.0,0.004,0.0,0.003,0.0,0.796,0.004,0.064,0.064,0.057,0.007,0.001,0.0,0.0,0.0,PRAD,0.9532,,,0.6,0.7798,
TCGA-EJ-7325-01B,0.005,0.0,0.003,0.0,0.0,0.0,0.919,0.004,0.004,0.041,0.019,0.005,0.0,0.0,0.0,0.0,PRAD,0.954,,1.0,0.8,0.9481,
TCGA-KK-A5A1-01A,0.0,0.0,0.002,0.0,0.001,0.0,0.829,0.016,0.018,0.083,0.018,0.032,0.001,0.0,0.0,0.0,PRAD,0.8884,,0.954,0.8,0.8589,
TCGA-EJ-5504-01A,0.007,0.0,0.004,0.0,0.002,0.0,0.764,0.007,0.068,0.098,0.03,0.019,0.001,0.0,0.0,0.0,PRAD,0.888,,0.9154,0.875,0.8585,
TCGA-EJ-7314-01A,0.0,0.0,0.003,0.001,0.001,0.0,0.902,0.007,0.021,0.033,0.024,0.009,0.001,0.0,0.0,0.0,PRAD,0.9731,,1.0,0.65,0.987,
TCGA-J4-A83J-01A,0.01,0.0,0.007,0.001,0.005,0.0,0.868,0.009,0.019,0.022,0.03,0.029,0.001,0.0,0.0,0.0,PRAD,0.9246,,0.8929,0.9,0.9081,
TCGA-HC-7080-01A,0.003,0.0,0.003,0.0,0.001,0.0,0.907,0.004,0.048,0.003,0.018,0.008,0.003,0.0,0.0,0.0,PRAD,0.9716,,1.0,0.7,0.9719,
TCGA-EJ-5501-01A,0.001,0.0,0.006,0.001,0.005,0.0,0.83,0.012,0.028,0.064,0.041,0.011,0.002,0.0,0.0,0.0,PRAD,0.952,,0.9248,0.75,0.9453,
TCGA-HC-8213-01A,0.004,0.0,0.003,0.0,0.0,0.0,0.951,0.0,0.008,0.011,0.016,0.006,0.0,0.0,0.0,0.0,PRAD,0.9867,,1.0,0.65,0.9962,
TCGA-HC-7744-01A,0.0,0.0,0.003,0.0,0.0,0.0,0.906,0.006,0.021,0.031,0.022,0.01,0.0,0.0,0.0,0.0,PRAD,0.9703,,0.9465,,0.9702,
TCGA-XK-AAK1-01A,0.01,0.0,0.002,0.0,0.002,0.0,0.922,0.001,0.014,0.013,0.021,0.012,0.0,0.0,0.0,0.0,PRAD,0.9567,,,0.9,0.7821,
TCGA-HC-7747-01A,0.008,0.001,0.01,0.0,0.006,0.0,0.821,0.015,0.025,0.065,0.021,0.026,0.001,0.0,0.0,0.0,PRAD,0.8913,,0.9569,0.65,0.8629,
TCGA-ZG-A8QW-01A,0.009,0.0,0.008,0.001,0.006,0.0,0.775,0.019,0.028,0.068,0.045,0.04,0.0,0.0,0.0,0.0,PRAD,0.8702,,0.8368,0.9,0.8343,
TCGA-CH-5746-01A,0.002,0.0,0.003,0.0,0.001,0.0,0.909,0.006,0.011,0.031,0.032,0.003,0.0,0.0,0.0,0.0,PRAD,0.9749,,0.9921,0.7,0.9764,
TCGA-G9-6384-01A,0.003,0.0,0.007,0.0,0.003,0.0,0.745,0.01,0.075,0.088,0.058,0.009,0.001,0.0,0.0,0.0,PRAD,0.9064,,0.9327,0.8,0.9195,
TCGA-G9-6367-01A,0.007,0.0,0.006,0.001,0.0,0.0,0.786,0.01,0.034,0.063,0.087,0.003,0.002,0.0,0.0,0.0,PRAD,0.9336,,0.9496,0.375,0.9203,
TCGA-YL-A8HO-01A,0.001,0.006,0.007,0.003,0.006,0.0,0.592,0.027,0.072,0.138,0.06,0.084,0.005,0.0,0.0,0.0,PRAD,0.7618,,0.8903,0.6,0.687,
TCGA-KK-A6DY-01A,0.009,0.001,0.007,0.0,0.006,0.0,0.833,0.015,0.03,0.042,0.03,0.024,0.001,0.0,0.0,0.0,PRAD,0.9283,,0.9415,0.7,0.9661,
TCGA-KK-A6E0-01A,0.003,0.0,0.003,0.0,0.003,0.0,0.905,0.007,0.031,0.016,0.02,0.011,0.001,0.0,0.0,0.0,PRAD,0.9661,,0.955,0.7,0.9645,
TCGA-CH-5767-01A,0.007,0.0,0.003,0.0,0.0,0.0,0.891,0.004,0.012,0.03,0.048,0.004,0.0,0.0,0.0,0.0,PRAD,0.9624,,0.9851,0.625,0.9594,
TCGA-CH-5740-01A,0.007,0.002,0.007,0.0,0.005,0.0,0.876,0.008,0.012,0.053,0.019,0.01,0.001,0.0,0.0,0.0,PRAD,0.9428,,0.9603,0.85,0.9328,
TCGA-KK-A7B2-01A,0.013,0.0,0.012,0.001,0.006,0.0,0.697,0.027,0.057,0.087,0.068,0.028,0.003,0.001,0.0,0.0,PRAD,0.8119,,0.869,0.8,0.8809,
TCGA-HC-8266-01A,0.011,0.007,0.031,0.001,0.047,0.0,0.634,0.039,0.076,0.069,0.031,0.052,0.001,0.001,0.0,0.0,PRAD,0.7334,,0.8228,0.7,0.7375,
TCGA-KC-A4BV-01A,0.0,0.0,0.01,0.005,0.007,0.0,0.697,0.02,0.051,0.138,0.047,0.022,0.002,0.0,0.0,0.0,PRAD,0.8672,,0.8897,0.8,0.8677,
TCGA-XJ-A9DI-01A,0.001,0.0,0.011,0.008,0.014,0.0,0.622,0.029,0.089,0.12,0.055,0.049,0.001,0.001,0.0,0.0,PRAD,0.8197,,0.8617,0.6,0.836,
TCGA-HC-A4ZV-01A,0.009,0.021,0.007,0.003,0.008,0.0,0.761,0.011,0.015,0.104,0.03,0.03,0.001,0.0,0.0,0.0,PRAD,0.8327,,0.8604,0.8,0.7833,
TCGA-HI-7169-01A,0.0,0.0,0.012,0.0,0.002,0.0,0.559,0.006,0.01,0.177,0.227,0.002,0.004,0.0,0.0,0.0,PRAD,0.9125,,0.9604,0.7,0.9253,
TCGA-G9-7509-01A,0.008,0.0,0.004,0.0,0.001,0.0,0.843,0.007,0.026,0.055,0.049,0.006,0.001,0.0,0.0,0.0,PRAD,0.9575,,,0.6,0.8274,
TCGA-KC-A7FE-01A,0.008,0.0,0.007,0.0,0.004,0.0,0.635,0.012,0.089,0.11,0.116,0.009,0.009,0.001,0.0,0.0,PRAD,0.8896,,0.928,0.6,0.8606,
TCGA-XK-AAJA-01A,0.006,0.0,0.004,0.0,0.001,0.0,0.898,0.006,0.025,0.018,0.03,0.01,0.001,0.0,0.0,0.0,PRAD,0.9661,,,0.7,0.5205,
TCGA-G9-7521-01A,0.003,0.0,0.031,0.007,0.013,0.0,0.722,0.019,0.036,0.058,0.072,0.038,0.002,0.001,0.0,0.0,PRAD,0.8222,,0.7307,0.8,0.7183,
TCGA-EJ-A8FN-01A,0.013,0.001,0.008,0.0,0.006,0.0,0.776,0.009,0.037,0.05,0.077,0.019,0.003,0.002,0.0,0.0,PRAD,0.8985,,0.8704,0.6,0.8727,
TCGA-EJ-5499-01A,0.0,0.0,0.011,0.001,0.001,0.0,0.833,0.022,0.034,0.053,0.028,0.015,0.001,0.0,0.0,0.0,PRAD,0.9095,,0.8864,0.31,0.8877,
TCGA-EJ-A46F-01A,0.0,0.0,0.002,0.0,0.001,0.0,0.959,0.003,0.008,0.004,0.017,0.006,0.0,0.0,0.0,0.0,PRAD,0.9847,,1.0,1.0,0.9949,
TCGA-EJ-8470-01A,0.016,0.006,0.026,0.001,0.017,0.0,0.775,0.037,0.029,0.03,0.019,0.042,0.001,0.0,0.0,0.0,PRAD,0.8283,,0.8048,0.75,0.7913,
TCGA-FC-7961-01A,0.006,0.0,0.007,0.001,0.001,0.0,0.734,0.013,0.044,0.116,0.05,0.026,0.002,0.0,0.0,0.0,PRAD,0.8727,,0.8846,0.85,0.8377,
TCGA-YL-A8HK-01A,0.006,0.0,0.009,0.002,0.002,0.0,0.674,0.012,0.084,0.073,0.118,0.018,0.001,0.0,0.0,0.0,PRAD,0.8936,,0.7506,0.7,0.7417,
TCGA-HC-7748-01A,0.007,0.0,0.01,0.001,0.004,0.0,0.749,0.009,0.061,0.084,0.047,0.024,0.002,0.0,0.0,0.0,PRAD,0.8642,,0.9096,,0.8773,
TCGA-G9-7522-01A,0.005,0.0,0.005,0.0,0.003,0.0,0.789,0.007,0.052,0.061,0.059,0.016,0.001,0.0,0.0,0.0,PRAD,0.9181,,0.8683,0.6,0.88,
TCGA-CH-5752-01A,0.0,0.0,0.002,0.0,0.004,0.0,0.808,0.004,0.069,0.03,0.07,0.01,0.001,0.0,0.0,0.001,PRAD,0.9429,,0.954,0.675,0.933,
TCGA-KK-A7AP-01A,0.0,0.0,0.004,0.0,0.003,0.0,0.952,0.003,0.006,0.005,0.018,0.008,0.0,0.0,0.0,0.0,PRAD,0.9796,,1.0,0.65,0.9828,
TCGA-KK-A6E4-01A,0.008,0.0,0.004,0.0,0.004,0.0,0.905,0.005,0.011,0.028,0.024,0.009,0.001,0.0,0.0,0.0,PRAD,0.9634,,0.9899,0.85,0.9608,
TCGA-HC-A632-01A,0.01,0.045,0.024,0.001,0.003,0.0,0.685,0.027,0.047,0.098,0.038,0.021,0.001,0.0,0.0,0.0,PRAD,0.7937,,0.7955,0.8,0.7304,
TCGA-EJ-7321-01A,0.014,0.003,0.01,0.0,0.008,0.0,0.883,0.014,0.011,0.036,0.013,0.007,0.0,0.0,0.0,0.0,PRAD,0.9306,,0.9163,0.85,0.9163,
TCGA-EJ-A8FU-01A,0.001,0.0,0.008,0.0,0.006,0.0,0.685,0.012,0.075,0.1,0.098,0.009,0.006,0.0,0.0,0.0,PRAD,0.8849,,0.8251,0.6,0.8541,
TCGA-EJ-5518-01A,0.007,0.0,0.006,0.0,0.004,0.0,0.694,0.009,0.11,0.076,0.065,0.026,0.001,0.001,0.0,0.0,PRAD,0.8707,,0.8427,0.575,0.835,
TCGA-EJ-5524-01A,0.005,0.0,0.01,0.0,0.012,0.0,0.735,0.015,0.059,0.093,0.047,0.022,0.001,0.0,0.0,0.0,PRAD,0.8446,,0.8716,0.775,0.7994,
TCGA-J4-8198-01A,0.004,0.0,0.006,0.0,0.002,0.0,0.807,0.007,0.042,0.085,0.042,0.003,0.001,0.0,0.0,0.0,PRAD,0.9348,,0.9533,0.825,0.9509,
TCGA-KK-A8IM-01A,0.007,0.0,0.008,0.002,0.005,0.0,0.803,0.013,0.029,0.07,0.046,0.016,0.001,0.001,0.0,0.0,PRAD,0.9077,,0.8984,0.75,0.8851,
TCGA-CH-5748-01A,0.007,0.0,0.004,0.0,0.003,0.0,0.903,0.007,0.015,0.03,0.021,0.008,0.0,0.0,0.0,0.0,PRAD,0.9658,,0.9596,0.7,0.9641,
TCGA-VP-A87J-01A,0.0,0.0,0.005,0.0,0.0,0.0,0.891,0.005,0.014,0.03,0.034,0.019,0.0,0.0,0.0,0.0,PRAD,0.9586,,0.9468,0.6,0.9543,
TCGA-HC-7231-01A,0.012,0.0,0.012,0.001,0.004,0.0,0.87,0.015,0.017,0.034,0.021,0.014,0.001,0.0,0.0,0.0,PRAD,0.9202,,0.9367,0.85,0.9021,
TCGA-2A-A8W1-01A,0.0,0.0,0.002,0.0,0.001,0.0,0.967,0.003,0.004,0.008,0.011,0.003,0.0,0.0,0.0,0.0,PRAD,0.9889,,0.9982,0.9,0.9954,
TCGA-G9-6354-01A,0.002,0.0,0.003,0.0,0.001,0.0,0.9,0.005,0.011,0.026,0.04,0.01,0.0,0.0,0.0,0.0,PRAD,0.9702,,1.0,0.8,0.9701,
TCGA-EJ-A7NK-01A,0.0,0.0,0.006,0.0,0.001,0.0,0.818,0.01,0.028,0.059,0.071,0.004,0.001,0.001,0.0,0.0,PRAD,0.9508,,0.8967,0.7,0.9134,
TCGA-KK-A8I5-01A,0.001,0.0,0.003,0.0,0.0,0.0,0.816,0.007,0.036,0.061,0.062,0.011,0.002,0.0,0.0,0.0,PRAD,0.931,,1.0,0.6,0.9167,
TCGA-VP-A876-01A,0.0,0.0,0.003,0.002,0.001,0.0,0.915,0.004,0.012,0.034,0.025,0.004,0.0,0.0,0.0,0.0,PRAD,0.9817,,1.0,0.8,0.9857,
TCGA-YJ-A8SW-01A,0.0,0.0,0.003,0.0,0.002,0.0,0.923,0.007,0.015,0.012,0.027,0.009,0.0,0.0,0.0,0.0,PRAD,0.9658,,1.0,0.7,0.964,
TCGA-G9-6365-01A,0.004,0.0,0.006,0.001,0.001,0.0,0.713,0.01,0.054,0.129,0.072,0.01,0.001,0.0,0.0,0.0,PRAD,0.8953,,0.9541,0.625,0.9246,
TCGA-2A-A8VO-01A,0.007,0.0,0.005,0.0,0.001,0.0,0.837,0.005,0.024,0.046,0.066,0.009,0.001,0.0,0.0,0.0,PRAD,0.9363,,0.9917,0.7,0.924,
TCGA-EJ-7789-01A,0.01,0.002,0.001,0.0,0.0,0.0,0.907,0.005,0.025,0.008,0.029,0.012,0.0,0.0,0.0,0.0,PRAD,0.952,,0.9792,0.925,0.9727,
TCGA-V1-A8WN-01A,0.001,0.0,0.007,0.0,0.007,0.0,0.815,0.009,0.055,0.046,0.046,0.011,0.002,0.0,0.0,0.0,PRAD,0.9351,,0.9198,0.75,0.9223,
TCGA-G9-6343-01A,0.007,0.0,0.003,0.0,0.0,0.0,0.872,0.002,0.012,0.027,0.062,0.013,0.0,0.0,0.0,0.0,PRAD,0.949,,0.9683,0.75,0.9413,
TCGA-EJ-7327-01A,0.0,0.0,0.008,0.001,0.002,0.0,0.74,0.011,0.036,0.136,0.038,0.026,0.001,0.0,0.0,0.0,PRAD,0.8819,,0.9812,0.65,0.8501,
TCGA-XK-AAIV-01A,0.013,0.014,0.029,0.006,0.011,0.001,0.687,0.037,0.027,0.075,0.025,0.072,0.002,0.0,0.0,0.0,PRAD,0.7348,,,0.6,0.7432,
TCGA-M7-A720-01A,0.001,0.002,0.008,0.0,0.001,0.0,0.84,0.01,0.012,0.061,0.055,0.009,0.002,0.0,0.0,0.0,PRAD,0.9504,,0.9593,0.6,0.9431,
TCGA-V1-A9ZR-01A,0.008,0.003,0.01,0.005,0.002,0.0,0.612,0.024,0.065,0.139,0.084,0.046,0.002,0.0,0.0,0.0,PRAD,0.8056,,,0.9,0.7689,
TCGA-EJ-8468-01A,0.01,0.0,0.011,0.0,0.006,0.0,0.744,0.01,0.058,0.086,0.045,0.026,0.004,0.0,0.0,0.0,PRAD,0.8428,,0.9263,0.65,0.8726,
TCGA-ZG-A9N3-01A,0.0,0.039,0.018,0.005,0.002,0.0,0.831,0.01,0.027,0.005,0.059,0.003,0.0,0.0,0.0,0.0,PRAD,0.9243,,,0.8,0.8719,
TCGA-X4-A8KS-01A,0.011,0.0,0.006,0.0,0.0,0.0,0.865,0.009,0.004,0.047,0.054,0.003,0.001,0.0,0.0,0.0,PRAD,0.927,,0.9094,0.6,0.9113,
TCGA-KK-A59V-01A,0.01,0.029,0.049,0.041,0.039,0.0,0.652,0.048,0.019,0.042,0.016,0.054,0.001,0.001,0.0,0.0,PRAD,0.7091,,0.6601,0.75,0.6155,
TCGA-V1-A9OY-01A,0.014,0.0,0.008,0.0,0.005,0.0,0.765,0.013,0.057,0.089,0.036,0.011,0.001,0.0,0.0,0.0,PRAD,0.9091,,,0.7,0.4818,
TCGA-QU-A6IP-01A,0.009,0.0,0.004,0.0,0.0,0.0,0.851,0.006,0.021,0.054,0.045,0.009,0.0,0.0,0.0,0.0,PRAD,0.9526,,0.9615,0.8,0.9462,
TCGA-HC-7077-01A,0.004,0.0,0.003,0.0,0.003,0.0,0.942,0.003,0.008,0.016,0.014,0.007,0.0,0.0,0.0,0.0,PRAD,0.9839,,1.0,0.825,0.9886,
TCGA-EJ-7123-01A,0.005,0.0,0.003,0.0,0.0,0.0,0.882,0.007,0.035,0.03,0.025,0.012,0.0,0.0,0.0,0.0,PRAD,0.9537,,0.9292,0.7,0.9496,
TCGA-YL-A8HM-01A,0.0,0.0,0.004,0.011,0.007,0.0,0.892,0.018,0.01,0.015,0.01,0.03,0.001,0.0,0.0,0.0,PRAD,0.8887,,0.8195,0.8,0.8226,
TCGA-M7-A721-01A,0.01,0.0,0.005,0.001,0.002,0.0,0.838,0.01,0.029,0.046,0.041,0.018,0.001,0.0,0.0,0.0,PRAD,0.9296,,0.9139,0.7,0.9149,
TCGA-V1-A8WL-01A,0.019,0.004,0.013,0.0,0.006,0.0,0.764,0.013,0.042,0.08,0.041,0.014,0.003,0.0,0.0,0.0,PRAD,0.8917,,0.8834,0.75,0.8634,
TCGA-KK-A7AV-01A,0.02,0.007,0.016,0.001,0.008,0.0,0.72,0.02,0.068,0.074,0.031,0.031,0.003,0.001,0.0,0.0,PRAD,0.8241,,0.8442,0.9,0.7717,
TCGA-G9-6370-01A,0.005,0.0,0.007,0.0,0.004,0.0,0.783,0.012,0.036,0.081,0.055,0.012,0.003,0.0,0.0,0.0,PRAD,0.9092,,0.9218,0.39,0.915,
TCGA-EJ-5514-01A,0.009,0.001,0.014,0.0,0.004,0.0,0.734,0.016,0.072,0.077,0.028,0.042,0.001,0.0,0.0,0.0,PRAD,0.848,,0.8428,0.675,0.8041,
TCGA-VP-A87K-01A,0.001,0.0,0.004,0.0,0.004,0.0,0.911,0.008,0.019,0.019,0.026,0.008,0.0,0.0,0.0,0.0,PRAD,0.9714,,1.0,0.8,0.9717,
TCGA-ZG-A9MC-01A,0.003,0.038,0.031,0.001,0.021,0.018,0.498,0.048,0.093,0.129,0.055,0.06,0.001,0.001,0.004,0.0,PRAD,0.6953,,,0.6,0.6494,
TCGA-KC-A7FA-01A,0.014,0.0,0.003,0.0,0.004,0.0,0.838,0.007,0.028,0.032,0.059,0.014,0.001,0.0,0.0,0.0,PRAD,0.9312,,0.9241,0.75,0.917,
TCGA-HC-7736-01A,0.006,0.0,0.011,0.0,0.004,0.0,0.765,0.013,0.077,0.058,0.042,0.022,0.001,0.0,0.0,0.0,PRAD,0.8994,,0.9266,,0.9112,
TCGA-ZG-A9ND-01A,0.002,0.0,0.002,0.0,0.003,0.0,0.915,0.005,0.02,0.02,0.024,0.008,0.001,0.0,0.0,0.0,PRAD,0.9674,,,0.85,0.8341,
TCGA-VN-A88O-01A,0.01,0.0,0.006,0.0,0.004,0.0,0.88,0.005,0.023,0.015,0.041,0.014,0.001,0.0,0.0,0.0,PRAD,0.9399,,0.9352,0.7,0.9289,
TCGA-G9-6494-01A,0.001,0.0,0.005,0.0,0.001,0.0,0.854,0.009,0.026,0.041,0.046,0.013,0.002,0.0,0.0,0.0,PRAD,0.9414,,0.9604,0.625,0.9596,
TCGA-EJ-5515-01A,0.005,0.0,0.004,0.0,0.004,0.0,0.845,0.008,0.023,0.047,0.051,0.009,0.003,0.0,0.0,0.0,PRAD,0.9447,,0.93,0.65,0.9355,
TCGA-V1-A8WW-01A,0.0,0.0,0.006,0.009,0.0,0.0,0.863,0.005,0.022,0.033,0.04,0.02,0.001,0.001,0.0,0.0,PRAD,0.9243,,0.9825,0.7,0.9077,
TCGA-EJ-7218-01B,0.008,0.0,0.005,0.0,0.0,0.0,0.902,0.01,0.012,0.029,0.021,0.013,0.0,0.0,0.0,0.0,PRAD,0.9519,,0.8918,0.9,0.9077,
TCGA-V1-A9OQ-01A,0.022,0.0,0.005,0.0,0.002,0.0,0.824,0.007,0.038,0.052,0.045,0.005,0.001,0.0,0.0,0.0,PRAD,0.9242,,,0.8,0.7601,
TCGA-V1-A8MK-01A,0.012,0.0,0.006,0.0,0.003,0.0,0.768,0.009,0.063,0.067,0.068,0.002,0.002,0.0,0.0,0.0,PRAD,0.9358,,0.8984,0.6,0.9154,
TCGA-EJ-7793-01A,0.0,0.0,0.004,0.0,0.0,0.0,0.875,0.006,0.017,0.049,0.045,0.004,0.0,0.0,0.0,0.0,PRAD,0.9645,,1.0,0.85,0.9622,
TCGA-G9-7510-01A,0.008,0.0,0.005,0.0,0.001,0.0,0.758,0.01,0.056,0.068,0.067,0.026,0.001,0.0,0.0,0.0,PRAD,0.8882,,0.9133,0.625,0.8586,
TCGA-J4-A67R-01A,0.015,0.001,0.009,0.0,0.001,0.0,0.759,0.014,0.035,0.08,0.075,0.01,0.001,0.0,0.0,0.0,PRAD,0.8801,,0.8851,0.6,0.8477,
TCGA-J4-A83L-01A,0.006,0.0,0.004,0.0,0.002,0.0,0.791,0.005,0.049,0.071,0.061,0.007,0.004,0.0,0.0,0.0,PRAD,0.9355,,0.9677,0.6,0.9229,
TCGA-H9-A6BX-01A,0.009,0.001,0.016,0.001,0.002,0.0,0.49,0.029,0.087,0.204,0.129,0.027,0.006,0.001,0.0,0.0,PRAD,0.842,,0.889,0.6,0.836,
TCGA-CH-5790-01A,0.004,0.0,0.004,0.0,0.001,0.0,0.91,0.006,0.009,0.034,0.019,0.012,0.0,0.0,0.0,0.0,PRAD,0.9547,,0.998,0.8,0.949,
TCGA-HC-8259-01A,0.002,0.0,0.003,0.0,0.001,0.0,0.898,0.006,0.01,0.029,0.045,0.005,0.0,0.0,0.0,0.0,PRAD,0.978,,1.0,0.9,0.9903,
TCGA-ZG-A9L6-01A,0.008,0.0,0.006,0.0,0.003,0.0,0.585,0.012,0.123,0.132,0.091,0.033,0.005,0.0,0.0,0.0,PRAD,0.8492,,,0.8,0.7985,
TCGA-VN-A88Q-01A,0.0,0.0,0.004,0.0,0.0,0.0,0.861,0.004,0.029,0.057,0.032,0.011,0.001,0.0,0.0,0.0,PRAD,0.9694,,0.914,0.8,0.9337,
TCGA-KC-A4BN-01A,0.006,0.0,0.005,0.0,0.002,0.0,0.907,0.004,0.015,0.021,0.037,0.003,0.0,0.0,0.0,0.0,PRAD,0.9786,,0.9895,0.7,0.9907,
TCGA-J9-A52D-01A,0.001,0.0,0.002,0.0,0.001,0.0,0.972,0.002,0.003,0.013,0.001,0.005,0.0,0.0,0.0,0.0,PRAD,0.9906,,1.0,0.95,0.9978,
TCGA-HC-7209-01A,0.005,0.0,0.004,0.001,0.004,0.0,0.871,0.005,0.019,0.05,0.024,0.016,0.001,0.0,0.0,0.0,PRAD,0.9397,,0.9562,0.9,0.9286,
TCGA-CH-5750-01A,0.013,0.017,0.008,0.003,0.01,0.0,0.828,0.009,0.035,0.041,0.018,0.017,0.001,0.0,0.0,0.0,PRAD,0.9039,,0.9811,0.8,0.88,
TCGA-G9-6356-01A,0.009,0.0,0.009,0.001,0.007,0.0,0.727,0.018,0.062,0.102,0.039,0.025,0.002,0.001,0.0,0.0,PRAD,0.8735,,0.9223,0.6,0.8387,
TCGA-ZG-A9KY-01A,0.0,0.011,0.008,0.04,0.006,0.0,0.764,0.015,0.066,0.015,0.048,0.025,0.001,0.001,0.0,0.0,PRAD,0.8812,,,0.8,0.7309,
TCGA-HC-7078-01A,0.01,0.0,0.005,0.0,0.002,0.0,0.825,0.007,0.049,0.035,0.041,0.024,0.001,0.0,0.0,0.0,PRAD,0.9087,,0.9816,0.85,0.9433,
TCGA-V1-A9ZI-01A,0.007,0.0,0.002,0.001,0.002,0.0,0.761,0.008,0.038,0.079,0.055,0.045,0.001,0.002,0.0,0.0,PRAD,0.8562,,,0.9,0.7139,
TCGA-HC-7211-01A,0.002,0.0,0.006,0.0,0.001,0.0,0.87,0.008,0.035,0.025,0.035,0.015,0.001,0.0,0.0,0.0,PRAD,0.9287,,0.9022,0.95,0.9137,
TCGA-HC-7232-01A,0.0,0.0,0.005,0.0,0.002,0.0,0.794,0.005,0.072,0.045,0.058,0.017,0.001,0.0,0.0,0.0,PRAD,0.9371,,0.9599,,0.9564,
TCGA-EJ-A7NJ-01A,0.011,0.001,0.011,0.001,0.007,0.0,0.883,0.01,0.009,0.03,0.024,0.013,0.001,0.001,0.0,0.0,PRAD,0.9433,,0.93,0.6,0.9335,
TCGA-2A-AAYF-01A,0.005,0.0,0.003,0.0,0.001,0.0,0.899,0.004,0.019,0.033,0.028,0.008,0.001,0.0,0.0,0.0,PRAD,0.9646,,,0.7,0.8322,
TCGA-KK-A8I7-01A,0.008,0.0,0.005,0.001,0.001,0.0,0.689,0.017,0.112,0.054,0.084,0.027,0.002,0.001,0.0,0.0,PRAD,0.8643,,0.8539,0.7,0.8263,
TCGA-KK-A7B1-01A,0.005,0.0,0.003,0.0,0.0,0.0,0.72,0.008,0.081,0.1,0.071,0.01,0.002,0.0,0.0,0.0,PRAD,0.9039,,0.929,0.8,0.88,
TCGA-HC-A6HY-01A,0.001,0.0,0.003,0.001,0.003,0.0,0.907,0.005,0.012,0.033,0.027,0.007,0.001,0.0,0.0,0.0,PRAD,0.9715,,1.0,0.8,0.9718,
TCGA-V1-A9O7-01A,0.007,0.001,0.007,0.001,0.01,0.0,0.613,0.014,0.085,0.086,0.145,0.021,0.009,0.001,0.0,0.0,PRAD,0.8564,,,0.9,0.8034,
TCGA-XJ-A83H-01A,0.006,0.0,0.003,0.001,0.003,0.0,0.907,0.007,0.024,0.006,0.03,0.012,0.001,0.0,0.0,0.0,PRAD,0.959,,0.9645,0.75,0.9548,
TCGA-HC-A8D1-01A,0.01,0.0,0.005,0.001,0.005,0.0,0.771,0.011,0.044,0.083,0.049,0.018,0.001,0.0,0.0,0.0,PRAD,0.8967,,0.8558,0.7,0.8653,
TCGA-KK-A6E6-01A,0.009,0.0,0.008,0.001,0.004,0.0,0.768,0.009,0.047,0.087,0.048,0.017,0.001,0.0,0.0,0.0,PRAD,0.9016,,0.9571,0.8,0.8769,
TCGA-YL-A9WY-01A,0.012,0.002,0.014,0.007,0.012,0.0,0.598,0.034,0.059,0.126,0.061,0.073,0.002,0.001,0.0,0.0,PRAD,0.7585,,,0.6,0.6476,
TCGA-VN-A88N-01A,0.002,0.0,0.003,0.0,0.001,0.0,0.909,0.006,0.028,0.009,0.029,0.012,0.0,0.0,0.0,0.0,PRAD,0.9699,,0.9348,0.8,0.9582,
TCGA-YL-A9WK-01A,0.003,0.001,0.005,0.0,0.007,0.0,0.681,0.01,0.079,0.083,0.114,0.016,0.001,0.0,0.0,0.0,PRAD,0.8583,,0.8762,0.9,0.818,
TCGA-2A-A8VL-01A,0.008,0.0,0.003,0.0,0.001,0.0,0.86,0.005,0.022,0.046,0.049,0.003,0.001,0.0,0.0,0.0,PRAD,0.9675,,0.9685,0.65,0.9663,
TCGA-V1-A9Z7-01A,0.008,0.0,0.004,0.0,0.004,0.0,0.72,0.011,0.042,0.126,0.058,0.025,0.001,0.001,0.0,0.0,PRAD,0.8393,,,0.75,0.8141,
TCGA-VP-AA1N-01A,0.01,0.0,0.007,0.001,0.004,0.0,0.778,0.01,0.029,0.056,0.055,0.048,0.001,0.0,0.0,0.0,PRAD,0.8816,,,0.75,0.8428,
TCGA-4L-AA1F-01A,0.006,0.011,0.014,0.007,0.002,0.0,0.265,0.018,0.101,0.413,0.059,0.103,0.001,0.0,0.0,0.0,PRAD,0.537,,,0.6,0.4972,
TCGA-EJ-5526-01A,0.01,0.0,0.007,0.001,0.002,0.0,0.774,0.011,0.05,0.085,0.036,0.02,0.004,0.0,0.0,0.0,PRAD,0.8813,,0.9668,0.825,0.8493,
TCGA-G9-6333-01A,0.007,0.0,0.005,0.0,0.004,0.0,0.815,0.01,0.032,0.049,0.052,0.024,0.001,0.0,0.0,0.0,PRAD,0.912,,0.9566,,0.891,
TCGA-CH-5762-01A,0.011,0.009,0.013,0.0,0.011,0.0,0.727,0.021,0.054,0.09,0.044,0.017,0.003,0.0,0.0,0.0,PRAD,0.8795,,0.822,0.7,0.836,
TCGA-G9-A9S7-01A,0.005,0.0,0.005,0.001,0.001,0.0,0.918,0.009,0.009,0.023,0.023,0.006,0.0,0.0,0.0,0.0,PRAD,0.9727,,,0.85,0.525,
TCGA-J4-AAU2-01A,0.01,0.0,0.005,0.0,0.001,0.0,0.869,0.004,0.028,0.047,0.031,0.004,0.0,0.0,0.0,0.0,PRAD,0.9446,,,0.8,0.8186,
TCGA-EJ-AB20-01A,0.004,0.001,0.012,0.001,0.013,0.0,0.376,0.02,0.085,0.304,0.162,0.012,0.01,0.001,0.0,0.0,PRAD,0.8126,,,0.7,0.729,
TCGA-EJ-A8FO-01A,0.01,0.0,0.005,0.0,0.0,0.0,0.825,0.007,0.032,0.057,0.053,0.01,0.001,0.0,0.0,0.0,PRAD,0.9564,,0.9257,0.7,0.9475,
TCGA-HI-7168-01A,0.0,0.0,0.003,0.0,0.0,0.0,0.648,0.01,0.067,0.139,0.12,0.011,0.001,0.0,0.0,0.0,PRAD,0.9084,,0.929,0.6,0.9187,
TCGA-EJ-7785-01A,0.011,0.002,0.008,0.003,0.004,0.0,0.666,0.015,0.085,0.113,0.061,0.024,0.005,0.001,0.0,0.0,PRAD,0.8593,,0.8743,0.55,0.8194,
TCGA-J4-A67M-01A,0.014,0.0,0.008,0.0,0.003,0.0,0.725,0.021,0.044,0.104,0.055,0.023,0.002,0.001,0.0,0.0,PRAD,0.8337,,0.8932,0.85,0.847,
TCGA-CH-5753-01A,0.0,0.002,0.009,0.002,0.005,0.0,0.891,0.008,0.022,0.024,0.016,0.018,0.001,0.0,0.0,0.0,PRAD,0.9442,,0.9833,0.55,0.9347,
TCGA-KC-A7F5-01A,0.0,0.0,0.003,0.001,0.0,0.0,0.968,0.005,0.006,0.006,0.01,0.0,0.0,0.0,0.0,0.0,PRAD,0.9911,,0.9954,0.75,0.9984,
TCGA-HC-A9TH-01A,0.0,0.0,0.012,0.002,0.002,0.0,0.818,0.016,0.026,0.067,0.028,0.027,0.001,0.0,0.0,0.0,PRAD,0.8803,,,0.8,0.4622,
TCGA-HC-A6AL-01A,0.01,0.0,0.006,0.0,0.0,0.0,0.83,0.011,0.025,0.044,0.046,0.026,0.001,0.0,0.0,0.0,PRAD,0.9007,,0.8756,0.85,0.8821,
TCGA-2A-AAYU-01A,0.0,0.0,0.006,0.0,0.001,0.0,0.871,0.006,0.021,0.031,0.058,0.005,0.001,0.0,0.0,0.0,PRAD,0.9661,,,0.8,0.8332,
TCGA-YL-A8S8-01A,0.009,0.0,0.003,0.002,0.002,0.0,0.82,0.005,0.046,0.056,0.044,0.01,0.001,0.0,0.0,0.0,PRAD,0.9212,,0.9595,0.8,0.9035,
TCGA-KK-A6E1-01A,0.0,0.0,0.003,0.003,0.0,0.0,0.926,0.006,0.013,0.011,0.026,0.012,0.0,0.0,0.0,0.0,PRAD,0.9655,,0.9129,0.7,0.9637,
TCGA-TK-A8OK-01A,0.004,0.0,0.001,0.0,0.0,0.0,0.411,0.014,0.118,0.21,0.206,0.029,0.007,0.0,0.0,0.0,PRAD,0.8023,,0.8884,0.6,0.742,
TCGA-EJ-8472-01A,0.0,0.0,0.004,0.001,0.0,0.0,0.862,0.007,0.018,0.052,0.04,0.014,0.001,0.0,0.0,0.0,PRAD,0.9547,,1.0,0.9,0.949,
TCGA-HC-7742-01A,0.002,0.0,0.004,0.0,0.0,0.0,0.803,0.007,0.034,0.048,0.086,0.014,0.001,0.0,0.0,0.0,PRAD,0.9373,,0.936,0.6,0.9425,
TCGA-FC-A8O0-01A,0.0,0.0,0.004,0.0,0.0,0.0,0.876,0.006,0.018,0.034,0.056,0.002,0.004,0.0,0.0,0.0,PRAD,0.9686,,1.0,0.9,0.9678,
TCGA-EJ-5508-01A,0.008,0.001,0.009,0.0,0.007,0.0,0.765,0.015,0.074,0.062,0.037,0.019,0.002,0.0,0.0,0.0,PRAD,0.8825,,0.9029,0.65,0.8509,
TCGA-HC-7749-01A,0.007,0.0,0.006,0.0,0.002,0.0,0.845,0.006,0.026,0.047,0.031,0.025,0.003,0.0,0.0,0.0,PRAD,0.9089,,0.9622,0.7,0.8869,
TCGA-V1-A9OT-01A,0.009,0.0,0.003,0.0,0.003,0.0,0.865,0.007,0.009,0.059,0.043,0.001,0.0,0.0,0.0,0.0,PRAD,0.9301,,,0.6,0.4961,
TCGA-CH-5741-01A,0.001,0.0,0.002,0.0,0.001,0.0,0.904,0.004,0.021,0.029,0.028,0.008,0.001,0.0,0.0,0.0,PRAD,0.9783,,0.9999,0.875,0.981,
TCGA-KK-A8IC-01A,0.001,0.0,0.009,0.0,0.0,0.0,0.692,0.015,0.074,0.122,0.065,0.021,0.001,0.0,0.0,0.0,PRAD,0.8735,,0.8704,0.6,0.8387,
TCGA-YL-A9WH-01A,0.0,0.0,0.004,0.001,0.0,0.0,0.903,0.006,0.014,0.046,0.012,0.014,0.0,0.0,0.0,0.0,PRAD,0.9499,,1.0,0.6,0.9425,
TCGA-ZG-A9L5-01A,0.006,0.0,0.004,0.0,0.003,0.0,0.888,0.003,0.013,0.039,0.032,0.01,0.001,0.0,0.0,0.0,PRAD,0.9499,,,0.8,0.8669,
TCGA-CH-5768-01A,0.001,0.0,0.004,0.001,0.0,0.0,0.921,0.005,0.009,0.025,0.019,0.014,0.0,0.0,0.0,0.0,PRAD,0.9636,,0.9927,0.55,0.9611,
TCGA-KC-A4BL-01A,0.009,0.003,0.007,0.0,0.007,0.0,0.729,0.016,0.078,0.08,0.051,0.016,0.003,0.001,0.0,0.0,PRAD,0.9027,,0.8879,0.6,0.8783,
TCGA-J4-A67K-01A,0.012,0.0,0.005,0.0,0.004,0.0,0.883,0.012,0.007,0.041,0.022,0.013,0.0,0.0,0.0,0.0,PRAD,0.9092,,0.9428,0.65,0.9274,
TCGA-G9-7525-01A,0.0,0.0,0.003,0.0,0.0,0.0,0.818,0.003,0.014,0.097,0.049,0.014,0.0,0.0,0.0,0.0,PRAD,0.918,,0.9955,0.7,0.8991,
TCGA-G9-6371-01A,0.007,0.0,0.004,0.0,0.001,0.0,0.885,0.006,0.022,0.039,0.027,0.007,0.001,0.0,0.0,0.0,PRAD,0.967,,0.956,0.475,0.9656,
TCGA-HC-A76W-01A,0.01,0.0,0.003,0.0,0.002,0.0,0.734,0.011,0.046,0.123,0.05,0.019,0.001,0.0,0.0,0.0,PRAD,0.8852,,0.9695,0.7,0.8546,
TCGA-EJ-A65G-01A,0.01,0.0,0.003,0.0,0.0,0.0,0.902,0.003,0.012,0.031,0.034,0.003,0.001,0.0,0.0,0.0,PRAD,0.9719,,1.0,0.95,0.9723,
TCGA-ZG-A9LS-01A,0.011,0.013,0.019,0.0,0.014,0.007,0.518,0.029,0.081,0.197,0.074,0.033,0.001,0.0,0.001,0.0,PRAD,0.7383,,,0.65,0.7232,
TCGA-XJ-A9DK-01A,0.001,0.003,0.006,0.002,0.004,0.0,0.815,0.011,0.025,0.072,0.045,0.013,0.002,0.0,0.0,0.0,PRAD,0.9308,,0.908,0.6,0.9165,
TCGA-G9-6329-01A,0.009,0.0,0.006,0.0,0.002,0.0,0.769,0.016,0.038,0.077,0.073,0.008,0.002,0.0,0.0,0.0,PRAD,0.9018,,0.9439,0.39,0.8771,
TCGA-J9-A8CN-01A,0.005,0.0,0.002,0.0,0.001,0.0,0.901,0.003,0.031,0.017,0.036,0.003,0.0,0.0,0.0,0.0,PRAD,0.9413,,0.9831,0.9,0.9308,
TCGA-V1-A9ZK-01A,0.001,0.0,0.005,0.0,0.002,0.0,0.843,0.011,0.04,0.041,0.041,0.015,0.0,0.0,0.0,0.0,PRAD,0.934,,,0.9,0.4987,
TCGA-EJ-5542-01A,0.009,0.001,0.01,0.001,0.001,0.0,0.8,0.012,0.041,0.08,0.032,0.012,0.001,0.0,0.0,0.0,PRAD,0.9101,,0.9358,0.825,0.8884,
TCGA-V1-A8WS-01A,0.0,0.0,0.004,0.0,0.003,0.0,0.921,0.004,0.011,0.024,0.03,0.003,0.0,0.0,0.0,0.0,PRAD,0.9726,,0.9808,0.7,0.9733,
TCGA-KK-A8IH-01A,0.013,0.01,0.009,0.0,0.001,0.0,0.855,0.01,0.021,0.032,0.03,0.017,0.001,0.0,0.0,0.0,PRAD,0.9326,,0.9001,0.6,0.9174,
TCGA-VP-A87B-01A,0.007,0.0,0.002,0.0,0.002,0.0,0.918,0.006,0.015,0.031,0.003,0.016,0.0,0.0,0.0,0.0,PRAD,0.9394,,1.0,0.95,0.9282,
TCGA-EJ-5494-01A,0.009,0.0,0.005,0.0,0.006,0.0,0.794,0.013,0.062,0.051,0.038,0.018,0.003,0.0,0.0,0.0,PRAD,0.9123,,0.9309,0.85,0.8914,
TCGA-EJ-5502-01A,0.008,0.001,0.013,0.0,0.005,0.001,0.718,0.013,0.065,0.097,0.046,0.025,0.002,0.003,0.001,0.002,PRAD,0.887,,0.8658,0.525,0.8571,
TCGA-KC-A7FD-01A,0.006,0.0,0.003,0.0,0.001,0.0,0.937,0.004,0.014,0.013,0.017,0.004,0.0,0.0,0.0,0.0,PRAD,0.9829,,1.0,0.7,0.9872,
TCGA-VN-A943-01A,0.0,0.0,0.0,0.0,0.002,0.0,0.97,0.002,0.007,0.0,0.017,0.0,0.0,0.0,0.0,0.0,PRAD,0.9975,,,0.77,0.5383,
TCGA-YL-A8SO-01B,0.007,0.0,0.003,0.0,0.001,0.0,0.85,0.006,0.026,0.059,0.031,0.016,0.0,0.0,0.0,0.0,PRAD,0.9242,,0.9199,0.6,0.9075,
TCGA-CH-5761-01A,0.0,0.0,0.003,0.0,0.002,0.0,0.83,0.004,0.04,0.041,0.061,0.017,0.001,0.0,0.0,0.0,PRAD,0.9164,,0.9085,0.825,0.8969,
TCGA-X4-A8KQ-01A,0.003,0.0,0.004,0.0,0.0,0.0,0.754,0.012,0.044,0.11,0.055,0.016,0.001,0.0,0.0,0.0,PRAD,0.883,,0.9244,0.6,0.8516,
TCGA-HC-7210-01A,0.01,0.0,0.006,0.0,0.006,0.0,0.684,0.013,0.078,0.104,0.064,0.034,0.001,0.0,0.0,0.0,PRAD,0.8424,,0.8194,0.6,0.8096,
TCGA-HC-A6AQ-01A,0.005,0.0,0.004,0.0,0.002,0.0,0.886,0.006,0.015,0.039,0.032,0.009,0.001,0.001,0.0,0.0,PRAD,0.954,,1.0,0.8,0.974,
TCGA-M7-A725-01A,0.0,0.0,0.006,0.0,0.0,0.0,0.911,0.006,0.012,0.027,0.021,0.016,0.0,0.0,0.0,0.0,PRAD,0.9658,,0.9757,0.8,0.964,
TCGA-ZG-A9LU-01A,0.0,0.0,0.005,0.003,0.001,0.0,0.84,0.023,0.016,0.037,0.046,0.026,0.0,0.002,0.0,0.0,PRAD,0.9117,,,0.7,0.8945,
TCGA-KK-A6E7-01A,0.0,0.0,0.002,0.0,0.001,0.0,0.907,0.001,0.023,0.013,0.031,0.021,0.001,0.0,0.0,0.0,PRAD,0.9629,,0.9663,0.6,0.9601,
TCGA-KK-A8IJ-01A,0.005,0.0,0.003,0.0,0.001,0.0,0.871,0.005,0.052,0.008,0.039,0.014,0.002,0.0,0.0,0.0,PRAD,0.9597,,0.917,0.9,0.9372,
TCGA-EJ-7331-01A,0.007,0.001,0.008,0.0,0.003,0.0,0.741,0.011,0.066,0.084,0.054,0.017,0.005,0.0,0.0,0.0,PRAD,0.8681,,0.8932,0.675,0.8314,
TCGA-EJ-7783-01A,0.007,0.003,0.008,0.0,0.006,0.0,0.758,0.01,0.074,0.063,0.055,0.01,0.005,0.0,0.0,0.0,PRAD,0.9201,,0.9189,0.425,0.9207,
TCGA-J4-A67S-01A,0.013,0.0,0.007,0.001,0.004,0.0,0.876,0.01,0.02,0.017,0.039,0.013,0.001,0.0,0.0,0.0,PRAD,0.9423,,0.9629,0.7,0.9322,
TCGA-V1-A9OL-01A,0.001,0.0,0.006,0.003,0.007,0.0,0.834,0.013,0.033,0.04,0.042,0.02,0.001,0.0,0.0,0.0,PRAD,0.9084,,,0.7,0.4813,
TCGA-HC-7745-01A,0.011,0.0,0.008,0.0,0.009,0.0,0.681,0.023,0.063,0.129,0.054,0.019,0.002,0.001,0.0,0.0,PRAD,0.8336,,0.9253,0.7,0.8658,
TCGA-MG-AAMC-01A,0.0,0.0,0.002,0.0,0.0,0.0,0.955,0.003,0.006,0.004,0.023,0.007,0.0,0.0,0.0,0.0,PRAD,0.9759,,,0.6,0.5271,
TCGA-G9-6348-01A,0.003,0.0,0.005,0.0,0.007,0.0,0.764,0.012,0.071,0.074,0.048,0.014,0.001,0.0,0.0,0.0,PRAD,0.8832,,0.923,0.8,0.8981,
TCGA-G9-6338-01A,0.007,0.0,0.003,0.0,0.003,0.0,0.728,0.005,0.035,0.035,0.162,0.017,0.001,0.004,0.0,0.0,PRAD,0.9109,,0.9893,0.7,0.9447,
TCGA-EJ-7791-01A,0.008,0.0,0.009,0.0,0.004,0.0,0.686,0.01,0.077,0.132,0.052,0.018,0.005,0.0,0.0,0.0,PRAD,0.8635,,0.8997,0.9,0.836,
TCGA-M7-A71Y-01A,0.003,0.0,0.006,0.0,0.002,0.0,0.809,0.011,0.017,0.102,0.037,0.01,0.001,0.0,0.0,0.0,PRAD,0.9374,,0.9517,0.6,0.9255,
TCGA-XQ-A8TB-01A,0.005,0.0,0.004,0.002,0.002,0.0,0.772,0.006,0.032,0.103,0.061,0.012,0.001,0.0,0.0,0.0,PRAD,0.9055,,0.9506,0.6,0.8821,
TCGA-HC-7740-01A,0.006,0.0,0.006,0.0,0.006,0.0,0.728,0.01,0.071,0.085,0.067,0.017,0.003,0.0,0.0,0.0,PRAD,0.888,,0.9566,,0.8584,
TCGA-VN-A88P-01A,0.012,0.0,0.005,0.0,0.004,0.0,0.786,0.005,0.045,0.074,0.056,0.009,0.003,0.0,0.0,0.0,PRAD,0.9091,,0.9365,0.85,0.887,
TCGA-EJ-A65J-01A,0.0,0.0,0.005,0.001,0.0,0.0,0.89,0.006,0.017,0.031,0.024,0.026,0.001,0.0,0.0,0.0,PRAD,0.9301,,0.9743,0.8,0.9156,
TCGA-EJ-8474-01A,0.009,0.0,0.004,0.0,0.0,0.0,0.815,0.009,0.036,0.063,0.048,0.014,0.001,0.0,0.0,0.0,PRAD,0.9175,,0.9879,0.725,0.9493,
TCGA-KK-A8IF-01A,0.001,0.001,0.001,0.0,0.0,0.0,0.96,0.003,0.009,0.013,0.005,0.006,0.0,0.0,0.0,0.0,PRAD,0.9632,,1.0,0.85,0.9606,
TCGA-G9-6339-01A,0.002,0.0,0.005,0.0,0.004,0.0,0.896,0.008,0.013,0.029,0.035,0.006,0.0,0.0,0.0,0.0,PRAD,0.9563,,0.9621,0.6,0.9707,
TCGA-HC-7081-01A,0.003,0.0,0.006,0.0,0.003,0.0,0.606,0.015,0.098,0.148,0.067,0.051,0.002,0.0,0.0,0.0,PRAD,0.7666,,0.892,0.6,0.8007,
TCGA-XJ-A9DX-01A,0.0,0.0,0.001,0.0,0.002,0.0,0.894,0.006,0.032,0.012,0.038,0.013,0.0,0.0,0.0,0.0,PRAD,0.9443,,0.9906,0.9,0.9348,
TCGA-YL-A8SQ-01B,0.004,0.006,0.004,0.001,0.004,0.0,0.781,0.009,0.061,0.07,0.045,0.012,0.003,0.0,0.0,0.0,PRAD,0.9166,,0.9644,0.7,0.9253,
TCGA-V1-A8X3-01A,0.01,0.0,0.006,0.0,0.002,0.0,0.763,0.009,0.025,0.127,0.045,0.01,0.002,0.0,0.0,0.0,PRAD,0.9293,,0.9158,0.75,0.9145,
TCGA-J4-A83N-01A,0.008,0.0,0.004,0.0,0.0,0.0,0.896,0.006,0.014,0.027,0.036,0.008,0.0,0.0,0.0,0.0,PRAD,0.9668,,0.9859,0.9,0.9654,
TCGA-XA-A8JR-01A,0.008,0.0,0.005,0.0,0.0,0.0,0.827,0.005,0.01,0.062,0.068,0.012,0.003,0.0,0.0,0.0,PRAD,0.9325,,0.8771,0.6,0.8903,
TCGA-EJ-7315-01A,0.014,0.019,0.022,0.001,0.008,0.0,0.689,0.017,0.053,0.1,0.045,0.031,0.001,0.0,0.0,0.0,PRAD,0.7851,,0.8118,0.75,0.7661,
TCGA-M7-A724-01A,0.0,0.0,0.0,0.0,0.0,0.0,0.97,0.0,0.01,0.0,0.018,0.001,0.0,0.0,0.0,0.0,PRAD,0.9937,,1.0,0.9,1.0,
TCGA-EJ-A65M-01A,0.01,0.0,0.005,0.001,0.003,0.0,0.86,0.011,0.014,0.042,0.031,0.021,0.001,0.0,0.0,0.0,PRAD,0.9161,,0.9633,0.65,0.8966,
TCGA-G9-7519-01A,0.007,0.0,0.003,0.0,0.0,0.0,0.818,0.005,0.012,0.057,0.08,0.016,0.001,0.0,0.0,0.0,PRAD,0.9374,,0.9151,0.8,0.9303,
TCGA-EJ-A7NH-01A,0.011,0.0,0.004,0.0,0.003,0.0,0.788,0.008,0.05,0.074,0.048,0.01,0.003,0.0,0.0,0.0,PRAD,0.9407,,0.9715,0.75,0.93,
TCGA-J4-A83I-01A,0.01,0.001,0.011,0.005,0.001,0.0,0.827,0.012,0.02,0.059,0.041,0.014,0.001,0.0,0.0,0.0,PRAD,0.9165,,0.9134,0.7,0.8972,
TCGA-EJ-A6RA-01A,0.009,0.0,0.005,0.0,0.003,0.0,0.842,0.009,0.036,0.037,0.042,0.013,0.001,0.001,0.0,0.0,PRAD,0.9445,,0.9747,0.8,0.9351,
TCGA-HC-8257-01A,0.008,0.0,0.005,0.0,0.01,0.0,0.868,0.006,0.024,0.05,0.02,0.008,0.001,0.0,0.0,0.0,PRAD,0.9313,,1.0,0.8,0.9172,
TCGA-VP-A87C-01A,0.011,0.038,0.045,0.002,0.04,0.002,0.488,0.059,0.081,0.14,0.034,0.056,0.003,0.001,0.001,0.0,PRAD,0.6393,,0.6542,0.65,0.6284,
TCGA-CH-5744-01A,0.006,0.0,0.005,0.0,0.002,0.0,0.844,0.01,0.047,0.02,0.046,0.019,0.001,0.0,0.0,0.0,PRAD,0.9405,,0.8929,0.675,0.909,
TCGA-V1-A8WV-01A,0.013,0.004,0.005,0.004,0.008,0.0,0.767,0.02,0.047,0.065,0.042,0.021,0.001,0.0,0.0,0.0,PRAD,0.8863,,0.8356,0.85,0.8415,
TCGA-VP-A872-01A,0.019,0.004,0.009,0.0,0.001,0.0,0.723,0.02,0.038,0.121,0.047,0.017,0.001,0.0,0.0,0.0,PRAD,0.8567,,0.8385,0.7,0.816,
TCGA-J4-AATV-01A,0.002,0.001,0.009,0.0,0.001,0.0,0.717,0.022,0.074,0.076,0.079,0.016,0.002,0.0,0.0,0.0,PRAD,0.8891,,,0.8,0.7362,
TCGA-V1-A8MF-01A,0.02,0.0,0.003,0.0,0.005,0.0,0.794,0.012,0.047,0.051,0.046,0.017,0.005,0.0,0.0,0.0,PRAD,0.8618,,0.8916,0.9,0.8806,
TCGA-V1-A9Z9-01A,0.004,0.0,0.004,0.0,0.001,0.0,0.807,0.008,0.039,0.058,0.057,0.02,0.001,0.0,0.0,0.0,PRAD,0.9145,,,0.8,0.8428,
TCGA-KK-A8I6-01A,0.011,0.0,0.007,0.0,0.001,0.0,0.877,0.009,0.021,0.028,0.032,0.014,0.001,0.0,0.0,0.0,PRAD,0.9541,,0.9171,0.7,0.9373,
TCGA-M7-A723-01A,0.001,0.0,0.005,0.002,0.005,0.0,0.704,0.029,0.033,0.093,0.096,0.031,0.001,0.0,0.0,0.0,PRAD,0.8231,,0.9244,0.7,0.7703,
TCGA-EJ-5509-01A,0.01,0.003,0.011,0.0,0.004,0.0,0.772,0.016,0.041,0.065,0.037,0.04,0.001,0.001,0.0,0.0,PRAD,0.86,,0.8614,0.775,0.8204,
TCGA-KC-A7F3-01A,0.007,0.0,0.003,0.0,0.002,0.0,0.876,0.008,0.018,0.037,0.04,0.008,0.0,0.0,0.0,0.0,PRAD,0.9534,,0.8907,0.6,0.9064,
TCGA-CH-5737-01A,0.007,0.0,0.004,0.0,0.0,0.0,0.913,0.005,0.03,0.008,0.021,0.011,0.0,0.0,0.0,0.0,PRAD,0.9737,,0.937,0.95,0.9607,
TCGA-G9-6377-01A,0.009,0.0,0.007,0.001,0.002,0.0,0.864,0.008,0.017,0.055,0.027,0.01,0.001,0.0,0.0,0.0,PRAD,0.9237,,0.9587,0.85,0.9466,
TCGA-EJ-AB27-01A,0.01,0.008,0.02,0.0,0.003,0.0,0.824,0.011,0.023,0.035,0.054,0.009,0.002,0.0,0.0,0.0,PRAD,0.9241,,,0.9,0.8047,
TCGA-EJ-7782-01A,0.003,0.0,0.007,0.0,0.002,0.0,0.821,0.013,0.057,0.038,0.041,0.017,0.001,0.0,0.0,0.0,PRAD,0.9227,,0.873,0.75,0.8856,
TCGA-EJ-5496-01A,0.002,0.0,0.005,0.0,0.004,0.0,0.905,0.006,0.013,0.029,0.028,0.007,0.001,0.0,0.0,0.0,PRAD,0.9722,,0.9547,0.575,0.9728,
TCGA-EJ-A46G-01A,0.004,0.0,0.003,0.004,0.002,0.0,0.778,0.009,0.054,0.082,0.043,0.02,0.001,0.0,0.0,0.0,PRAD,0.9035,,0.9913,1.0,0.8794,
TCGA-EJ-A8FS-01A,0.002,0.0,0.002,0.0,0.001,0.0,0.949,0.004,0.006,0.009,0.017,0.009,0.0,0.0,0.0,0.0,PRAD,0.9821,,0.9964,0.6,0.9861,
TCGA-CH-5766-01A,0.01,0.005,0.009,0.003,0.008,0.0,0.863,0.009,0.024,0.022,0.031,0.016,0.001,0.0,0.0,0.0,PRAD,0.9374,,0.8141,0.8,0.8163,
TCGA-CH-5792-01A,0.006,0.004,0.014,0.0,0.004,0.0,0.651,0.022,0.086,0.105,0.058,0.049,0.001,0.001,0.0,0.0,PRAD,0.8023,,0.8511,0.6,0.8599,
TCGA-CH-5743-01A,0.006,0.001,0.013,0.002,0.015,0.0,0.759,0.034,0.027,0.065,0.045,0.029,0.002,0.001,0.0,0.0,PRAD,0.8728,,0.8708,0.6,0.8829,
TCGA-ZG-A9L4-01A,0.0,0.0,0.005,0.0,0.004,0.0,0.668,0.011,0.088,0.133,0.076,0.013,0.001,0.0,0.0,0.0,PRAD,0.8643,,,0.6,0.7641,
TCGA-H9-7775-01A,0.0,0.0,0.003,0.0,0.001,0.0,0.785,0.007,0.043,0.101,0.043,0.016,0.001,0.0,0.0,0.0,PRAD,0.9333,,1.0,0.75,0.9199,
TCGA-J4-8200-01A,0.009,0.0,0.006,0.0,0.003,0.0,0.785,0.005,0.037,0.051,0.081,0.02,0.002,0.0,0.0,0.0,PRAD,0.9212,,0.9318,0.6,0.9034,
TCGA-EJ-5497-01A,0.012,0.0,0.009,0.0,0.004,0.0,0.791,0.009,0.051,0.07,0.041,0.01,0.002,0.0,0.0,0.0,PRAD,0.9116,,0.8895,0.7,0.8904,
TCGA-VP-A87E-01A,0.016,0.001,0.013,0.0,0.013,0.0,0.622,0.015,0.088,0.102,0.088,0.035,0.003,0.003,0.001,0.0,PRAD,0.8177,,0.7652,0.6,0.7588,
TCGA-HC-8258-01A,0.01,0.0,0.006,0.0,0.003,0.0,0.861,0.009,0.03,0.033,0.034,0.013,0.001,0.0,0.0,0.0,PRAD,0.9438,,0.9167,0.9,0.9342,
TCGA-G9-6336-01A,0.001,0.0,0.004,0.0,0.0,0.0,0.868,0.009,0.014,0.057,0.034,0.01,0.001,0.0,0.0,0.0,PRAD,0.9507,,0.9866,0.7,0.9436,
TCGA-G9-6362-01A,0.0,0.0,0.002,0.0,0.0,0.0,0.846,0.004,0.021,0.067,0.059,0.001,0.0,0.0,0.0,0.0,PRAD,0.9288,,0.9952,0.775,0.9138,
TCGA-XK-AAIR-01A,0.008,0.0,0.008,0.0,0.003,0.0,0.829,0.015,0.032,0.048,0.038,0.015,0.002,0.001,0.0,0.0,PRAD,0.9096,,,0.7,0.4821,
TCGA-V1-A8ML-01A,0.013,0.0,0.003,0.0,0.002,0.0,0.821,0.004,0.022,0.064,0.06,0.009,0.001,0.0,0.0,0.0,PRAD,0.9346,,0.9535,0.7,0.9216,
TCGA-KK-A8IB-01A,0.008,0.0,0.007,0.001,0.001,0.0,0.818,0.013,0.024,0.068,0.04,0.019,0.001,0.0,0.0,0.0,PRAD,0.8751,,0.7572,0.6,0.7494,
TCGA-J4-A67N-01A,0.002,0.0,0.004,0.002,0.003,0.0,0.878,0.01,0.018,0.019,0.034,0.029,0.001,0.0,0.0,0.0,PRAD,0.9285,,0.971,0.8,0.9134,
TCGA-EJ-5516-01A,0.005,0.0,0.008,0.0,0.003,0.0,0.708,0.01,0.096,0.095,0.049,0.024,0.001,0.0,0.0,0.0,PRAD,0.8385,,0.8527,0.75,0.8616,
TCGA-G9-6496-01A,0.001,0.0,0.001,0.0,0.0,0.0,0.866,0.008,0.022,0.052,0.038,0.01,0.0,0.0,0.0,0.0,PRAD,0.9269,,0.9526,0.75,0.9112,
TCGA-VP-A879-01A,0.007,0.0,0.005,0.0,0.0,0.0,0.775,0.008,0.039,0.092,0.069,0.002,0.001,0.0,0.0,0.0,PRAD,0.9514,,0.9731,0.6,0.9445,
TCGA-EJ-A6RC-01A,0.02,0.011,0.015,0.0,0.008,0.0,0.668,0.017,0.066,0.093,0.075,0.018,0.008,0.001,0.0,0.0,PRAD,0.8348,,0.8472,0.6,0.8552,
TCGA-G9-6342-01A,0.001,0.0,0.004,0.0,0.0,0.0,0.838,0.005,0.051,0.033,0.056,0.01,0.0,0.0,0.0,0.0,PRAD,0.9575,,0.9483,0.75,0.9528,
