"","T Cells","Cancer Cells","Macrophages","B Cells","Fibroblasts","Endothelial Cells"
"TCGA.4T.AA8H.01A",0,0.749954373087716,0,0,0.0727482873136035,0.17729733959868
"TCGA.AA.A00Q.01A",0,0.546989739979363,0.0297980013879768,0,0.218046878631486,0.205165380001174
"TCGA.AZ.4614.01A",0.023801974712964,0.714905260841416,0,0,0.0859437954996017,0.175348968946018
"TCGA.A6.2675.01A",0,0.0874877210397581,0.106841053912692,0,0.625887477555523,0.179783747492027
"TCGA.AA.A00U.01A",0,0.566667778917418,0.0252388036934218,0,0.225398930143545,0.182694487245615
"TCGA.A6.6781.01A",0,0,0.0498959171574864,0,0.771478412688579,0.178625670153934
"TCGA.CM.6169.01A",0,0.0938736952400189,0.0453767436875329,0,0.534093350129145,0.326656210943303
"TCGA.AA.3516.01A",0.172716294615221,0.29723431045418,0.039718153277882,0,0.252785276484541,0.237545965168176
"TCGA.AA.3552.01A",0,0.328217413516767,0.111184683671088,0,0.259643814886523,0.300954087925623
"TCGA.D5.6931.01A",0,0.17489309765049,0.0535651263049184,0,0.464538278433275,0.307003497611316
"TCGA.SS.A7HO.01A",0,0.570525180164203,0,0,0.176494282592484,0.252980537243313
"TCGA.AZ.6605.01A",0.00247607136344426,0.0291763213796321,0.0363855680039315,0,0.734727023459712,0.197235015793281
"TCGA.CA.6717.01A",0,0.0978135863086753,0.0545481494424931,0,0.546823259772863,0.300815004475969
"TCGA.NH.A8F7.01A",0,0.622046673912841,0,0,0.18367755160808,0.194275774479079
"TCGA.AD.6965.01A",0,0.380085794982513,0.00234677456667583,0,0.326315654405365,0.291251776045446
"TCGA.AA.A02H.01A",0,0.471970838697073,0.00455131058665307,0,0.325997727009472,0.197480123706803
"TCGA.AA.A022.01A",0.0376564104430651,0.267086965848707,0.0541797110734567,0.00121145793658768,0.366782313633063,0.273083141065121
"TCGA.AA.3680.01A",0,0.366272469290702,0.0546231841264958,0,0.218762353922848,0.360341992659955
"TCGA.A6.6650.01A",0,0.530586492097837,0.000961836335575091,0,0.147339650567489,0.321112020999099
"TCGA.G4.6311.01A",0,0.142462523634918,0.0668352967621766,0,0.599767575571756,0.19093460403115
"TCGA.A6.2677.01B",0,0.137764956279227,0.0167203459571881,0,0.416538720779422,0.428975976984163
"TCGA.AA.3815.01A",0.081484822933858,0.287289227374131,0.117186951296137,0.000814593719567927,0.272886910049525,0.24033749462678
"TCGA.CK.4951.01A",0,0.0838597945590163,0.0933903470778479,0,0.591180045343458,0.231569813019677
"TCGA.CK.6748.01A",0,0.202453434738518,0.030512924756222,0,0.65487561720893,0.112158023296329
"TCGA.CA.5255.01A",0,0.721024343666487,0.00538307773595777,0,0.124526994835189,0.149065583762366
"TCGA.CK.4952.01A",0,0.579287299672734,0.0244701912849495,0,0.151065905710827,0.24517660333149
"TCGA.AZ.4315.01A",0,0.56527536746511,0.0319074658874442,0,0.242718441346719,0.160098725300727
"TCGA.AA.3869.01A",0,0.300591022825751,0.163203531206917,0,0.284954150893113,0.251251295074219
"TCGA.G4.6626.01A",0,0.630939704382881,0.0204690722230302,0,0.18870966220506,0.159881561189029
"TCGA.DM.A1D7.01A",0,0.532702769343661,0.00441297266704413,0,0.201303664218251,0.261580593771044
"TCGA.AA.3531.01A",0,0.614046121176074,0,0.000623911167150984,0.168735831745998,0.216594135910776
"TCGA.A6.5662.01A",0,0.379237811337709,0.0182743849892949,0,0.356510772866858,0.245977030806138
"TCGA.CM.4744.01A",0.0822860867075861,0.679781880053316,0.0229654798734489,0,0.0674736824527114,0.147492870912938
"TCGA.D5.5540.01A",0.0436767217002734,0.801429110073732,0,0,0.110089594064449,0.0448045741615462
"TCGA.AZ.6608.01A",0.00598588254027313,0.810626869874191,0,0,0.0564212112478276,0.126966036337708
"TCGA.AA.3518.01A",0.00832911336670447,0.509281124177014,0.04170234289621,0,0.185670252637216,0.255017166922855
"TCGA.CM.5863.01A",0,0.303788275054799,0.0330058879446727,0,0.469782840062497,0.193422996938031
"TCGA.A6.5666.01A",0,0.76542955651538,0.000692767385026565,0,0.111363942183931,0.122513733915663
"TCGA.DM.A280.01A",0,0.48498756509413,0.00532272438512489,0,0.277095683141914,0.232594027378831
"TCGA.AA.3973.01A",0,0.581927123312235,0,0,0.231131727882046,0.186941148805719
"TCGA.CM.4748.01A",0,0.441632135356515,0.00604836548167346,0,0.347410282607024,0.204909216554787
"TCGA.D5.6530.01A",0,0.446479091408715,0.0512254350611583,0,0.241443545799844,0.260851927730283
"TCGA.A6.6137.01A",0,0.298411018954904,0.0579951963110622,0,0.230321833606554,0.41327195112748
"TCGA.DM.A1D6.01A",0,0.746301851963378,0,0,0.0975081963255769,0.156189951711045
"TCGA.D5.6923.01A",0,0.0931039968041441,0.0144601749405267,0,0.686172147956224,0.206263680299105
"TCGA.A6.2681.01A",0,0.331522562774115,0.0210242269793734,0,0.469874458885924,0.177578751360587
"TCGA.F4.6463.01A",0,0.158078592592905,0.0303918380899333,0,0.589906243699961,0.221623325617202
"TCGA.AZ.6599.01A",0.0349448958437742,0.623469505898212,0,0,0.0305809507794867,0.311004647478527
"TCGA.D5.6532.01A",0.00869330286317199,0.396867168728576,0.00453679637266924,0.00428549060052246,0.255205109425472,0.330412132009588
"TCGA.AA.3489.01A",0,0.0209414567900478,0.0589077283426724,0,0.636032436118256,0.284118378749024
"TCGA.CM.6171.01A",0.0139639218142577,0.170295245127284,0.0426269612630421,0,0.309345700071317,0.463768171724099
"TCGA.AA.A00R.01A",0.142364229200278,0.167345858028552,0.110252123317248,0,0.199630935455997,0.380406853997926
"TCGA.DM.A28C.01A",0,0.629918546915538,0,0,0.147792674560489,0.222288778523973
"TCGA.AA.A01T.01A",0,0.714742348608894,0,0,0.117275698222984,0.167981953168123
"TCGA.AA.A02E.01A",0,0.667046929810813,0,0,0.16735049316269,0.165602577026497
"TCGA.CM.5860.01A",0,0.224712894517205,0.0291759051338557,0,0.614615401594644,0.131495798754295
"TCGA.A6.6141.01A",0,0.328217492080596,0.0366168467701072,0,0.317138234152768,0.318027426996528
"TCGA.AA.A00D.01A",0.0381520034147373,0.212987040603618,0.108078800900064,0,0.321368084461282,0.3194140706203
"TCGA.G4.6628.01A",0.182670603163376,0.128164158187359,0.0624347450870036,0.000420383598588447,0.220198484670354,0.406111625293319
"TCGA.AA.3688.01A",0,0.504759035349149,0.0495094215703784,0,0.217829384973811,0.227902158106661
"TCGA.AA.3492.01A",0.018843111223744,0.419151208492226,0.0357568233342715,0,0.289068769248931,0.237180087700827
"TCGA.AA.3819.01A",0,0.511576454374401,0.0294637643485007,0,0.27336132111535,0.185598460161749
"TCGA.A6.2678.01A",0.115635557054251,0.27141974783091,0.0403418256634039,0,0.299108720997952,0.273494148453483
"TCGA.AA.3521.01A",0,0.558062318665719,0.0546647548222974,0,0.266388280492911,0.120884646019073
"TCGA.DM.A1DA.01A",0,0.783422163816876,0,0,0.0808551283651744,0.135722707817949
"TCGA.AA.3864.01A",0,0.356553488165225,0.0337323767510635,0,0.343019924680314,0.266694210403397
"TCGA.F4.6855.01A",0,0.187665488294118,0,0,0.697942672449219,0.114391839256663
"TCGA.F4.6856.01A",0.0157899562689224,0.350593563198301,0.0167243137864659,0,0.266750091711154,0.350142075035156
"TCGA.DM.A0X9.01A",0.0146845438060646,0.561772097824109,0.0363397640458685,0,0.18245774050269,0.204745853821268
"TCGA.A6.5659.01A",0,0.330035176358075,0.000440027547591065,0,0.323926925761638,0.345597870332696
"TCGA.AZ.6598.01A",0,0.423020806506042,0.105759422270128,0,0.26872225328389,0.20249751793994
"TCGA.AA.3519.01A",0,0.443294320865163,0.0286377862955849,0,0.284296357069938,0.243771535769315
"TCGA.DM.A1HB.01A",0,0.582611792986747,0,0,0.218553463238027,0.198834743775226
"TCGA.A6.A567.01A",0,0.462249756746112,0,0,0.332646456309931,0.205103786943957
"TCGA.AA.3970.01A",0.00018652623631693,0.350671542946102,0.149360286420894,0,0.189126141117174,0.310655503279513
"TCGA.CA.5796.01A",0.0232604583448494,0.415223851297588,0.050458490547601,0,0.079722019419939,0.431335180390022
"TCGA.5M.AAT6.01A",0,0.0727136215004281,0.0682944505764209,0,0.472001146674937,0.386990781248215
"TCGA.CM.6163.01A",0,0.328545859711903,0.0276016436437654,0,0.378871625991841,0.26498087065249
"TCGA.AD.6889.01A",0.0198821642789419,0.4847190012529,0.0105617186455798,0,0.20133507551247,0.283502040310108
"TCGA.CM.4751.01A",0,0.256199340776437,0.0687131389214819,0,0.347665602917961,0.327421917384121
"TCGA.AA.3982.01A",0,0.45811118184236,0.118406247090315,0,0.254184901914784,0.169297669152542
"TCGA.AA.A00A.01A",0.00264857157520751,0.242533343088162,0.0554264839272775,0,0.403417668707228,0.295973932702125
"TCGA.D5.6924.01A",0,0.137884032636137,0.0331416129734773,0,0.576419933230429,0.252554421159957
"TCGA.AA.3502.01A",0.0490915821428562,0.719392967901898,0.0146533893601403,0,0.0487075924901563,0.16815446810495
"TCGA.D5.7000.01A",0,0.206120957707737,0.041374968767946,0,0.405942080250096,0.346561993274221
"TCGA.D5.6540.01A",0,0.133986668322792,0.052187758098159,0,0.465354955318181,0.348470618260868
"TCGA.D5.6932.01A",0,0.461639613496193,0.0179169901762659,0,0.348073843353209,0.172369552974332
"TCGA.CK.5912.01A",0.00337453282938547,0.246504066379673,0.0148161157341325,0.00135492362192567,0.285592603630814,0.448357757804069
"TCGA.AA.3538.01A",0,0.347010818765365,0.0585660661417782,0,0.427729032502447,0.16669408259041
"TCGA.AA.3930.01A",0.0868575213221184,0.394547486047987,0.06980318066668,0,0.209912023187617,0.238879788775598
"TCGA.AA.A00W.01A",0,0.628356075711642,0.0482436283380907,0,0.0858710071945509,0.237529288755717
"TCGA.AA.3555.01A",0,0.283188248483787,0.0534919535575238,0,0.398949619682812,0.264370178275877
"TCGA.AA.3655.01A",0,0.183338807229192,0.0224526844697088,0,0.415696446981529,0.37851206131957
"TCGA.AA.3989.01A",0,0.483074704252412,0.0253726715681117,0,0.318547316033693,0.173005308145783
"TCGA.5M.AATA.01A",0,0.414534852534382,0.0239474000179937,0,0.249023546397475,0.312494201050149
"TCGA.5M.AAT4.01A",0,0.777122821789695,0,0,0.0945188731706576,0.128358305039648
"TCGA.AA.A02R.01A",0.184396227535818,0.200911330010753,0.112691545435485,0,0.233367338166254,0.26863355885169
"TCGA.A6.6649.01A",0,0.163564397805701,0.0262248266329711,0,0.412674349860587,0.397536425700741
"TCGA.A6.3809.01B",0.00115446502229318,0,0.138752514675707,0,0.449177514788378,0.410915505513622
"TCGA.AY.4070.01A",0,0.20319499667864,0.0255641251471361,0,0.431713894371043,0.339526983803181
"TCGA.G4.6299.01A",0,0.169991325445259,0.050729597256903,0,0.443886025263732,0.335393052034105
"TCGA.AA.A02O.01A",0,0.682425978334598,0.000566300984644977,0,0.171392198785801,0.145615521894956
"TCGA.AA.3972.01A",0,0.530756614040813,0.0290655137610608,0,0.257599363664977,0.182578508533149
"TCGA.NH.A50T.01A",0,0.731774147548657,0,0,0.122621897095119,0.145603955356225
"TCGA.DM.A0XD.01A",0,0.569451623805451,0.00212505082324523,0,0.272621782301685,0.155801543069619
"TCGA.AU.6004.01A",0.00169053421705021,0.0501729487180548,0.132312955219176,0,0.478295476544013,0.337528085301705
"TCGA.AA.3841.01A",0,0.464256540157659,0.015400712803634,0,0.311307370478891,0.209035376559815
"TCGA.DM.A28E.01A",0,0.783747552005238,0,0,0.0651540422617933,0.151098405732968
"TCGA.AA.A00E.01A",0,0.183359295036977,0.148071955546221,0,0.297873696908544,0.370695052508258
"TCGA.AA.3514.01A",0.00106766621417932,0.483802200680698,0,0,0.341655953651683,0.17347417945344
"TCGA.AA.A01F.01A",0,0.80397262191709,0,0,0.0693690869792702,0.126658291103639
"TCGA.A6.5665.01B",0,0,0.0928098629031488,0,0.406951913619412,0.500238223477439
"TCGA.G4.6315.01A",0,0.645112012082818,0,0,0.118388270347746,0.236499717569436
"TCGA.F4.6459.01A",0,0.056958209859119,0.0654781792686942,0,0.682483871650024,0.195079739222162
"TCGA.D5.6926.01A",0,0.0675565311359885,0.026218813362511,0,0.685175461735633,0.221049193765868
"TCGA.CK.6747.01A",0,0.34708096407323,0.00815150392513418,0,0.339706075688187,0.305061456313449
"TCGA.DM.A1D8.01A",0,0.682856079459582,0,0,0.13233719429072,0.184806726249698
"TCGA.AA.3858.01A",0,0.517548370391812,0.0317841395774174,0,0.305200355832985,0.145467134197785
"TCGA.AA.3522.01A",0.112229972142862,0.525903231197096,0.0397951078786027,0,0.123255003414314,0.198816685367125
"TCGA.G4.6314.01A",0,0.101293178792947,0.000794273359446783,0,0.696694043487848,0.201218504359758
"TCGA.AA.3544.01A",0,0.469285629337532,0.174583682524232,0,0.199372822113098,0.156757866025139
"TCGA.NH.A6GA.01A",0,0.457918550157677,0.031174227319106,0,0.256523080261484,0.254384142261734
"TCGA.D5.6537.01A",0,0.591545566890369,0.037068212572284,0,0.17504282499822,0.196343395539127
"TCGA.AZ.4684.01A",0,0.36489559228032,0.040279001223689,0,0.342251830736213,0.252573575759778
"TCGA.G4.6302.01A",0,0,0.0155537433471043,0,0.751974345589993,0.232471911062903
"TCGA.AA.3862.01A",0.0739195209742,0.461236184665537,0.0999805456467308,0,0.17585487503387,0.189008873679662
"TCGA.A6.2685.01A",0,0.143729020042686,0.0380212278560436,0,0.588523947546646,0.229725804554624
"TCGA.AA.3712.01A",0,0.26058084969038,0.0108476836693695,0,0.470606977335792,0.257964489304458
"TCGA.AA.3562.01A",0,0.488352919576586,0.0129097464249094,0,0.312932371152474,0.18580496284603
"TCGA.AA.3846.01A",0.0386243761480155,0.390437778317632,0.0630696113445804,0,0.255893047593793,0.25197518659598
"TCGA.A6.A565.01A",0,0.0269266434234109,0.043650604472256,0,0.398066821664663,0.53135593043967
"TCGA.AU.3779.01A",0,0.252373333113796,0.0308882654278939,0,0.490746548823052,0.225991852635259
"TCGA.A6.2684.01A",0,0.260372051352409,0.0279530198876044,0,0.46913869623424,0.242536232525747
"TCGA.AA.3561.01A",0.00500780781924112,0.715310178450956,0.0246852788799635,0,0.132029900528411,0.122966834321429
"TCGA.CM.5341.01A",0.0804297918835157,0.570979662816,0.0315225896740199,0.00182398185989001,0.202447552202234,0.112796421564341
"TCGA.A6.2683.01A",0,0.808346175683173,0,0,0.0970109283211467,0.0946428959956803
"TCGA.AA.A004.01A",0,0.320403788246623,0.024705872436816,0,0.368733853967911,0.286156485348649
"TCGA.AA.3529.01A",0,0.616951734026151,0.0440841274593766,0,0.200818854474763,0.138145284039709
"TCGA.AA.3861.01A",0.0302801262464793,0.53414557226499,0.102423653642009,0.0884445190978759,0.0648757583441473,0.179830370404498
"TCGA.AA.3844.01A",0.0394522811139317,0.498627417887477,0.0257863280232137,0,0.190799484962407,0.245334488012971
"TCGA.AA.3952.01A",0,0.375077598172549,0.0474602619989521,0,0.407886418990295,0.169575720838204
"TCGA.D5.5537.01A",0,0.434259489095018,0.000894871739605323,0,0.386795560494611,0.178050078670766
"TCGA.AA.3837.01A",0,0.457446478042144,0.00720951220308285,0,0.377297675663735,0.158046334091038
"TCGA.AA.3511.01A",0,0.247403123749815,0.0228756371178956,0,0.531252347078396,0.198468892053893
"TCGA.D5.6922.01A",0,0.117888908237544,0.0178464507459468,0,0.599896747048159,0.26436789396835
"TCGA.AA.3556.01A",0.00370355330314019,0.34126495654883,0.0693414099197985,0,0.253939558344922,0.331750521883309
"TCGA.CM.6674.01A",0,0.17870154796292,0.0463299004588855,0,0.490976998075907,0.283991553502288
"TCGA.AA.3939.01A",0.0114933228993109,0.557299898036633,0.0319180279972053,0,0.258127043172613,0.141161707894237
"TCGA.AA.A00K.01A",0,0.538418579335882,0.0641359446813369,0,0.25987548100999,0.137569994972791
"TCGA.DM.A28A.01A",0,0.339888373215632,0.00945687251361849,0,0.45192975560822,0.19872499866253
"TCGA.CK.5914.01A",0.0135430356805007,0.287525642789538,0.0278695221860972,0,0.381718304978555,0.289343494365309
"TCGA.G4.6320.01A",0,0.712387857422604,0,0,0.125046411852927,0.162565730724469
"TCGA.A6.A5ZU.01A",0,0.17214869513236,0.091028196214003,0,0.480352725290366,0.256470383363271
"TCGA.AA.3495.01A",0.01091830742163,0.471142006518507,0.0254414334253461,0,0.207346340850813,0.285151911783705
"TCGA.QL.A97D.01A",0.0319645705861751,0.467121863426467,0.040043516107754,0,0.133134436479745,0.327735613399859
"TCGA.CM.5868.01A",0,0.38284448872631,0.00124517263581119,0,0.422611882034408,0.19329845660347
"TCGA.AA.3534.01A",0,0.551944227031399,0.0021380640451555,0,0.249948340044854,0.195969368878592
"TCGA.AA.3693.01A",0,0.701143025487744,0.0144675363966665,0,0.123179538460911,0.161209899654678
"TCGA.AA.A02J.01A",0,0.773894096084368,0,0,0.120653698977244,0.105452204938388
"TCGA.D5.5541.01A",0,0.344211390414307,0.141452102557307,0,0.332264661115784,0.182071845912603
"TCGA.AA.3860.01A",0,0.323409777716768,0.0509940327733602,0,0.457086481788776,0.168509707721096
"TCGA.A6.5657.01A",0.00280778829496935,0.141442695688019,0.0343458687650837,0.000140209601226682,0.600450087845404,0.220813349805298
"TCGA.AA.3812.01A",0,0.411407703504751,0.00797437319076236,0.0020092626855323,0.432649612316618,0.145959048302336
"TCGA.DM.A1D4.01A",0,0.741953349407826,0.000894954297584033,0,0.0684951188796406,0.188656577414949
"TCGA.AA.3854.01A",0,0.5730547073482,0.042159591304967,0,0.186124470900151,0.198661230446683
"TCGA.CK.4950.01A",0,0.2914437410057,0.0419238660417915,0,0.321397420539954,0.345234972412554
"TCGA.D5.6541.01A",0,0.151988016292694,0.141958326095958,0,0.559183906956496,0.146869750654852
"TCGA.QG.A5YV.01A",0.00216442810507871,0.570095409744939,0,0,0.12296602084225,0.304774141307733
"TCGA.AD.6901.01A",0,0.1424738450743,0.0461213522976754,0,0.609582581548362,0.201822221079664
"TCGA.AA.3526.01A",0.00900597355571883,0.390494182508416,0.0927144306143244,0,0.324486864350409,0.183298548971132
"TCGA.DM.A1HA.01A",0,0.696662472853262,0.0623838171424763,0,0.054621619787961,0.186332090216301
"TCGA.AA.A02W.01A",0,0.600300812232599,0,0,0.210592179704564,0.189107008062838
"TCGA.AA.A00F.01A",0,0.281130274212709,0.0237119800260903,0,0.376989406235755,0.318168339525445
"TCGA.AA.A02Y.01A",0.0473063039098762,0.707499427094456,0.0366163629414836,0,0.0203908234665198,0.188187082587664
"TCGA.A6.6780.01B",0.140140359214348,0,0.204605977588618,0,0.233866742320686,0.421386920876349
"TCGA.AA.3525.01A",0.000690455122085625,0.443780130540391,0.0583937536274275,0.0763371923242071,0.157549926357449,0.26324854202844
"TCGA.A6.6650.01A.1",0,0.530586492097837,0.000961836335575091,0,0.147339650567489,0.321112020999099
"TCGA.CM.4752.01A",0.00803807182829249,0.426391930914072,0.0562011548170529,0,0.292589571970881,0.216779270469702
"TCGA.A6.3809.01A",0.0964866522994481,0.385641211698691,0.0897511851246755,0.00160550890387665,0.245728254701847,0.180787187271462
"TCGA.CM.6680.01A",0,0.204673071604335,0.0368139539769326,0,0.524360124280167,0.234152850138566
"TCGA.AD.A5EK.01A",0,0.653500149622354,0,0,0.172690146801883,0.173809703575763
"TCGA.A6.2682.01A",0,0.393170079388491,0.0260568624830097,0,0.407114970452792,0.173658087675707
"TCGA.CM.6164.01A",0,0.306217640968145,0.042526361153798,0,0.34194940685342,0.309306591024637
"TCGA.DM.A28H.01A",0,0.749859602438088,0,0,0.104291780280804,0.145848617281109
"TCGA.D5.6898.01A",0,0.242511457663077,0.102949241955182,0,0.441209780317857,0.213329520063884
"TCGA.A6.3808.01A",0.00176307428099359,0.0957042311161223,0.0387511519031604,0,0.642443404160757,0.221338138538967
"TCGA.A6.6780.01A",0.0283730720674669,0.308709225572194,0.286913724256406,0,0.121062998604479,0.254940979499455
"TCGA.AA.3662.01A",0,0.43481629778525,0.0622657297076951,0,0.269496536281645,0.23342143622541
"TCGA.CM.5864.01A",0.0230364954141257,0.603544949444251,0.00168078070609953,0,0.131826935434287,0.239910839001237
"TCGA.NH.A6GB.01A",0.00950196161146478,0.408826547624452,0.0444051708797871,0,0.246596247282687,0.290670072601609
"TCGA.NH.A8F8.01A",0,0.359456251198449,0.0198029622967346,0,0.414683121568355,0.206057664936462
"TCGA.CM.6677.01A",0,0.387709514083125,0.00645313005955829,0,0.330686464126201,0.275150891731115
"TCGA.AA.3949.01A",0.229411735732191,0.239373658136754,0.101949125008913,0.0001789444980919,0.260099575965467,0.168986960658584
"TCGA.DM.A1D9.01A",0.000737723625900242,0.534248817233774,0,0,0.214446362027153,0.250567097113172
"TCGA.D5.6930.01A",0.0373541456628841,0.175421820853552,0.051939686268465,0,0.438694071482269,0.29659027573283
"TCGA.AA.3980.01A",0.0642974031015256,0.382620288290179,0.0758441296525451,0.000481293392959958,0.184911932035877,0.291844953526913
"TCGA.CA.5797.01A",0,0.258321406097601,0.0379199971645555,0,0.430626379514847,0.273132217222997
"TCGA.AA.3494.01A",0,0.64695012790125,0.00256812765545169,0,0.178261752146579,0.172219992296719
"TCGA.D5.6531.01A",0.0359001234597929,0.325203195382105,0.0297086648919885,0,0.331264718936101,0.277923297330012
"TCGA.AZ.4615.01A",0.17729551564546,0.0644169885614275,0.158693673072053,0,0.405687518537321,0.193906304183738
"TCGA.A6.5656.01B",0,0,0.0445735556146835,0,0.561497559363675,0.393928885021642
"TCGA.A6.2684.01A.1",0,0.260372051352409,0.0279530198876044,0,0.46913869623424,0.242536232525747
"TCGA.CM.4743.01A",0,0.296351646946859,0.0375275075623584,0,0.205799438736323,0.460321406754459
"TCGA.AA.A01K.01A",0,0.261905908631075,0.0252315859065663,0,0.48071589118085,0.232146614281509
"TCGA.NH.A50U.01A",0,0.443499085444952,0.0116726563363483,0,0.288620686905668,0.256207571313032
"TCGA.D5.6928.01A",0.200021314412009,0,0.115090471985218,0.000974735968019272,0.490449569212648,0.193463908422105
"TCGA.DM.A28K.01A",0,0.718848261437951,0,0,0.089525904646419,0.19162583391563
"TCGA.AY.6196.01A",0,0,0.0967311746855582,0,0.758432004065542,0.1448368212489
"TCGA.CM.5344.01A",0,0.225207116660908,0.00156434623218824,0,0.56096484129248,0.212263695814424
"TCGA.G4.6309.01A",0,0.392224842654012,0.0316024595145895,0,0.2206243787303,0.355548319101099
"TCGA.CM.6165.01A",0,0.164707377975344,0.0434310398377814,0,0.501851225018245,0.290010357168629
"TCGA.AY.5543.01A",0,0.519761782226696,0.072843028496453,0,0.107966927349421,0.29942826192743
"TCGA.CM.6167.01A",0,0,0.00748093839740115,0,0.724352954228387,0.268166107374212
"TCGA.AA.3664.01A",0.023223050743961,0.360017425048093,0.064764595991821,0,0.210554128787402,0.341440799428723
"TCGA.AZ.4313.01A",0,0.824708407483449,0,0,0.089321044346188,0.0859705481703633
"TCGA.AA.3530.01A",0.0598908115282334,0.391104914013563,0.0283419669771676,0.0223501791080492,0.200487862154116,0.297824266218871
"TCGA.AA.3877.01A",0.00115432684899296,0.167506097172003,0.0865992018581888,0,0.402432198638261,0.342308175482554
"TCGA.D5.6535.01A",0,0.254609625710491,0.0828198536419954,0,0.352509553230298,0.310060967417216
"TCGA.CM.6678.01A",0,0.644854818535241,0,0,0.156010622146506,0.199134559318254
"TCGA.CM.4746.01A",0,0.883322041623373,0,0.000227410747597314,0.0577618173455073,0.0586887302835221
"TCGA.A6.6652.01A",0,0.563600757430531,0,0,0.196317265213562,0.240081977355907
"TCGA.A6.6781.01A.1",0,0,0.0498959171574864,0,0.771478412688579,0.178625670153934
"TCGA.AA.A01Q.01A",0.00914214926322274,0.571645909620722,0.0353431334103706,0,0.0949715687430989,0.288897238962585
"TCGA.A6.5661.01A",0.0548865108340547,0.289027323124688,0.0574691198817889,0,0.264889443548397,0.333727602611072
"TCGA.5M.AATE.01A",0,0.564683579889837,0.00863393392950941,0,0.244300365173821,0.182382121006833
"TCGA.DM.A1D0.01A",0,0.737825997630786,0.0236756205430814,0,0.0892644985314404,0.149233883294692
"TCGA.AA.3681.01A",0.0558777961562372,0.340067900488706,0.0648617414522394,0.0241182067758611,0.195567457346967,0.319506897779989
"TCGA.D5.5538.01A",0,0.237740860087946,0.0811516535240864,0,0.430997788777055,0.250109697610913
"TCGA.AA.3870.01A",0,0.262070398404898,0.0410747843537211,0,0.465713789902697,0.231141027338684
"TCGA.CM.6679.01A",0,0.0741288354836397,0.0364882581177739,0,0.656260477555549,0.233122428843038
"TCGA.T9.A92H.01A",0,0.472563997557532,0.0607568207950413,0,0.186059054983509,0.280620126663918
"TCGA.A6.3809.01A.1",0.0964866522994481,0.385641211698691,0.0897511851246755,0.00160550890387665,0.245728254701847,0.180787187271462
"TCGA.AA.3818.01A",0,0.638747332689118,0.0141870990332233,0,0.176720855773947,0.170344712503712
"TCGA.CA.5254.01A",0.00465996134628383,0.29736049862157,0.0198764115795585,0.00584927863764689,0.434262747840976,0.237991101973965
"TCGA.AA.3672.01A",0.00473498467008927,0.472061883598768,0.0415978031354902,0,0.232865107630856,0.248740220964796
"TCGA.AD.5900.01A",2.58376619875717e-05,0.307653558574356,0.0357213115764962,0,0.380459036003076,0.276140256184083
"TCGA.CA.6719.01A",0,0.178433051547289,0.0143620142993965,0,0.533184387728379,0.274020546424935
"TCGA.A6.6654.01A",0,0,0.127829221510496,0,0.693426488700901,0.178744289788602
"TCGA.CM.6161.01A",0.0621728382648258,0.354556058682935,0.0700191176853388,0.00275839880137939,0.300196482335338,0.210297104230183
"TCGA.AA.3814.01A",0,0.313058351481588,0.149793253232701,0,0.462140871151527,0.0750075241341841
"TCGA.AA.3697.01A",0,0.542252656024699,0.0738465652695203,0,0.193949915688946,0.189950863016834
"TCGA.AA.3532.01A",0,0.256622709888003,0.0804642148174349,0,0.433385182106875,0.229527893187687
"TCGA.AZ.6606.01A",0,0.46237592518549,0.00172557527603704,0,0.133272440421427,0.402626059117046
"TCGA.CK.4947.01B",0.0106961408326379,0.224118095915207,0.0387378415186699,0,0.411097247486079,0.315350674247406
"TCGA.A6.2674.01A",0,0.0171623769557937,0.0900780082766936,0,0.702885318226908,0.189874296540605
"TCGA.CA.6716.01A",0,0.385793282285566,0,0,0.383447801704157,0.230758916010277
"TCGA.NH.A6GC.01A",0,0.195227532201982,0.00290862956365727,0,0.623994227517574,0.177869610716786
"TCGA.AA.3848.01A",0,0.696082716592148,0,0,0.122171495312812,0.181745788095039
"TCGA.AA.3684.01A",0,0.237314756506609,0.0163449941343507,0,0.537874249240718,0.208466000118322
"TCGA.F4.6807.01A",0.00319721178884161,0.0872430969705651,0.0297983943181528,0.000256966970480532,0.647408165446618,0.232096164505341
"TCGA.AA.3875.01A",0,0.344307143848184,0.121048776100312,0,0.355408961355173,0.17923511869633
"TCGA.G4.6297.01A",0,0.0294107274455193,0.0572398004362452,0,0.654621451940087,0.258728020178148
"TCGA.A6.5660.01A",0,0.480601979662526,0.014452168212836,0,0.339190059744866,0.165755792379772
"TCGA.AZ.6607.01A",0,0.000913869801390658,0.022928391376276,0,0.875039785663132,0.101117953159201
"TCGA.AZ.4308.01A",0.000705459845454276,0.60256284333738,0.00047460867684701,0,0.33840483575221,0.057852252388109
"TCGA.AA.3524.01A",0,0.61418117838515,0.0269675985469769,0,0.263687981311399,0.095163241756474
"TCGA.AA.3975.01A",0,0.479217562890404,0.0618718176976924,0,0.290245606310146,0.168665013101758
"TCGA.AA.3666.01A",0.000817219255923594,0.46912505527786,0.0757816091027953,0,0.199908882000092,0.254367234363329
"TCGA.AA.3872.01A",0,0.0451496972203083,0.04598909668625,0,0.639466368256861,0.269394837836581
"TCGA.AA.3979.01A",0,0.697173478370292,0.0494911109900795,0,0.12313374413897,0.130201666500659
"TCGA.CM.6168.01A",0,0.0336366038463768,0.0412215040306132,0,0.679313674241665,0.245828217881345
"TCGA.G4.6588.01A",0,0.34091294913107,0.0450817352850992,0,0.289618369892622,0.324386945691208
"TCGA.CM.5348.01A",0,0.0288118297639873,0.111907341254421,0,0.661397946186818,0.197882882794774
"TCGA.AA.3553.01A",0,0.441738717372341,0.0779918959203295,0,0.283099267533143,0.197170119174187
"TCGA.AA.3833.01A",0,0.305756719932833,0.0451559897873562,0,0.416458644566485,0.232628645713326
"TCGA.G4.6295.01A",0.0706078441050035,0.407467850944936,0.0418435137912972,0,0.198654017834723,0.28142677332404
"TCGA.A6.2677.01A",0,0.668140018778534,0.000141876067004886,0,0.122810885292076,0.208907219862386
"TCGA.AA.3867.01A",0,0.212672293817407,0.0965429930984644,0,0.541899272519658,0.148885440564471
"TCGA.AA.A00N.01A",0,0.147565228927543,0.0402488420822761,0,0.557877357543723,0.254308571446458
"TCGA.CK.5915.01A",0,0.466720665154058,0,0,0.239684774790626,0.293594560055315
"TCGA.AA.3520.01A",0,0.235067815343236,0.0439826166429377,0,0.449361650407416,0.27158791760641
"TCGA.A6.5665.01A",0.0352917104103604,0.558352325500672,0.0310356790097872,0,0.121278529861435,0.254041755217746
"TCGA.G4.6303.01A",0,0.403386222096434,0.0161702728770431,0,0.365582185972104,0.214861319054419
"TCGA.AA.A03F.01A",0,0.560130211927552,0.02884711063807,0,0.179953008364037,0.231069669070341
"TCGA.DM.A1DB.01A",0.155695909748413,0.486447672257175,0.0217563705008669,0,0.0966547827984166,0.239445264695128
"TCGA.CM.6170.01A",0,0.33425728018609,0.0232718642260823,0,0.419019900735002,0.223450954852826
"TCGA.A6.2680.01A",0,0.463922962456798,0.0199043903783433,0,0.257007546052303,0.259165101112556
"TCGA.QG.A5YW.01A",0,0.480024697098272,0.0318601629813075,0,0.222261925251733,0.265853214668688
"TCGA.AA.A024.01A",0,0.50046136829874,0.0229482093963939,0,0.209200904976083,0.267389517328783
"TCGA.DM.A285.01A",0,0.34176265722537,0,0,0.481284293830629,0.176953048944001
"TCGA.QG.A5YX.01A",0.00325033257401819,0.481801000491286,0.0132503383682639,0,0.110560661798506,0.391137666767926
"TCGA.AA.A017.01A",0,0.413843716893485,0.0076502926459208,0,0.350409448281885,0.228096542178708
"TCGA.AA.3509.01A",0,0.428171577666369,0.0786414389378666,0,0.231699510723386,0.261487472672379
"TCGA.D5.6920.01A",0.0036451246278191,0.16008878783014,0.0615604235435325,0.00115252214014284,0.414884894692588,0.358668247165778
"TCGA.D5.6534.01A",0,0,0.128788468513895,0,0.664655155325037,0.206556376161068
"TCGA.A6.5661.01B",0.00499970674976887,0,0.121626691771234,0,0.451920558144478,0.421453043334519
"TCGA.AA.3496.01A",0,0.222316052914314,0.0866449549857924,0,0.452821749862055,0.238217242237839
"TCGA.AA.A02K.01A",0,0.421956571566826,0.0411132347437614,0,0.135236281863155,0.401693911826258
"TCGA.AA.3685.01A",0,0.593715867633883,0.104737672052062,0.0102667454149718,0.197645348180139,0.0936343667189433
"TCGA.AA.3851.01A",0,0.446480775110609,0.0429017038436205,0,0.258945543936855,0.251671977108915
"TCGA.DM.A282.01A",0,0.477122953154013,0,0,0.304394373731987,0.218482673114
"TCGA.AA.3543.01A",0.0209157242890142,0.322773354928898,0.130646548852452,0,0.310198711760032,0.215465660169604
"TCGA.F4.6805.01A",0,0.0688368983884114,0.0379251499530409,0,0.676208347333535,0.217029604325013
"TCGA.AA.3821.01A",0.000393132622950246,0.195766255783003,0.0591072946962577,0,0.415367945774194,0.329365371123595
"TCGA.F4.6460.01A",0.00250031518275385,0.163590455405437,0.0060587021203051,0,0.521010060642693,0.30684046664881
"TCGA.AZ.5407.01A",0,0.740322084924915,0.0247882950790023,0,0.0584521797754844,0.176437440220598
"TCGA.D5.6929.01A",0,0.315638622079691,0.0276955717020633,0,0.504640167931827,0.152025638286419
"TCGA.AA.3984.01A",0.00319396897510222,0.189161136703307,0.055989224485784,0,0.462986544038622,0.288669125797185
"TCGA.A6.5664.01A",0,0.0843773508569715,0.0339091241717354,0,0.563976490536644,0.317737034434649
"TCGA.AM.5821.01A",0.0787972218811449,0.191998665845461,0.0720549358084764,0.00167455433797057,0.376988629216241,0.278485992910706
"TCGA.AA.3488.01A",0,0.73791602766676,0.00227002196483117,0.00132308110477712,0.0863018945006606,0.172188974762971
"TCGA.AA.3956.01A",0,0.306270389037636,0.0224543159423334,0,0.346338897418496,0.324936397601534
"TCGA.G4.6298.01A",0,0.61654684761718,0,0,0.309138705107326,0.0743144472754945
"TCGA.DM.A28F.01A",0,0.573567569615037,0,0,0.22993689691345,0.196495533471512
"TCGA.AA.A00J.01A",0,0.347451114362132,0.0374737970487027,0,0.338813501861496,0.276261586727669
"TCGA.A6.6142.01A",0,0.0386127175483157,0.0470436301258508,0,0.717653120274751,0.196690532051082
"TCGA.G4.6304.01A",0.0575851598967984,0.715881639002224,0.0117197061568993,0,0.0711906644686256,0.143622830475453
"TCGA.A6.2674.01A.1",0,0.0171623769557937,0.0900780082766936,0,0.702885318226908,0.189874296540605
"TCGA.G4.6310.01A",0,0.326410025032655,0,0,0.418049006899316,0.255540968068028
"TCGA.AA.3866.01A",0,0.0683721426689843,0.215929963661773,0,0.473369117635609,0.242328776033634
"TCGA.F4.6806.01A",0,0.299131888292955,0.0256107303960342,0,0.44875147963773,0.226505901673281
"TCGA.AY.A8YK.01A",0,0.427328558897586,0.000779720977479525,0,0.205712246158982,0.366179473965952
"TCGA.AA.3852.01A",0,0.464096709310787,0.0243476460856505,0,0.370260877396048,0.141294767207515
"TCGA.D5.5539.01A",0,0.278387848856756,0.030496604259396,0,0.447296710405097,0.243818836478751
"TCGA.AZ.6601.01A",0,0.195206785572449,0.111244398929431,0,0.310693802942225,0.382855012555894
"TCGA.AA.3994.01A",0,0.608486029749701,0.0176676801690068,0,0.20840156427637,0.165444725804923
"TCGA.G4.6307.01A",0,0.797636012422196,0,0,0.110094475037384,0.09226951254042
"TCGA.CM.4747.01A",0,0.716626479519389,0,0,0.19949626672174,0.0838772537588708
"TCGA.NH.A50V.01A",0,0.180303650186363,0.0245844475995679,0,0.503555109017936,0.291556793196133
"TCGA.A6.5667.01A",0,0.368686316340099,0.0116392481128095,0,0.399852538302807,0.219821897244285
"TCGA.NH.A5IV.01A",0,0.300856564887231,0.084241514259645,0,0.2348299650079,0.380071955845224
"TCGA.AA.3667.01A",0,0.732822950149624,0.00330737583252993,0,0.167211739580254,0.0966579344375919
"TCGA.QG.A5Z2.01A",0.335774038526106,0.21560613773748,0.0368160138006265,0.00294455628185755,0.104795856711819,0.304063396942111
"TCGA.AA.A01X.01A",0,0.565200725699409,0.000667822427961796,0,0.241079783929088,0.193051667943541
"TCGA.AY.6197.01A",0,0.296553469317666,0.0508210225648288,0,0.260597576119764,0.392027931997741
"TCGA.AA.3517.01A",0,0.310302077239132,0.0570023286496919,0,0.340280080533782,0.292415513577395
"TCGA.AA.3968.01A",0.00188811901834394,0.246641497610417,0.0265933217377464,0.000411173501802438,0.452276947990516,0.272188940141174
"TCGA.AA.3713.01A",0.0552054490196459,0.278936488172285,0.0565020014409129,0,0.262739803467702,0.346616257899454
"TCGA.AA.3527.01A",2.15940175370516e-05,0.579094123384181,0.00201642175939444,0.00145880810561503,0.289105648742605,0.128303403990668
"TCGA.AA.3673.01A",0,0.41478364504063,0.0234390227125748,0,0.322079817232323,0.239697515014473
"TCGA.AA.3856.01A",0.00189183236744934,0.525307564409596,0.081821568374764,0,0.163789894130921,0.227189140717269
"TCGA.CM.6676.01A",0,0.379815240048498,0.0144453478914616,0,0.414654388243042,0.191085023816998
"TCGA.A6.2679.01A",0,0.688132866502482,0.0131984107112604,0,0.183417595867066,0.115251126919192
"TCGA.DM.A28M.01A",0,0.761732742301232,0,0,0.0999850009688225,0.138282256729946
"TCGA.AA.A010.01A",0,0.431901315795562,0.0363204791646333,0,0.222138357210142,0.309639847829663
"TCGA.AD.6548.01A",0,0.200269367592315,0.0616985071910064,0,0.411142063894314,0.326890061322365
"TCGA.AA.3554.01A",0,0.0859919099762178,0.167664202696471,0,0.455223489072895,0.291120398254416
"TCGA.CK.5913.01A",0,0.225540613280857,0.0539382637116608,0,0.411721929094835,0.308799193912647
"TCGA.AA.A01S.01A",0,0.86740095456477,0,0,0.0413325806390089,0.0912664647962216
"TCGA.AA.3660.01A",0,0.462750141799858,0.0288821521112423,0,0.340806283950198,0.167561422138702
"TCGA.CM.6166.01A",0,0.647584950009469,0,0,0.252832716163325,0.0995823338272056
"TCGA.AA.A01P.01A",0.00574970811142987,0.0163540890531461,0.137619380740037,0,0.450446372899924,0.389830449195463
"TCGA.DM.A28G.01A",0,0.695182562949625,0,0,0.134585489412813,0.170231947637562
"TCGA.CA.5256.01A",0,0.815689613034496,0.000435925449002744,0,0.121421138016847,0.0624533234996547
"TCGA.CM.6675.01A",0.0031380074982634,0.12764851784336,0.0529458159313438,0,0.435025438324557,0.381242220402476
"TCGA.AA.A029.01A",0.000226299891633757,0.824721040992153,0.0120428563324971,0,0.067700167267543,0.0953096355161733
"TCGA.AA.3678.01A",0,0.422320279412785,0.149472599611161,0,0.241374211686282,0.186832909289773
"TCGA.A6.6140.01A",0,0.371172612670758,0.0367275828922277,0,0.217092308283449,0.375007496153565
"TCGA.AA.3986.01A",0.0758541930798761,0.26922530593926,0.071528279249699,0.00117502410094931,0.308077236300014,0.274139961330202
"TCGA.G4.6293.01A",0.0237598827345296,0.219993370024329,0.0715676070207197,0,0.315806664296529,0.368872475923893
"TCGA.D5.6538.01A",0,0.752407961433894,0,0,0.114173890521432,0.133418148044675
"TCGA.AA.3941.01A",0.00471732693883368,0.55930242783732,0.022653596515731,0,0.139639842633338,0.273686806074777
"TCGA.G4.6317.01A",0,0.880905843655954,0,0,0.0609291680494578,0.0581649882945885
"TCGA.AA.A01D.01A",0,0.162396914578456,0.111616906738903,0.000614601066132132,0.559871574310794,0.165500003305715
"TCGA.CM.5862.01A",0,0.616818806960365,0,0,0.195779448427215,0.187401744612419
"TCGA.CK.5916.01A",0.0240092707007508,0.195895694405705,0.0542241852259033,0,0.354354512157941,0.3715163375097
"TCGA.AA.3692.01A",0,0.528789371363715,0.0527440351504186,0,0.259767172962123,0.158699420523743
"TCGA.AA.A00O.01A",0,0.136707994951542,0.0365715187915664,0,0.445156604526779,0.381563881730113
"TCGA.AZ.4323.01A",0.120953695288654,0.0364826860217182,0.0124958441406522,0,0.498027507185122,0.332040267363854
"TCGA.A6.6648.01A",0,0.404557461063892,0.0368471506102168,0,0.218935490554338,0.339659897771552
"TCGA.AA.A01Z.01A",0,0.676249150113626,0,0,0.178175260780186,0.145575589106188
"TCGA.WS.AB45.01A",0,0,0.00192658522593786,0,0.858369602494634,0.139703812279428
"TCGA.CM.5861.01A",0.000862877834703222,0.414137625492514,0.0129196194635662,0,0.218446761838338,0.353633115370878
"TCGA.A6.6138.01A",0.00390118721352266,0.1272520494789,0.193922421119749,0,0.327529506243664,0.347394835944164
"TCGA.AA.A01G.01A",0,0.623505238494898,0.0251667578111689,0,0.166195055696431,0.185132947997502
"TCGA.AM.5820.01A",0,0.425058667973533,0.00568660832501807,0,0.333448312838467,0.235806410862982
"TCGA.A6.5659.01B",0.00100898003529411,0.108174003102796,0.019515617369447,0,0.318153082158507,0.553148317333956
"TCGA.AA.3845.01A",0.00480951245285169,0.0574863288359539,0.0977913239140128,0,0.407678687498494,0.432234147298687
"TCGA.AA.A02F.01A",0,0.498571998958972,0,0,0.281754666538408,0.219673334502619
"TCGA.G4.6322.01A",0,0.457540723841486,0.0109791867852165,0,0.198019940591494,0.333460148781804
"TCGA.3L.AA1B.01A",0,0.401421839103541,0.00137735886629717,0,0.3712118936081,0.225988908422062
"TCGA.AZ.6603.01A",0,0.219332281577367,0.0345726031796905,0,0.509209167384921,0.236885947858022
"TCGA.AZ.5403.01A",7.08204785227357e-05,0.364857135173444,0.0084884950141064,0,0.4210068202451,0.205576729088827
"TCGA.G4.6323.01A",0.12297586796438,0.409762000937529,0.0277821636456619,0,0.0755162511451615,0.363963716307268
"TCGA.AA.3811.01A",0,0.315229514823966,0.0371014610705336,0.0010938249302085,0.312217350336148,0.334357848839144
"TCGA.AA.3831.01A",0,0.422974147274008,0.105687359604323,0,0.292604659433276,0.178733833688392
"TCGA.AY.A54L.01A",0,0.530004436130297,0,0.000357129988969377,0.0731364630720331,0.3965019708087
"TCGA.AD.6963.01A",0,0.42306353331883,0.0721459519983462,0,0.168562783263946,0.336227731418879
"TCGA.A6.A566.01A",0,0,0.0253109851331056,0,0.819770349835517,0.154918665031377
"TCGA.5M.AAT5.01A",0,0.700818359961808,0,0,0.163381701604336,0.135799938433856
"TCGA.CA.6718.01A",0,0.0337145102116728,0.10595213737093,0,0.416924613661322,0.443408738756075
"TCGA.G4.6627.01A",0.002456081205319,0.0805524893544282,0.0448436308336437,0,0.544628742576109,0.3275190560305
"TCGA.G4.6625.01A",0,0.119915200780924,0.129465533180202,0,0.374548052117585,0.376071213921289
"TCGA.A6.5656.01A",0,0.379427955780628,0.0124043275824458,0.00344241846860911,0.287997512695315,0.316727785473002
"TCGA.AA.3710.01A",0.0925227310725302,0.137322365931032,0.210216333931891,0.00265054871701404,0.268853546932084,0.288434473415449
"TCGA.G4.6306.01A",0.013221333585154,0.61085216146769,0.101602717501276,0,0.0694609773587284,0.204862810087152
"TCGA.F4.6854.01A",0,0.390162269353085,0.0451335013521275,0,0.375420662029021,0.189283567265767
"TCGA.AD.6890.01A",0,0.42848424047018,0.000641555930724219,0,0.311968140390442,0.258906063208654
"TCGA.A6.3807.01A",0,0.339296080085006,0.0517325082004818,0,0.414852073427213,0.194119338287299
"TCGA.A6.6782.01A",0,0.204607359834735,0.0303257618227354,0,0.473899185538164,0.291167692804366
"TCGA.AA.A01C.01A",0,0.422895352583841,0.00665253315085787,0,0.433493625098548,0.136958489166754
"TCGA.AA.3855.01A",0,0.547459908609509,0.0909425347772847,0,0.189396007412903,0.172201549200304
"TCGA.A6.6653.01A",0,0.295264450951493,0.023313194289329,0,0.377250315513966,0.304172039245212
"TCGA.AA.A01R.01A",0.0936899764682796,0.409922388677947,0.101052946515422,0,0.18651090190973,0.208823786428622
"TCGA.A6.6650.01B",0.00479061330672145,0.174412279697106,0.0220753493899015,0,0.300053447237029,0.498668310369243
"TCGA.A6.2671.01A",0,0.251819676558949,0.0184155019866621,0,0.476303248578882,0.253461572875507
"TCGA.AA.3663.01A",0,0.712223753559175,0.0276880082988186,0,0.10626206887759,0.153826169264417
"TCGA.A6.2672.01A",0,0.216569729203673,0.153555734191513,0,0.324955013164645,0.30491952344017
"TCGA.G4.6294.01A",0.00044360129414617,0.58849363657518,0,0,0.178273902822007,0.232788859308668
"TCGA.A6.2676.01A",0.0267270354004009,0.29479319647694,0.132090037151839,0,0.2124140320312,0.333975698939619
"TCGA.AA.3549.01A",0,0.487636070766061,0.0132204672676978,0,0.280839155179343,0.218304306786899
"TCGA.CM.5349.01A",0,0.283932415590275,0.0442342290093702,0,0.49958227130336,0.172251084096995
"TCGA.AA.A01V.01A",0,0.589878802425968,0.0317471530843944,0,0.10947461621761,0.268899428272028
"TCGA.A6.6780.01A.1",0.0283730720674669,0.308709225572194,0.286913724256406,0,0.121062998604479,0.254940979499455
"TCGA.AZ.4682.01B",0,0.779968994246022,0,0,0.125755473611308,0.0942755321426705
"TCGA.AA.3842.01A",0,0.416749454564144,0.0255669795113958,0,0.388427058575405,0.169256507349056
"TCGA.AA.3542.01A",0,0.890755835086253,0.000774564827176057,0,0.0893986590486488,0.0190709410379223
"TCGA.AA.3560.01A",0,0.713032175804095,0.0488461463242722,0,0.118675495769188,0.119446182102445
"TCGA.AA.A01I.01A",0.00999733846045588,0.543526827280718,0.00517059826811891,0.000454264062882314,0.131566685746052,0.309284286181774
"TCGA.AY.A71X.01A",0,0.686628089913625,0,0,0.0524414446553028,0.260930465431072
"TCGA.F4.6809.01A",0,0.206542715629626,0.0233214465860974,0,0.47097427702722,0.299161560757057
"TCGA.G4.6321.01A",0.325307495319701,0.333056331558246,0.0714423952046914,0,0.0756689761007667,0.194524801816595
"TCGA.CM.6172.01A",0,0.177646024533287,0.027534902653494,0,0.365993027852862,0.428826044960356
"TCGA.AD.A5EJ.01A",0,0.451927025802197,0.00446700258365569,0,0.261121074144063,0.282484897470085
"TCGA.AA.3966.01A",0,0.211247425510435,0.157748929487227,0,0.444700152774293,0.186303492228044
"TCGA.AA.A00L.01A",0,0.557832372264439,0.00556175116273162,0,0.204198852939242,0.232407023633587
"TCGA.D5.6927.01A",0,0.214187652050746,0.0693495329430047,0,0.434027168556811,0.282435646449438
"TCGA.D5.6536.01A",0,0.252973785543995,0.0518649177474062,0,0.508885528757966,0.186275767950633
"TCGA.D5.6539.01A",0,0.177638510978381,0.0488829260480206,0,0.233070645529361,0.540407917444237
"TCGA.A6.2686.01A",0.04346549068329,0.393203109702902,0.196145169521651,0.00994422959113665,0.22983936518276,0.127402635318261
"TCGA.A6.3810.01A",8.49915187832021e-05,0.232175993124024,0.0846461559072858,0.000691646447652715,0.524965134567131,0.157436078435123
"TCGA.F4.6461.01A",0,0.256638945838386,0.00814015970329635,0,0.401204634298603,0.334016260159715
"TCGA.A6.5659.01A.1",0,0.330035176358075,0.000440027547591065,0,0.323926925761638,0.345597870332696
"TCGA.AD.6895.01A",0.00497827709884982,0.122681178430039,0.0616423616624125,0,0.422412174305205,0.388286008503494
"TCGA.A6.3810.01A.1",8.49915187832021e-05,0.232175993124024,0.0846461559072858,0.000691646447652715,0.524965134567131,0.157436078435123
"TCGA.AA.3510.01A",0,0.520860110148911,0.0461765442124363,0,0.194246129438693,0.23871721619996
"TCGA.A6.2684.01C",0,0,0.0412859074132929,0,0.627604192901347,0.33110989968536
"TCGA.CA.6715.01A",0,0.489512953205265,0,0,0.25969700302728,0.250790043767455
"TCGA.AA.3850.01A",0,0.248337462291218,0.0480500202237656,0,0.415827754197705,0.287784763287311
"TCGA.AZ.4616.01A",0.00892793311019541,0.400707010732745,0.0302991361778417,0,0.264391765068197,0.29567415491102
"TCGA.AA.3715.01A",0,0.148685260967829,0.0740731598396023,0,0.534467717341981,0.242773861850588
"TCGA.AA.3506.01A",0,0.48285955738204,0.0877921224847038,0,0.322566520615473,0.106781799517783
"TCGA.AD.6964.01A",0,0.0786146493651054,0.184527560882235,0,0.509162792985072,0.227694996767588
"TCGA.G4.6586.01A",0.113532875020342,0.398642355861411,0.045879148452252,0,0.115756851457094,0.326188769208902
"TCGA.AZ.6600.01A",0,0.244361869667527,0.022567649587319,0,0.409893485483291,0.323176995261863
"TCGA.AA.3675.01A",0,0.627326794755193,0.00544632846214595,0,0.240492237902896,0.126734638879766
"TCGA.D5.6529.01A",0,0.156338836127125,0.0765589908136954,0,0.579809621444672,0.187292551614508
"TCGA.A6.2672.01B",0,0.0286982378849239,0.0957941930436138,0,0.380133720739339,0.495373848332123
"TCGA.4N.A93T.01A",0,0.725192477208315,0.0378437927899212,0,0.0789122404297972,0.158051489571967
"TCGA.AA.3696.01A",0,0.475555968757064,0.000387288145529076,0,0.371861697691707,0.1521950454057
"TCGA.AA.3679.01A",0,0.666118791618493,0.0195431192717722,0,0.188377302847001,0.125960786262734
"TCGA.A6.2674.01B",0,0.00173903016069639,0.124285392417207,0,0.658138120571215,0.215837456850882
"TCGA.AA.A03J.01A",0,0.501213338840559,0.0360919525859542,0,0.281902290765429,0.180792417808058
"TCGA.F4.6703.01A",0,0,0.0679096572733306,0,0.839424153383839,0.0926661893428303
"TCGA.A6.6781.01B",0,0,0.185023075768562,0,0.627317801717103,0.187659122514335
"TCGA.CK.4948.01B",0,0.304861304884673,0.017116065114309,0,0.462441701534459,0.215580928466559
"TCGA.RU.A8FL.01A",0,0.7315159401246,0.000639653800810749,0,0.0297687394310084,0.23807566664358
"TCGA.A6.3810.01B",0.00497623648182654,0,0.0487805298542969,0,0.487860629172427,0.45838260449145
"TCGA.AY.A69D.01A",0,0.377611073787855,0.0307540202983831,0,0.334357046624321,0.25727785928944
"TCGA.F4.6808.01A",0,0.537233711014993,0.0092379050672374,0,0.230326232120852,0.223202151796918
"TCGA.CM.6162.01A",0,0,0.0647144239786967,0,0.737083979668025,0.198201596353278
"TCGA.F4.6704.01A",0,0.0965401092338091,0.00162657812109132,0,0.692648804395308,0.209184508249792
"TCGA.AD.6888.01A",0,0.781561391526465,0.0274745330312909,0,0.0780762032149905,0.112887872227253
"TCGA.A6.A56B.01A",0,0.283657378149851,0.0135231191540722,0,0.537298274905452,0.165521227790624
"TCGA.CM.4750.01A",0.000595171131791921,0.609899597452289,0,0.000780867493930816,0.249396923496041,0.139327440425947
"TCGA.A6.4105.01A",0,0.193618882780725,0.131261557132767,0,0.488127563470977,0.186991996615531
"TCGA.AA.3548.01A",0,0.488530300025017,0.108422982621598,0,0.27255340951093,0.130493307842454
"TCGA.AY.6386.01A",0.000694297465186663,0.321986878023418,0.0505700206658012,0,0.215094400920452,0.411654402925142
"TCGA.AY.4071.01A",0.00431823304720257,0.256012819611949,0.173577534515073,0.00062319877927862,0.346661164990313,0.218807049056185
"TCGA.F4.6569.01A",0,0.00406567675580421,0.0111232850468674,0,0.846826477508835,0.137984560688494
"TCGA.AA.3976.01A",0,0.613089416858927,0.022879732043146,0,0.241487624698703,0.122543226399224
"TCGA.A6.5656.01A.1",0,0.379427955780628,0.0124043275824458,0.00344241846860911,0.287997512695315,0.316727785473002
"TCGA.AD.6899.01A",0,0.185919617965411,0.0426138892037296,0,0.518264563986382,0.253201928844477
"TCGA.A6.6651.01A",0,0.0319839416035049,0.0823137117456243,0.00094715346798472,0.679532509855998,0.205222683326888
"TCGA.AA.3977.01A",0.00404350361862326,0.299482819453659,0.10334952334591,0,0.305271060654937,0.28785309292687
"TCGA.AA.A00Z.01A",0,0.427037927167162,0.0565431823639679,0,0.281447522984238,0.234971367484632
"TCGA.D5.6533.01A",0,0.316085876457527,0.0285456381609957,0,0.319312639656406,0.336055845725071
"TCGA.CK.6746.01A",0.182178538972572,0.308379675426405,0.0379190614693493,0.000700316145663271,0.104574166603918,0.366248241382092
"TCGA.DM.A288.01A",0,0.673395961319366,0,0,0.106166039688833,0.220437998991801
"TCGA.A6.4107.01A",0,0.500276632697257,0.00801295363670508,0,0.352738360378287,0.138972053287751
"TCGA.QG.A5Z1.01A",0,0.222917066604309,0.022797257329033,0,0.544364744373606,0.209920931693052
"TCGA.DM.A0XF.01A",0,0.378738968425131,0.0785920018980236,0,0.37887947682858,0.163789552848265
"TCGA.AA.3947.01A",0.227233528714031,0.302638313751857,0.0337024375617703,0.000778003983041901,0.20120494627424,0.23444276971506
"TCGA.AA.3950.01A",0,0.113926139615925,0.229981559186623,0,0.429410326915173,0.226681974282279
"TCGA.AA.3971.01A",0.0190199070447812,0.354785012149588,0.0841698833027085,0,0.231157993172636,0.310867204330286
"TCGA.CK.6751.01A",0,0.315935348217767,0.00293812753425553,0,0.446040451910997,0.235086072336981
"TCGA.F4.6570.01A",0,0.0245308498835568,0.216047720005329,0,0.447142405705473,0.312279024405641
"TCGA.AA.3955.01A",0,0.56076154715207,0.00600959849208782,0,0.159991371997254,0.273237482358588
