"","B Cells","Endothelial Cells","Fibroblasts","Macrophages","Cancer Cells","T Cells","Mast Cells"
"TCGA.EL.A3D0.01A",0,0.577997260029774,0.41698674915871,0.005015990811516,0,0,0
"TCGA.J8.A4HY.01A",0,0.621344804068891,0.35009967769581,0.028555518235299,0,0,0
"TCGA.L6.A4ET.01A",0,0.521940033683687,0.470646978498676,0.00570589954040594,0.00170708827723128,0,0
"TCGA.DE.A4MC.01A",0.00187655671026272,0.803585556144536,0.167680222513552,0.0268576646316497,0,0,0
"TCGA.ET.A25K.01A",0,0.670863631827248,0.329136368172752,0,0,0,0
"TCGA.DJ.A3UU.01A",0.00116519246853627,0.695967325532805,0.296936440215834,0.00593104178282537,0,0,0
"TCGA.EM.A1YA.01A",0,0.484255572106997,0.501661909376958,0.0140825185160445,0,0,0
"TCGA.CE.A483.01A",0,0.660328252259336,0.329491835009333,0.0101799127313309,0,0,0
"TCGA.DJ.A3VD.01A",0,0.715914982283038,0.242171185834574,0.041890878752069,0,0,2.29531303190711e-05
"TCGA.BJ.A28S.01A",0,0.594258038438351,0.403746507577092,0.00199545398455765,0,0,0
"TCGA.FY.A3R9.01A",0,0.525858353374512,0.471563536171298,0.00257811045418997,0,0,0
"TCGA.FY.A3R8.01A",0,0.766625673480538,0.195475576564089,0.0378987499553733,0,0,0
"TCGA.DJ.A3V2.01A",0.00180925129291712,0.741532911248121,0.166940173117627,0.0896756159633566,0,0,4.20483779786164e-05
"TCGA.ET.A25L.01A",0,0.474559044376295,0.488500090928765,0.036940864694939,0,0,0
"TCGA.EL.A3D1.01A",0,0.41458281145713,0.497755634760133,0.0787448947491405,0.00834220186678142,0,0.000574457166815068
"TCGA.FY.A3I4.01A",0,0.509914391434054,0.455761684629235,0.0343239239367112,0,0,0
"TCGA.DJ.A3UV.01A",0,0.578205242647039,0.402060171643949,0.0197345857090127,0,0,0
"TCGA.BJ.A28T.01A",0,0.792152072822066,0.155776970285084,0.0520709568928502,0,0,0
"TCGA.EM.A3FQ.01A",0.00172643610550259,0.703408571707741,0.224885301481805,0.0699796907049518,0,0,0
"TCGA.J8.A4HW.01A",0,0.550114311948572,0.449885688051428,0,0,0,0
"TCGA.MK.A4N6.01A",0,0.708704608297952,0.251297933402229,0.0399974582998194,0,0,0
"TCGA.DJ.A3V8.01A",0.000396757451718151,0.601815243836238,0.370684036142685,0.0265861223793101,0.000517840190048455,0,0
"TCGA.DJ.A1QI.01A",0,0.598868661290518,0.392987890476457,0.00814344823302511,0,0,0
"TCGA.EL.A3H8.01A",0,0.640663423003537,0.357314978319725,0.00202159867673827,0,0,0
"TCGA.EM.A3O3.01A",0.00107775872380529,0.405203205791337,0.513226406732133,0.0643412577783529,0.0145155721273151,0,0.00163579884705684
"TCGA.IM.A3U3.01A",0.00206545300571194,0.711700029347156,0.257343441495932,0.0288910761511999,0,0,0
"TCGA.BJ.A191.01A",0,0.546071197045033,0.421979779381789,0.00426521485974592,0.0276838087134326,0,0
"TCGA.E8.A3X7.01A",0.00157522613446007,0.672753788271255,0.26983233532021,0.0256753020029605,0.0301633482711145,0,0
"TCGA.FY.A3YR.01A",0,0.671144152357374,0.322406221495602,0.00644962614702464,0,0,0
"TCGA.KS.A41I.01A",0,0.479119460789897,0.446919263839188,0.0739612753709153,0,0,0
"TCGA.EL.A3CS.01A",0,0.501222594416033,0.488313107133273,0.00585998823660419,0.00460431021408986,0,0
"TCGA.EL.A3GU.01A",0,0.480630559266494,0.518492133723118,0.000877307010387854,0,0,0
"TCGA.EM.A1CU.01A",0,0.702588160053617,0.283691696585652,0.013720143360731,0,0,0
"TCGA.H2.A26U.01A",0.00409655588793617,0.803953523632192,0.122246327692469,0.0697035927874032,0,0,0
"TCGA.DJ.A2PT.01A",0,0.582405457743678,0.312846442085901,0.102612728753085,0.00205279742701652,0,8.25739903181709e-05
"TCGA.DJ.A3V6.01A",0.00087221905397351,0.665097873882885,0.31706388510431,0.0169660219588317,0,0,0
"TCGA.DJ.A2Q7.01A",0,0.636982787677288,0.35934944228531,0.00366777003740231,0,0,0
"TCGA.ET.A3BV.01A",0,0.368345242149789,0.619529946146127,0.00531008772561144,0,0,0.0068147239784719
"TCGA.EL.A3ZL.01A",0,0.469836143671463,0.520029379327718,0.00968626765444675,0.000206586413272409,0,0.000241622933099541
"TCGA.CE.A13K.01A",0,0.569128336552577,0.423820118339194,0.00695123973020616,0,0,0.000100305378023043
"TCGA.DJ.A3UQ.01A",0,0.540978899341744,0.441321887169114,0.0176992134891417,0,0,0
"TCGA.BJ.A45H.01A",0,0.584705654649774,0.36743518032804,0.0478421439400302,0,0,1.70210821567361e-05
"TCGA.L6.A4EU.01A",0.00196732174680563,0.673573192648903,0.264592777867436,0.0598667077368552,0,0,0
"TCGA.DJ.A3VM.01A",0,0.554572930861203,0.422698269053679,0.0227288000851181,0,0,0
"TCGA.H2.A3RH.01A",0,0.573377645842275,0.412509193704053,0.0141131604536724,0,0,0
"TCGA.EL.A3ZR.01A",0,0.542483782082717,0.444644806954435,0.0100835301842933,0.00278788077855463,0,0
"TCGA.BJ.A291.01A",0,0.593430378274827,0.406569621725173,0,0,0,0
"TCGA.MK.A4N9.01A",0,0.643768769205125,0.353894486069572,0.00233674472530244,0,0,0
"TCGA.EL.A3MZ.01A",0,0.588874577960836,0.392017486205425,0.0191079358337386,0,0,0
"TCGA.EM.A2CP.01A",0,0.836223278355241,0.0744228687477118,0.0893538528970469,0,0,0
"TCGA.DJ.A2PZ.01A",0.000561556960303239,0.576308574036808,0.385247132492638,0.0378827365102504,0,0,0
"TCGA.EL.A3ZG.01A",0,0.498462598542909,0.470924685720595,0.0130768356041333,0.0175358801323629,0,0
"TCGA.FE.A3PC.01A",0,0.580546413948084,0.360106889918643,0.0345995874623326,0.0247471086709402,0,0
"TCGA.BJ.A0YZ.01A",0,0.460066379392709,0.539933620607291,0,0,0,0
"TCGA.DJ.A13M.01A",0,0.368022622750876,0.552513309354653,0.0544855665884782,0.0249785013059923,0,0
"TCGA.EM.A3OA.01A",0,0.56008003373078,0.364937052629914,0.00351267484511681,0.0714702387941894,0,0
"TCGA.J8.A3YE.01A",0,0.442524343430385,0.488467797629963,0.0147461761733331,0.054261682766319,0,0
"TCGA.BJ.A0Z9.01A",0,0.63166996406034,0.322397222953399,0.0459328129862611,0,0,0
"TCGA.EL.A3CW.01A",0,0.583993263981148,0.394945197543257,0.0199035823491508,0.00114374369337459,0,1.4212433069469e-05
"TCGA.FY.A3R6.01A",0,0.833855631391691,0.128660084804063,0.037484283804246,0,0,0
"TCGA.H2.A2K9.01A",0,0.612605256626497,0.381292145298173,0.00610259807532995,0,0,0
"TCGA.DJ.A2PO.01A",0.00125860802153332,0.728270607521825,0.21905601000961,0.0513176725358776,0,0,9.71019111545777e-05
"TCGA.FY.A40N.01A",0.00215492265426856,0.731570741713463,0.250852443936845,0.013611422009945,0,0.00181046968547837,0
"TCGA.EM.A1YD.01A",0,0.47909788215342,0.52090211784658,0,0,0,0
"TCGA.DE.A69J.01A",0,0.660954782763407,0.314774340797332,0.0242708764392616,0,0,0
"TCGA.EL.A3MX.01A",0,0.425595693755403,0.415222586837644,0.0100233451027075,0.149158374304245,0,0
"TCGA.J8.A3YG.01A",0,0.599864894423216,0.347667617060629,0.0519714096819793,0.000427535326074583,0,6.85435081011701e-05
"TCGA.BJ.A0ZC.01A",0,0.661162084014109,0.338837915985891,0,0,0,0
"TCGA.FY.A40K.01A",0,0.595460142219774,0.287070747366759,0.117469110413467,0,0,0
"TCGA.EL.A4K6.01A",0,0.459569807117143,0.426012146350556,0.0212108656240952,0.0932071809082057,0,0
"TCGA.EL.A3H3.01A",0.000895665087868528,0.807922069732787,0.109864963469411,0.0812403724636927,0,0,7.69292462401364e-05
"TCGA.BJ.A290.01A",0,0.470444348175832,0.528661851821915,0.00089380000225305,0,0,0
"TCGA.BJ.A28Z.01A",0.000199128476995096,0.7924450870094,0.117145668326221,0.0901631529375998,0,0,4.69632497840449e-05
"TCGA.CE.A484.01A",0,0.471201395288468,0.518237594258251,0.0105610104532815,0,0,0
"TCGA.EM.A3FL.01A",0,0.442477143525049,0.498055176701557,0.011129115368088,0.0483385644053063,0,0
"TCGA.EL.A3GO.01A",0,0.728298268106945,0.271701731893055,0,0,0,0
"TCGA.ET.A39T.01A",0,0.627627241051923,0.331211192394786,0.0149467451328139,0.023410540980702,0,0.00280428043977558
"TCGA.EM.A2CK.01A",0,0.545698166608174,0.443546051925789,0.0107557814660366,0,0,0
"TCGA.DJ.A4UQ.01A",0,0.538678055013103,0.456586812115118,0.00473513287177881,0,0,0
"TCGA.DJ.A3UO.01A",0,0.585987470947871,0.396242113172968,0.017770415879161,0,0,0
"TCGA.DJ.A1QM.01A",0,0.407724465008491,0.578465451498858,0.0138100834926508,0,0,0
"TCGA.ET.A3BS.01A",0,0.812204261172561,0.121672519863948,0.0661232189634903,0,0,0
"TCGA.EM.A3AO.01A",0,0.820217878059044,0.124439952084822,0.0545320275715195,0,0,0.000810142284614461
"TCGA.DJ.A3UN.01A",0,0.529943288922342,0.436175715423288,0.0338809956543694,0,0,0
"TCGA.DJ.A13W.01A",0,0.594785978362915,0.387006688483271,0.0182073331538141,0,0,0
"TCGA.DJ.A3VE.01A",0,0.626878442356198,0.365079945906821,0.00804161173698056,0,0,0
"TCGA.DJ.A3VI.01A",0,0.677903594381788,0.289209813880292,0.0269748879435243,0.0059117037943959,0,0
"TCGA.EM.A2CO.01A",0,0.399440904306286,0.590552283578365,0.0100068121153495,0,0,0
"TCGA.ET.A39L.01A",0,0.680221392160183,0.319778607839817,0,0,0,0
"TCGA.EM.A3FO.01A",0,0.537535560935679,0.426743852707719,0.0108822175958444,0.0246253299393324,0,0.000213038821424604
"TCGA.E8.A418.01A",0,0.745755742742296,0.201753133236458,0.0524911240212461,0,0,0
"TCGA.DE.A4M9.01A",0,0.385062384623932,0.614937615376068,0,0,0,0
"TCGA.BJ.A28W.01A",0.225119200505934,0.3566539058195,0.0999480074036217,0.0808344315135784,0.0217834526881724,0.215656253371325,4.74869786882375e-06
"TCGA.DJ.A2Q6.01A",0.00184238105830795,0.707909037563901,0.289989879872017,8.7873209903575e-05,0,0.000161624038382997,9.20425748778947e-06
"TCGA.EL.A3N2.01A",0,0.812135790183164,0.171908268814556,0.0159559410022802,0,0,0
"TCGA.FK.A3SG.01A",0,0.619553292638516,0.355753690606904,0.02469301675458,0,0,0
"TCGA.DJ.A3UM.01A",0,0.626594858208404,0.334200374296886,0.0392047674947103,0,0,0
"TCGA.BJ.A45E.01A",0.000817528216395795,0.70134162992762,0.137584953482931,0.160255888373053,0,0,0
"TCGA.E8.A415.01A",0,0.642461923966187,0.328641044671434,0.0288970313623794,0,0,0
"TCGA.DJ.A4UP.01A",0,0.634430917091704,0.339738301280579,0.0258307816277171,0,0,0
"TCGA.ET.A39J.01A",0,0.652075953051611,0.347924046948389,0,0,0,0
"TCGA.KS.A41J.01A",0.00390721138262961,0.670136083657615,0.239314202431292,0.057093503593646,0.029548998934817,0,0
"TCGA.BJ.A4O9.01A",0,0.52959227881141,0.407065318937157,0.0117727830453204,0.051569619206113,0,0
"TCGA.EM.A2CM.01A",0,0.451019277539825,0.50988307257617,0.0327895445532894,0.00630810533071596,0,0
"TCGA.EM.A2OW.01A",0,0.69231421045764,0.27678907540528,0.0308967141370794,0,0,0
"TCGA.FE.A3PA.01A",0,0.653867237072864,0.319067625096557,0.0183053872954401,0.00875975053513927,0,0
"TCGA.QD.A8IV.01A",0,0.585316618319798,0.38658567515899,0.0280977065212119,0,0,0
"TCGA.IM.A3U2.01A",0,0.537700330175056,0.438026216034753,0.0198330486155469,0.00444040517464416,0,0
"TCGA.EL.A3H5.01A",0,0.44334118052238,0.523440542208567,0.0325823832525695,0,0,0.000635894016483454
"TCGA.DJ.A13R.01A",0.00273109197846255,0.597593047939405,0.202357438353129,0.158220312037102,0.0369658383046946,0,0.00213227138720714
"TCGA.ET.A2MY.01A",0.000448338195066851,0.609384745154562,0.371305294075087,0.0188616225752841,0,0,0
"TCGA.IM.A3EB.01A",0,0.840089152584515,0.120432910765882,0.0394779366496031,0,0,0
"TCGA.DJ.A1QF.01A",0,0.575756295082333,0.404976435990588,0.0192672689270791,0,0,0
"TCGA.EL.A3T1.01A",0,0.76077685371162,0.207997709399968,0.0312254368884116,0,0,0
"TCGA.FE.A237.01A",0,0.504678494661362,0.483574792801213,0.0117467125374257,0,0,0
"TCGA.EM.A3FJ.01A",0,0.559940100026214,0.429623369397712,0.010436530576074,0,0,0
"TCGA.EL.A3D4.01A",0,0.411398213725583,0.56828923563916,0.0203125506352569,0,0,0
"TCGA.FE.A234.01A",0,0.718259774635294,0.253112318405785,0.0286279069589208,0,0,0
"TCGA.FY.A40M.01A",0,0.453177683378313,0.475961187505151,0.00179674571692976,0.0690643833996061,0,0
"TCGA.EM.A2OX.01A",0,0.586242595799184,0.405329730516082,0.00842767368473435,0,0,0
"TCGA.EM.A4FR.01A",0,0.48675393869999,0.48051863713452,0.0327274241654899,0,0,0
"TCGA.EM.A22I.01A",0.000678234503569222,0.609053939281346,0.37466110464975,0.0156061961193161,0,0,5.25446018158455e-07
"TCGA.FY.A3ON.01A",0,0.734023576269771,0.25885422104941,0.0071222026808194,0,0,0
"TCGA.EM.A1YC.01A",0,0.496352099025058,0.427688204969409,0.0172162957024706,0.058743400303062,0,0
"TCGA.EL.A3TA.01A",0,0.476611841225079,0.455361238898046,0.0680269198768746,0,0,0
"TCGA.CE.A27D.01A",0.00227544128656799,0.762820052200033,0.184812322936249,0.0500921835771496,0,0,0
"TCGA.ET.A3BT.01A",0,0.615069832811161,0.362694824048366,0.0222353431404723,0,0,0
"TCGA.DJ.A13U.01A",0,0.667927208856161,0.328228712033308,0.00384407911053097,0,0,0
"TCGA.EM.A3O8.01A",0,0.617015118575866,0.375846454147996,0.00713842727613812,0,0,0
"TCGA.H2.A422.01A",0,0.72417877532217,0.255391994478524,0.0204292301993063,0,0,0
"TCGA.EL.A3CL.01A",0,0.580081593949832,0.39268074101172,0.0272376650384478,0,0,0
"TCGA.DJ.A13V.01A",0,0.636899077690102,0.358611103481911,0.00448981882798647,0,0,0
"TCGA.EM.A22Q.01A",0,0.364518570633434,0.354179666847255,0.0828711020310491,0.198430660488262,0,0
"TCGA.EM.A22J.01A",0.000675702051183972,0.612073889343127,0.379260041418354,0.00799036718733505,0,0,0
"TCGA.BJ.A0Z2.01A",0,0.544433049500635,0.438928817736813,0.0166381327625523,0,0,0
"TCGA.E3.A3E3.01A",0.00175483145586612,0.680806373068146,0.301161832233339,0.0162769632426486,0,0,0
"TCGA.IM.A41Y.01A",0,0.654102652584995,0.298991514037042,0.0162557480919661,0.0306500852859968,0,0
"TCGA.EM.A3AN.01A",0,0.642829714507791,0.352737676121715,0.00443260937049395,0,0,0
"TCGA.EL.A3ZP.01A",0,0.797673072013735,0.157063282834133,0.0452636451521312,0,0,0
"TCGA.BJ.A3F0.01A",0,0.425177303854665,0.568730403643096,0.00609229250223859,0,0,0
"TCGA.L6.A4EQ.01A",0,0.624246860855924,0.358035614049417,0.0177175250946585,0,0,0
"TCGA.FE.A3PB.01A",0.000787675716245944,0.655184865929356,0.306514629384951,0.0371673025264451,0,0,0.000345526443001363
"TCGA.BJ.A0ZB.01A",0,0.59898515375838,0.392077035018224,0.0089378112233967,0,0,0
"TCGA.BJ.A0ZJ.01A",0,0.644807891185724,0.314197074648637,0.0409950341656384,0,0,0
"TCGA.EM.A4G1.01A",0,0.56810724121139,0.346862091079313,0.0161501315850063,0.0688805361242901,0,0
"TCGA.DJ.A3V7.01A",1.34720814139401e-05,0.722706264515554,0.237460495778328,0.0268769694303093,0.0129427981943947,0,0
"TCGA.KS.A4I3.01A",0,0.568307471174619,0.414617789335473,0.0170747394899081,0,0,0
"TCGA.EL.A3GR.01A",0,0.554608162734679,0.443193180189692,0.0021986570756288,0,0,0
"TCGA.EM.A3AQ.01A",0,0.604055323888668,0.386056245583864,0.00988843052746777,0,0,0
"TCGA.BJ.A45C.01A",0,0.463979781100931,0.507357051406379,0,0.0286631674926893,0,0
"TCGA.DJ.A2PN.01A",0,0.676087661010325,0.318906392059663,0.00500594693001121,0,0,0
"TCGA.ET.A2MX.01A",0,0.532900918328643,0.371774041282696,0.0247853263606213,0.0705397140280395,0,0
"TCGA.DJ.A4V2.01A",0,0.602661286086878,0.360110837455728,0.0372278764573939,0,0,0
"TCGA.ET.A39P.01A",0.00275223566179138,0.569233433766422,0.424966196148843,0.00248056912743709,0.000567565295507247,0,0
"TCGA.DJ.A2Q3.01A",0.000939258356681802,0.77330395904825,0.200655690072939,0.0251010925221294,0,0,0
"TCGA.DJ.A2QC.01A",0,0.531011906535584,0.426151000801083,0.0292160055256506,0.013354975074073,0,0.000266112063609638
"TCGA.KS.A4IB.01A",0,0.616287919736795,0.366995506149955,0.0167165741132503,0,0,0
"TCGA.EM.A3AK.01A",0,0.60083586656335,0.376851749403257,0.0223123840333934,0,0,0
"TCGA.EM.A3ST.01A",0,0.559397401609413,0.302675070003433,0.00916525442229833,0.128762273964855,0,0
"TCGA.FK.A3SD.01A",0,0.38822293948382,0.61177706051618,0,0,0,0
"TCGA.DJ.A2PQ.01A",0,0.549868757681724,0.44167100670537,0.00846023561290584,0,0,0
"TCGA.DJ.A13P.01A",0,0.650041294447057,0.341268713775393,0.00868999177754986,0,0,0
"TCGA.EM.A2CL.01A",0,0.564282087348717,0.435717912651283,0,0,0,0
"TCGA.EL.A3MW.01A",0,0.518956694455551,0.421780163150376,0.0592631423940721,0,0,0
"TCGA.J8.A3NZ.01A",0,0.695329556469412,0.283077712207727,0.0215927313228604,0,0,0
"TCGA.DE.A4MD.01A",0,0.510110935406618,0.383152865561218,0.025670289386253,0.0810659096459109,0,0
"TCGA.DJ.A3UY.01A",0,0.497376308877914,0.458996809835846,0.0436268812862401,0,0,0
"TCGA.ET.A25O.01A",0,0.552564513828183,0.443246436549306,0.00418904962251125,0,0,0
"TCGA.EL.A3ZM.01A",0,0.555948216530834,0.339436411861634,0.0470483919479795,0.0575669796595521,0,0
"TCGA.EM.A1YE.01A",0,0.42936179741004,0.566531481372147,0.00410672121781339,0,0,0
"TCGA.J8.A42S.01A",0,0.561946864468998,0.435832329602961,0.00222080592804059,0,0,0
"TCGA.ET.A2MZ.01A",0,0.572616491814,0.411207043389819,0.0161764647961816,0,0,0
"TCGA.CE.A3ME.01A",0,0.595662133060479,0.370293067949472,0.0224792899763564,0.011565509013692,0,0
"TCGA.EM.A3AR.01A",0,0.432851937799558,0.567148062200442,0,0,0,0
"TCGA.FY.A3BL.01A",0,0.56739789264532,0.412108867721935,0.00838251981785395,0.0121107198148911,0,0
"TCGA.EM.A3FM.01A",0,0.660868028624316,0.254650696664194,0.0691890989155607,0.0152921757959294,0,0
"TCGA.BJ.A4O8.01A",0,0.579031519229404,0.380834513605426,0.040133967165169,0,0,0
"TCGA.H2.A3RI.01A",0.00153855212346673,0.712706307671931,0.271155358234742,0.0145997819698608,0,0,0
"TCGA.ET.A3BQ.01B",0,0.635842826653271,0.357070424135799,0.00708674921093036,0,0,0
"TCGA.CE.A482.01A",0,0.65062188410578,0.333168469562928,0.0161411047918454,0,0,6.85415394462674e-05
"TCGA.DJ.A4UT.01A",0,0.78066060431068,0.172209424205813,0.0471299714835067,0,0,0
"TCGA.BJ.A3PU.01A",0,0.650283451790108,0.251309134168613,0.0486856880511565,0.0404108838964072,0,0.00931084209371489
"TCGA.ET.A25I.01A",0.00102975156508931,0.630365961624423,0.336041219403207,0.0325630674072806,0,0,0
"TCGA.BJ.A2NA.01A",0,0.707339917248043,0.273646294690518,0.0190137880614392,0,0,0
"TCGA.DJ.A3V0.01A",0.000533990666307839,0.547592507107005,0.433231360154462,0.0184515364938168,0,0,0.000190605578408184
"TCGA.DJ.A3VB.01A",0.00242878588981976,0.712061615649698,0.23698459775468,0.0485250007058025,0,0,0
"TCGA.DJ.A2PV.01A",0,0.601284898781238,0.386625839743641,0.012089261475121,0,0,0
"TCGA.BJ.A3PR.01A",0.010405869796542,0.75978566074497,0.126949015142665,0.102859454315822,0,0,0
"TCGA.EL.A3CR.01A",0,0.435180241923506,0.392784269413698,0.172035488662796,0,0,0
"TCGA.ET.A25N.01A",0,0.620574692630235,0.370728972505048,0.00869633486471641,0,0,0
"TCGA.EM.A1CT.01A",0.00278252660790996,0.755492463443636,0.216383243809929,0.0253417661385246,0,0,0
"TCGA.DE.A0Y3.01B",0,0.680258581972132,0.314154796257903,0.00558662176996489,0,0,0
"TCGA.DJ.A2Q0.01A",0,0.713696672256071,0.269035706736121,0.0172676210078077,0,0,0
"TCGA.FE.A239.01A",0,0.488305916338241,0.506102516132746,0.00559156752901369,0,0,0
"TCGA.EM.A2CQ.01A",0,0.568412687473398,0.426383208110878,0.00520410441572415,0,0,0
"TCGA.EL.A3T6.01A",0,0.81557435160955,0.102915261460579,0.0815103869298716,0,0,0
"TCGA.DE.A4M8.01A",0.00274055125012463,0.766026281421676,0.169799361718996,0.0613540306543427,0,0,7.97749548613177e-05
"TCGA.J8.A3YH.01A",0,0.548319950138891,0.437560066708845,0.0141199831522644,0,0,0
"TCGA.FE.A235.01A",0,0.515925410137012,0.465611524714757,0.0184630651482311,0,0,0
"TCGA.FE.A233.01A",0,0.616679677356485,0.371209066085036,0.0121112565584795,0,0,0
"TCGA.EM.A4FN.01A",0.000595694411904771,0.57665267112015,0.346016447293243,0.0683971485410774,0.00833803863362462,0,0
"TCGA.ET.A39N.01A",0,0.571031656832441,0.385068405427126,0,0.0438999377404326,0,0
"TCGA.ET.A4KN.01A",0.00382439993821833,0.431581679182379,0.231553014725982,0.11699071524428,0.215047157009789,0,0.00100303389935163
"TCGA.BJ.A3EZ.01A",0,0.743666635837433,0.241743613828671,0.0145897503338961,0,0,0
"TCGA.DJ.A3UR.01A",0,0.563812273227211,0.429410444015695,0.00677728275709385,0,0,0
"TCGA.FE.A236.01A",0,0.587917542997804,0.404176988654302,0.00790546834789424,0,0,0
"TCGA.ET.A2N4.01A",0,0.627793589896111,0.359607620856527,0.0125987892473623,0,0,0
"TCGA.ET.A3BO.01A",0,0.808697213219042,0.162411208379572,0.0288915784013859,0,0,0
"TCGA.FK.A4UB.01A",0,0.543214477091124,0.444699407727408,0.00852769153246626,0.00355842364900203,0,0
"TCGA.DJ.A13L.01A",0.00255605677993402,0.705529164414633,0.221798649498025,0.0694039529621127,0,0,0.000712176345295369
"TCGA.EL.A3ZQ.01A",0,0.448608465227788,0.321210465969674,0.0525528397817684,0.177624039111352,0,4.18990941731542e-06
"TCGA.EL.A4K9.01A",0,0.58124226784244,0.364114452516065,0.0541651590468716,0,0,0.000478120594623338
"TCGA.ET.A25P.01A",0,0.586176823251001,0.405497239233937,0.00784635455910539,0,0,0.000479582955956416
"TCGA.EL.A3ZH.01A",0,0.50852899490491,0.482721148687936,0.00874985640715393,0,0,0
"TCGA.EM.A4FU.01A",0,0.51734306148079,0.452567488711429,0.0300894498077812,0,0,0
"TCGA.KS.A4IC.01A",0,0.5511413680648,0.387155008893007,0.057446833212896,0.00425678982929716,0,0
"TCGA.CE.A481.01A",0,0.671079795390787,0.313784404104367,0.0151358005048462,0,0,0
"TCGA.EL.A3CT.01A",0,0.700187254226134,0.276198311413968,0.0236144343598981,0,0,0
"TCGA.DJ.A2QA.01A",0,0.412973290964425,0.494491917938815,0.0329893318971703,0.0595454591995898,0,0
"TCGA.FY.A40L.01A",0,0.749443722472804,0.225639990458341,0.0249162870688552,0,0,0
"TCGA.DO.A1K0.01A",0,0.675600766474316,0.313327037594227,0.0110721959314572,0,0,0
"TCGA.EL.A3GW.01A",0,0.562773064817438,0.41547500858412,0.0217519265984426,0,0,0
"TCGA.EM.A3SU.01A",0.0028619425869598,0.560627111938194,0.28462633575107,0.108202976844948,0.043681632878829,0,0
"TCGA.MK.A84Z.01A",0,0.572447433636561,0.420110648893515,0.00744191746992422,0,0,0
"TCGA.EL.A3H1.01A",0,0.557396617269337,0.42958152673624,0.0130218559944232,0,0,0
"TCGA.EL.A3ZK.01A",0.00279473511346269,0.649701081387762,0.299873282432739,0.047630901066036,0,0,0
"TCGA.EL.A3GP.01A",0,0.330672736058038,0.480686514922709,0.188640749019253,0,0,0
"TCGA.ET.A40R.01A",0.000215132530524178,0.597047126846438,0.381972617216759,0.0207651234062783,0,0,0
"TCGA.DJ.A3UX.01A",0.00142851173584131,0.689802181650643,0.302813344681996,0.0059559619315199,0,0,0
"TCGA.DJ.A1QQ.01A",0,0.634169444604326,0.36138728827588,0.00444326711979402,0,0,0
"TCGA.EL.A3GY.01A",0,0.580655500870376,0.372973798466499,0.0463707006631247,0,0,0
"TCGA.EL.A4K0.01A",0,0.653934174990601,0.329931802846905,0.016134022162494,0,0,0
"TCGA.IM.A3ED.01A",0,0.663177489954825,0.277736058418835,0.0590864516263399,0,0,0
"TCGA.EL.A3GZ.01A",0.000407429976842915,0.62302640595231,0.371444167253796,0.00447320320033069,0.000648793616720827,0,0
"TCGA.DJ.A1QL.01A",0,0.524851281270676,0.471450517951889,0.00369820077743508,0,0,0
"TCGA.DJ.A4V5.01A",0,0.730986417758884,0.231303355926794,0.0375507262412854,0,0,0.000159500073036222
"TCGA.EL.A3T3.01A",0,0.616871244990611,0.336579436144183,0.0465493188652064,0,0,0
"TCGA.E3.A3E1.01A",0,0.577869445370425,0.376829230657149,0.0425769606477494,0.00272436332467688,0,0
"TCGA.EL.A3ZN.01A",0,0.574026011698316,0.417594312129192,0.00837967617249129,0,0,0
"TCGA.EL.A4KI.01A",0,0.308732466061523,0.532114975872529,0.0524908278698181,0.10666173019613,0,0
"TCGA.DJ.A2Q4.01A",0,0.729571106431376,0.264381918799414,0.00604697476920982,0,0,0
"TCGA.IM.A4EB.01A",0.00286469188700073,0.71750190854456,0.243801358906614,0.0358320406618246,0,0,0
"TCGA.ET.A39M.01A",0,0.574598125926266,0.300986895366978,0.123873146792887,0.000523254277523301,0,1.85776363467826e-05
"TCGA.EM.A2CU.01A",0,0.615274212896477,0.359002007529871,0.024964515517231,0,0,0.00075926405642067
"TCGA.E3.A3DZ.01A",0,0.600588124493711,0.398466189818713,0.00094568568757517,0,0,0
"TCGA.ET.A3BW.01A",0,0.611556561043206,0.388443438956794,0,0,0,0
"TCGA.DE.A0Y2.01A",0,0.668290368129312,0.319994449143105,0.0117151827275832,0,0,0
"TCGA.DJ.A3VF.01A",0,0.578554387230575,0.401896336490173,0.0195492762792517,0,0,0
"TCGA.DJ.A3VA.01A",0.00374072677557291,0.688501023226976,0.293716371995357,0.0138387872307069,0,0.000203090771386821,0
"TCGA.E3.A3E2.01A",0.00127030035735179,0.737177236630794,0.233170255855966,0.0283822071558885,0,0,0
"TCGA.DJ.A1QD.01A",0,0.610347471732832,0.379979070126785,0.00967345814038372,0,0,0
"TCGA.J8.A3O1.01A",0,0.575290497990662,0.371105720185019,0.0113838342868258,0.0422199475374925,0,0
"TCGA.DJ.A3V3.01A",0,0.633717033991936,0.342321300239537,0.0239512528486542,0,0,1.04129198731709e-05
"TCGA.DJ.A2Q2.01A",0,0.748766415629619,0.243393909744686,0.00783967462569544,0,0,0
"TCGA.KS.A41F.01A",0,0.450362567301306,0.308818818853212,0.0329186764573196,0.207899937388162,0,0
"TCGA.EL.A3N3.01A",0,0.829441556490196,0.117790001901519,0.0527216081193624,0,0,4.68334889220498e-05
"TCGA.GE.A2C6.01A",0.000248155107311128,0.675668938178526,0.301891162752287,0.0209104118014361,0,0,0.00128133216044046
"TCGA.EL.A3D6.01A",0.003377820416137,0.649939801518308,0.313584352650537,0.0330980254150182,0,0,0
"TCGA.DE.A7U5.01A",0,0.64099054448635,0.308881822214182,0.0501276332994686,0,0,0
"TCGA.DJ.A3VJ.01A",0,0.695726408241115,0.298134146077574,0.00613944568131106,0,0,0
"TCGA.EM.A4FQ.01A",0.00227781529382248,0.658816666595928,0.307725982911576,0.0311795351986734,0,0,0
"TCGA.CE.A3MD.01A",0,0.812864771055184,0.169478258644999,0.0176569702998171,0,0,0
"TCGA.ET.A25R.01A",0.000387403283746296,0.730221765200815,0.26049874615431,0.00889208536112845,0,0,0
"TCGA.EM.A3AP.01A",0,0.457844276486925,0.526261785510925,0.0158939380021493,0,0,0
"TCGA.EL.A4JZ.01A",0,0.756417571554587,0.175261465914181,0.0679476909144208,0,0,0.000373271616811022
"TCGA.FE.A23A.01A",0.0032155722946965,0.7414477247036,0.212225132639164,0.0431115703625398,0,0,0
"TCGA.BJ.A45K.01A",0,0.581318008624793,0.418681991375207,0,0,0,0
"TCGA.DJ.A1QE.01A",0,0.551151651356145,0.448781961660028,6.63869838272184e-05,0,0,0
"TCGA.E8.A433.01A",0.0027901615380617,0.514285326109197,0.41406786798437,0.0341458222104733,0.0347108221578982,0,0
"TCGA.BJ.A18Z.01A",0,0.433785809353551,0.537335015648616,0.028879174997833,0,0,0
"TCGA.EL.A4K7.01A",0,0.345920475759425,0.479167401133411,0.109902980978543,0.0650091421286219,0,0
"TCGA.FY.A3W9.01A",0,0.531591530895766,0.464377978444912,0.00403049065932201,0,0,0
"TCGA.EM.A22P.01A",0,0.569626309498382,0.400151681141426,0.0296225188639701,0,0,0.000599490496221381
"TCGA.DJ.A2PX.01A",0.000372573506846361,0.745988219300265,0.211552227622371,0.0417462085478908,0,0,0.000340771022627005
"TCGA.J8.A3YD.01A",0,0.542894062284972,0.442821137525733,0.014284800189295,0,0,0
"TCGA.EL.A3CV.01A",0,0.762804409040426,0.202753639419709,0.0340955623517945,0,0,0.000346389188070052
"TCGA.EL.A3CM.01A",0,0.556330522122017,0.432970146981699,0.0106993308962832,0,0,0
"TCGA.ET.A40Q.01A",0,0.790478277489105,0.140196650661459,0.069325071849436,0,0,0
"TCGA.FK.A3SE.01A",0,0.641388933809745,0.358218027840851,0.000393038349403404,0,0,0
"TCGA.EM.A2OZ.01A",0,0.639166719944821,0.330124781249025,0.0258304264123132,0.00487807239384087,0,0
"TCGA.ET.A3DW.01A",0.00316265707632095,0.813669362180762,0.154481048045659,0.0286869326972587,0,0,0
"TCGA.H2.A421.01A",0,0.806215133747377,0.13714338354501,0.0566414827076126,0,0,0
"TCGA.E8.A417.01A",0.00431763960284746,0.794199627635068,0.171835077732652,0.0243508756561739,0.00529677937325908,0,0
"TCGA.EL.A3T2.01A",0,0.598339782401254,0.394986662363594,0.00667355523515182,0,0,0
"TCGA.E3.A3E0.01A",0,0.638666625610639,0.350001837092486,0.0113315372968744,0,0,0
"TCGA.DJ.A3UW.01A",0,0.812260997942533,0.114809625960241,0.0729293760972264,0,0,0
"TCGA.DJ.A3VG.01A",0,0.542647139319872,0.448004967948239,0.00934789273188845,0,0,0
"TCGA.BJ.A28V.01A",0,0.578065230837925,0.421934769162075,0,0,0,0
"TCGA.EM.A2CJ.01A",0,0.442462625844231,0.5542502180388,0.00328715611696973,0,0,0
"TCGA.EM.A22O.01A",0,0.526805762818658,0.358010652259087,0.0316432162167059,0.0835403687055492,0,0
"TCGA.E3.A3DY.01A",0,0.748135085920758,0.216566158816182,0.03529875526306,0,0,0
"TCGA.BJ.A0ZH.01A",0,0.655783525156482,0.304471563045015,0.039744911798503,0,0,0
"TCGA.BJ.A45J.01A",0,0.607760261892047,0.380637598334694,0.0116021397732595,0,0,0
"TCGA.FY.A3I5.01B",0,0.483062140200516,0.507378344351468,0.00955951544801605,0,0,0
"TCGA.E8.A413.01A",0,0.507276661175519,0.467211546556477,0.0255117922680047,0,0,0
"TCGA.FY.A3NM.01A",0,0.506706054006701,0.493293945993299,0,0,0,0
"TCGA.FY.A2QD.01A",0,0.469875030113648,0.530124969886352,0,0,0,0
"TCGA.CE.A485.01A",0,0.614754984112036,0.377327306764378,0.00791770912358658,0,0,0
"TCGA.DJ.A13S.01A",0,0.567831066507631,0.383551405720329,0.0486175277720408,0,0,0
"TCGA.ET.A3DR.01A",0,0.553171497258185,0.446828502741815,0,0,0,0
"TCGA.DJ.A13O.01A",0.00285454510935269,0.513929867774678,0.43495802440578,0.0474354640769288,0.000822098633260907,0,0
"TCGA.EM.A22N.01A",0,0.557314875681767,0.4160622947993,0.0266228295189335,0,0,0
"TCGA.E8.A414.01A",0,0.616973604545112,0.371998888446298,0.0110275070085901,0,0,0
"TCGA.ET.A3BU.01A",0,0.680726570524638,0.301443755061427,0.0178296744139345,0,0,0
"TCGA.EL.A3ZT.01A",0,0.65353868091909,0.322092960843603,0.0243683582373071,0,0,0
"TCGA.ET.A39S.01A",0,0.571827545127736,0.4225122144182,0.00566024045406407,0,0,0
"TCGA.EM.A3O6.01A",0,0.613651542312208,0.38337038232758,0,0.00297807536021222,0,0
"TCGA.ET.A3DU.01A",0.00093536519465653,0.737274766916955,0.167442018568162,0.0931510243821869,0,0,0.00119682493803972
"TCGA.DJ.A1QN.01A",0,0.654864541946582,0.323749185709882,0.0213862723435361,0,0,0
"TCGA.ET.A3DP.01A",0,0.615799011299908,0.344667088769344,0.0395338999307474,0,0,0
"TCGA.FY.A3NN.01A",0,0.541765849910946,0.412497603766751,0.0457365463223027,0,0,0
"TCGA.DJ.A3V9.01A",0,0.626045251350716,0.358646632281066,0.0153081163682176,0,0,0
"TCGA.E8.A2JQ.01A",0,0.818860771782486,0.101156449824581,0.0799827783929331,0,0,0
"TCGA.EM.A4FH.01A",0,0.53859996098326,0.46140003901674,0,0,0,0
"TCGA.IM.A420.01A",0.00234704998457903,0.731705730578363,0.235255451692506,0.0306917677445517,0,0,0
"TCGA.EM.A22K.01A",0,0.555337075411528,0.441731526936443,0.00293139765202892,0,0,0
"TCGA.EM.A2P0.01A",0,0.627599548764663,0.36599284836077,0.00640760287456641,0,0,0
"TCGA.BJ.A28R.01A",0.00103322359520763,0.824046445532673,0.161257972221155,0.0136623586509645,0,0,0
"TCGA.ET.A3BX.01A",0,0.694410322871407,0.292229811580812,0.0133598655477814,0,0,0
"TCGA.FY.A4B4.01A",0,0.78445021097104,0.153904829797181,0.0616349745110313,0,0,9.98472074839561e-06
"TCGA.ET.A3DQ.01A",0,0.633228222146192,0.352916784957783,0.0138549928960246,0,0,0
"TCGA.ET.A3DO.01A",0.00245166843003839,0.794111962865165,0.138319049953931,0.065115206544212,0,0,2.11220665324271e-06
"TCGA.E8.A416.01A",0,0.390324916388922,0.609284275717621,0.000390807893457139,0,0,0
"TCGA.DJ.A1QG.01A",0,0.685692004274165,0.262042073016707,0.0520910731324993,0,0,0.00017484957662941
"TCGA.EM.A2OY.01A",0,0.460008801300179,0.453194422810599,0.0309438553123486,0.055852920576873,0,0
"TCGA.EL.A3CP.01A",0,0.563586549886754,0.436413450113246,0,0,0,0
"TCGA.BJ.A45F.01A",0,0.551528592158058,0.412755612777155,0.0351736121242976,0,0,0.000542182940489438
"TCGA.EM.A4FV.01A",0.00361188951024127,0.682699967860927,0.280178169498896,0.0335099731299359,0,0,0
"TCGA.EM.A2P1.01A",0.00110989895450739,0.835679027588426,0.115476992266088,0.0475305451881286,0,0,0.000203536002849644
"TCGA.EL.A4JW.01A",0,0.635635562379303,0.358662813491336,0.00570162412936104,0,0,0
"TCGA.EM.A3AI.01A",0,0.528951040916002,0.464801076413647,0,0.00624788267035011,0,0
"TCGA.EL.A3GX.01A",0,0.727609308745897,0.175210873775998,0.097179817478105,0,0,0
"TCGA.FY.A3NP.01A",0,0.475454524762608,0.502545146910443,0.0220003283269492,0,0,0
"TCGA.FY.A4B3.01A",0,0.640384471354207,0.353960025792169,0.00565550285362428,0,0,0
"TCGA.ET.A39R.01A",0.00161894836612889,0.808432095418088,0.137072763470258,0.0528761927455251,0,0,0
"TCGA.EL.A3CY.01A",0,0.6686069876905,0.201569084289456,0.129823928020044,0,0,0
"TCGA.EM.A4FM.01A",0.00176534826888781,0.491155984855607,0.471596778562648,0.0272786286462592,0.008114883215578,0,8.83764510200351e-05
"TCGA.DJ.A4UL.01A",0,0.622484130088991,0.334139995940229,0.0366254030027835,0.00675047096799643,0,0
"TCGA.KS.A4I1.01A",0.00116418281407672,0.48104047872397,0.370027252399975,0.018336512111691,0.128704784064944,0,0.000726789885343544
"TCGA.EM.A2P3.01A",0,0.495649895586948,0.493517556252907,0.0102394559915657,0.000593092168579282,0,0
"TCGA.BJ.A2P4.01A",0,0.464227629066556,0.496129252712999,0.039643118220446,0,0,0
"TCGA.KS.A4I5.01A",0,0.680856423056264,0.316530602715253,0.00261297422848263,0,0,0
"TCGA.EL.A3ZS.01A",0,0.795160593898915,0.185164819618462,0.0196745864826229,0,0,0
"TCGA.EM.A3SX.01A",0,0.71701616109011,0.28298383890989,0,0,0,0
"TCGA.EM.A1YB.01A",0,0.543074740788205,0.443803018287981,0.0131222409238142,0,0,0
"TCGA.ET.A39I.01A",0,0.49720557920789,0.50253900177656,0.000255419015549527,0,0,0
"TCGA.E8.A419.01A",0,0.790289144555651,0.113735459186872,0.0959753962574768,0,0,0
"TCGA.BJ.A45G.01A",0,0.548953671388255,0.433767885730369,0.0172784428813765,0,0,0
"TCGA.EL.A3CZ.01A",0,0.616032578290321,0.38095675809358,0.00301066361609957,0,0,0
"TCGA.ET.A39O.01A",0,0.787897416111772,0.155600974451577,0.0565016094366504,0,0,0
"TCGA.BJ.A192.01A",0,0.453844191346366,0.497636774675297,0.0485190339783368,0,0,0
"TCGA.EL.A3CN.01A",0,0.845735783130042,0.10716993330317,0.0470942835667879,0,0,0
"TCGA.EM.A4FK.01A",0,0.575466790126547,0.404811516922819,0.0197216929506339,0,0,0
"TCGA.BJ.A0Z0.01A",0,0.581947317675043,0.418052682324957,0,0,0,0
"TCGA.FY.A76V.01A",0,0.582193590802567,0.408374491619931,0.00943191757750156,0,0,0
"TCGA.DJ.A2PY.01A",0,0.626211117354856,0.363472732724732,0.0103161499204117,0,0,0
"TCGA.IM.A41Z.01A",0,0.658827081046299,0.271399949430868,0.0620781114874664,0.00769485803536608,0,0
"TCGA.FE.A232.01A",0,0.643535942188624,0.321155061102745,0.0353089967086312,0,0,0
"TCGA.BJ.A0Z5.01A",0,0.660185161634386,0.317750583457002,0.0220642549086126,0,0,0
"TCGA.EM.A2CS.01A",0,0.476603996601031,0.518148111965279,0.00524789143368972,0,0,0
"TCGA.EM.A1CW.01A",0,0.735800617869064,0.24229985000695,0.0218995321239868,0,0,0
"TCGA.KS.A4I9.01A",0.00143036034060861,0.732360309099683,0.23635486850952,0.0298544620501886,0,0,0
"TCGA.DJ.A13T.01A",0,0.686571774224767,0.305751374241575,0.00767685153365867,0,0,0
"TCGA.ET.A4KQ.01A",0,0.498429866227698,0.501570133772303,0,0,0,0
"TCGA.EL.A3T8.01A",0,0.584737969290225,0.395885228131682,0.0193768025780933,0,0,0
"TCGA.FY.A3RA.01A",0,0.716242766380455,0.259265694228575,0.0244915393909701,0,0,0
"TCGA.BJ.A28X.01A",0.00162431156305176,0.803884334921566,0.152223319598264,0.0422680339171173,0,0,0
"TCGA.EM.A22M.01A",0.00223402353572804,0.743388433763397,0.156666172186879,0.0977113705139958,0,0,0
"TCGA.ET.A40T.01A",0,0.675171120386906,0.2996046143423,0.0252103850837184,0,0,1.38801870749605e-05
"TCGA.FK.A3SH.01A",0,0.438844611526434,0.491502260275979,0.00945681858058514,0.060196309617002,0,0
"TCGA.E8.A438.01A",0,0.550375435153977,0.434397123156776,0.0152236698140893,0,0,3.77187515738332e-06
"TCGA.E8.A44M.01A",0.00228237884847362,0.813471955911407,0.119229713395103,0.0650159518450164,0,0,0
"TCGA.EM.A2CR.01A",0,0.306059006885831,0.463904958507315,0.118699658852426,0.111336375754428,0,0
"TCGA.BJ.A0ZG.01A",0,0.520231472853674,0.479768527146327,0,0,0,0
"TCGA.EL.A3MY.01A",0,0.446443255304121,0.545543186110275,0.00801355858560373,0,0,0
"TCGA.DJ.A1QO.01A",0,0.625826969876062,0.287581645983152,0.0865913841407859,0,0,0
"TCGA.ET.A25G.01A",0,0.597633748389568,0.386236478266892,0.0161297733435401,0,0,0
"TCGA.EM.A3OB.01A",0,0.570011109066968,0.393182105916819,0.00933355331257103,0.0274732317036425,0,0
"TCGA.DO.A1JZ.01A",0,0.437539725956799,0.562460274043201,0,0,0,0
"TCGA.ET.A39K.01A",0,0.444057554157792,0.484830009313114,0.0550954709265463,0.0160169656025482,0,0
"TCGA.ET.A3DS.01A",0,0.607274162763957,0.392725837236043,0,0,0,0
"TCGA.EL.A4KH.01A",0,0.470437959780997,0.443928462154397,0.0555531816227888,0.0300803964418175,0,0
"TCGA.DE.A4MB.01A",0,0.575523199822789,0.380837534549369,0.0436392656278419,0,0,0
"TCGA.EM.A3O7.01A",0,0.613297991556189,0.372724760395172,0.0139772480486397,0,0,0
"TCGA.EL.A3CU.01A",0.0047022063713002,0.741209036939,0.231006536499007,0.0230822201906935,0,0,0
"TCGA.EM.A3SZ.01A",0.00204351472991924,0.798138826843048,0.155818202319116,0.0426524099577985,0,0.00134704615011794,0
"TCGA.FY.A3WA.01A",0,0.501390621680268,0.498609378319732,0,0,0,0
"TCGA.BJ.A0Z3.01A",0,0.665218347943895,0.325977998454203,0.00880365360190125,0,0,0
"TCGA.FY.A3TY.01A",0,0.491025415742759,0.453993254058669,0.0549813301985723,0,0,0
"TCGA.EL.A3TB.01A",0.00024707546596265,0.614792779274462,0.373483585553938,0.00471073372404159,0.00676582598159585,0,0
"TCGA.DJ.A2PS.01A",0,0.617401618688944,0.371891014210448,0.0107073671006074,0,0,0
"TCGA.E8.A2EA.01A",0.00419423416689722,0.676336685692142,0.236073074963999,0.0833960051769614,0,0,0
"TCGA.DJ.A2Q1.01A",0.00388912519551669,0.748147329707236,0.204480329362579,0.0413104315615833,9.15318877166674e-05,0,0.00208125228536829
"TCGA.DJ.A3VK.01A",0,0.563195269111523,0.415140263603741,0.0216644672847353,0,0,0
"TCGA.EM.A2CN.01A",0,0.379999323218825,0.579636150343876,0.00132024259779023,0.0390442838395087,0,0
"TCGA.BJ.A0ZF.01A",0,0.409327943515793,0.588586611723878,0.0020854447603289,0,0,0
"TCGA.EM.A3FK.01A",0,0.622553817906532,0.377446182093469,0,0,0,0
"TCGA.BJ.A0ZE.01A",0,0.46247052063942,0.339561137193269,0.0700528591480228,0.127915483019289,0,0
"TCGA.DJ.A3V4.01A",0.000661446699033329,0.710887877322477,0.282848318050142,0.00560235792834774,0,0,0
"TCGA.ET.A3BP.01A",0,0.566855682614314,0.418919819433588,0.0142244979520978,0,0,0
"TCGA.DJ.A2PU.01A",0,0.564671236574294,0.401157143188035,0.0341716202376708,0,0,0
"TCGA.J8.A3O0.01A",0,0.510272964399688,0.444406541776153,0.045320493824159,0,0,0
"TCGA.EM.A3FP.01A",0,0.593715752730195,0.33670534875371,0.0695788985160949,0,0,0
"TCGA.EM.A3FN.01A",0,0.452703748516622,0.406099869494067,0,0.141196381989311,0,0
"TCGA.DJ.A2PW.01A",0,0.691585435308224,0.272279011687228,0.0361355530045479,0,0,0
"TCGA.BJ.A0ZA.01A",0,0.605750475305765,0.366876815850267,0.0273727088439675,0,0,0
"TCGA.EM.A2OV.01A",0,0.674426986121363,0.318530843170916,0.0070421707077215,0,0,0
"TCGA.FY.A3R7.01A",0,0.54990354354968,0.438178858688281,0.0119175977620382,0,0,0
"TCGA.FK.A3S3.01A",0,0.5409997071465,0.455663463898593,0.0033368289549066,0,0,0
"TCGA.EM.A1CS.01A",0,0.620423165859472,0.371141316646533,0.00843551749399538,0,0,0
"TCGA.EL.A3T9.01A",0,0.385705266990781,0.602935539088887,0.0113591939203322,0,0,0
"TCGA.BJ.A2N7.01A",0,0.494114918040892,0.491204694184085,0.0146803877750222,0,0,0
"TCGA.ET.A40S.01A",0,0.769792391228734,0.168053146366957,0.0611978537676708,0,0,0.000956608636638215
"TCGA.EL.A3ZO.01A",0.00195743247513664,0.563735796268452,0.366482049563765,0.0670671524915721,0,0,0.000757569201074417
"TCGA.FE.A231.01A",0,0.665240323116895,0.289385273816349,0.0453744030667551,0,0,0
"TCGA.EL.A3GQ.01A",0,0.630351712756992,0.369648287243008,0,0,0,0
"TCGA.E8.A437.01A",0,0.543876192044055,0.435401411349679,0.007094161495506,0.0136282351107604,0,0
"TCGA.DE.A69K.01A",0,0.649423760250274,0.335346510202178,0.0152297295475479,0,0,0
"TCGA.DJ.A2PP.01A",0,0.580482630917122,0.414738391798479,0.00477897728439899,0,0,0
"TCGA.FY.A4B0.01A",0,0.409261204576428,0.534503511203147,0.0562352842204251,0,0,0
"TCGA.DJ.A3UK.01A",0,0.626956816953524,0.346178210151797,0.0268649728946794,0,0,0
"TCGA.BJ.A3PT.01A",0.000614588941453942,0.485015032212269,0.465781483580828,0.0477846933072841,0.000757830130190288,0,4.63718279753628e-05
"TCGA.EM.A2CT.01A",0,0.548854919026342,0.426928251660182,0.00502211302900661,0.0191947162844691,0,0
"TCGA.EL.A3D5.01A",0,0.523523621973631,0.476476378026369,0,0,0,0
"TCGA.EL.A3GV.01A",0,0.596226999233203,0.355255291008276,0.0485177097585215,0,0,0
"TCGA.BJ.A45I.01A",0,0.830532909241731,0.140138498489844,0.0293259784814574,0,0,2.61378696712848e-06
"TCGA.EM.A3AJ.01A",0.00101872467349543,0.729846385535633,0.238051323438919,0.0310835663519526,0,0,0
"TCGA.BJ.A2N9.01A",0.00282045666368177,0.479723198361931,0.300851757904966,0.0743027560757694,0.142301830993652,0,0
"TCGA.KS.A4I7.01A",0,0.568893933873143,0.397046024317551,0.034060041809306,0,0,0
"TCGA.KS.A4ID.01A",0.00130699183549008,0.762663534895246,0.144061512375598,0.0919679608936662,0,0,0
"TCGA.FE.A230.01A",0.0032494115285361,0.808097974795654,0.144658466831853,0.0439941468439573,0,0,0
"TCGA.DJ.A2Q5.01A",0,0.791744039102203,0.170338762109829,0.0378922939821565,0,0,2.49048058109241e-05
"TCGA.EL.A4K2.01A",0,0.478916291149059,0.375123548538658,0.145960160312283,0,0,0
"TCGA.EL.A4K4.01A",0,0.426635002349562,0.504592892450887,0.0687721051995503,0,0,0
"TCGA.EM.A22L.01A",0,0.510671939936539,0.472801580855719,0.0165264792077422,0,0,0
"TCGA.DE.A0XZ.01A",0,0.774596836985254,0.185856359799905,0.0395161610297122,0,0,3.06421851288316e-05
"TCGA.EL.A3T7.01A",0,0.588698956559342,0.354222498854725,0.0570785445859335,0,0,0
"TCGA.EM.A3FR.01A",0,0.497180440191963,0.487965870457042,0.000744850200625733,0.0141088391503691,0,0
"TCGA.ET.A2N0.01A",0.00374916442349278,0.474388097945458,0.326671415065963,0.0423503009259447,0.152596156098458,0.00024486554068368,0
"TCGA.E8.A44K.01A",0.000922418772727234,0.627009970816019,0.341117992223575,0.0309496181876789,0,0,0
"TCGA.DJ.A4UW.01A",0,0.500592298343826,0.494430095269825,0.00497760638634887,0,0,0
"TCGA.EL.A3CO.01A",0.00173779919074558,0.490006603632031,0.448142418654456,0.0601131785227671,0,0,0
"TCGA.DE.A4MA.01A",0.00174016590456971,0.386967366771266,0.390004832864727,0.0515953262331844,0.169692308226252,0,0
"TCGA.E8.A432.01A",0,0.606341110330974,0.364235616308008,0.029423273361018,0,0,0
"TCGA.BJ.A18Y.01A",0,0.46251056987926,0.514756748170594,0.0227326819501452,0,0,0
"TCGA.DJ.A13X.01A",0,0.579522056853955,0.41301641926375,0.00746152388229513,0,0,0
"TCGA.BJ.A190.01A",0,0.516296546898342,0.483703453101658,0,0,0,0
"TCGA.FE.A238.01A",0,0.552354387455967,0.415560806643577,0.032084805900457,0,0,0
"TCGA.FK.A3SB.01A",0,0.620191261915397,0.375771255654249,0.00392689998825284,0,0,0.000110582442101032
"TCGA.4C.A93U.01A",0,0.762724980205733,0.215969670855726,0.0213053489385411,0,0,0
"TCGA.EM.A3SY.01A",0.00354379422011403,0.813183000306872,0.12248378602809,0.0246673985233261,0.0361220209215979,0,0
"TCGA.EL.A4KG.01A",0,0.681744737153215,0.282410737740403,0.0358445251063821,0,0,0
"TCGA.DJ.A2PR.01A",0.00275766424292468,0.884549121363233,0.103603001369567,0.0090902130242753,0,0,0
"TCGA.DJ.A3UP.01A",0,0.609290299191197,0.364270401153856,0.0264392996549475,0,0,0
"TCGA.FE.A22Z.01A",0,0.486107760635455,0.496018091838727,0.0178741475258189,0,0,0
"TCGA.E8.A242.01A",0,0.730964112212635,0.214372908358006,0.0546629794293597,0,0,0
"TCGA.EM.A3AL.01A",0,0.56460570420235,0.43539429579765,0,0,0,0
"TCGA.ET.A3BN.01A",0,0.654566818417631,0.345367676995053,6.55045873153758e-05,0,0,0
"TCGA.E3.A3E5.01A",0,0.603016115716982,0.384555870700863,0.0124280135821557,0,0,0
"TCGA.ET.A2N3.01B",0,0.549666325418929,0.367644576644674,0,0.0826890979363973,0,0
"TCGA.BJ.A2N8.01A",0,0.482158226858478,0.442555215850921,0.0527006543780292,0.0225859029125716,0,0
"TCGA.DJ.A3US.01A",0.00120313147623268,0.754292626417149,0.212053547474155,0.0324506946324633,0,0,0
"TCGA.L6.A4EP.01A",0,0.524033825725073,0.437645554115611,0.0248590848532755,0.0134615353060403,0,0
"TCGA.KS.A41L.01A",0,0.481277360644567,0.479752467325411,0,0.0389701720300224,0,0
"TCGA.DJ.A1QH.01A",0,0.576450798466835,0.411230312056256,0.0123188894769089,0,0,0
"TCGA.DJ.A4V0.01A",3.17761151625986e-07,0.771987857529412,0.19803755776738,0.0299742669420558,0,0,0
"TCGA.EL.A3T0.01A",0,0.571593654049824,0.417756667681851,0.0106496782683243,0,0,0
"TCGA.EL.A3H2.01A",0,0.601017103177973,0.370557111589984,0.0284257852320431,0,0,0
"TCGA.DJ.A4V4.01A",0,0.524762427718567,0.455968050194289,0.0156071008576415,0.00366242122950299,0,0
"TCGA.EM.A4FO.01A",0.000444216490828171,0.625273610211092,0.31987581534146,0.0533716156882785,0,0,0.00103474226834117
"TCGA.DO.A2HM.01B",0,0.713694040500625,0.174235955009748,0.11074709474234,0,0,0.00132290974728722
"TCGA.DJ.A3V5.01A",0.00213624249464677,0.559205815774092,0.4284354254822,0.0102100057672569,0,0,1.25104818042191e-05
"TCGA.ET.A40P.01A",0,0.531415622287637,0.452532820769728,0.0160515569426349,0,0,0
"TCGA.EL.A3GS.01A",0,0.733779673901946,0.26120021073675,0.00502011536130359,0,0,0
"TCGA.EL.A3H7.01A",0.000628461389957572,0.621854644055785,0.354318635378128,0.0231982591761288,0,0,0
"TCGA.DJ.A3UT.01A",0,0.496081205334042,0.497463219945477,0.00645557472048052,0,0,0
"TCGA.FE.A3PD.01A",0,0.781553153518937,0.205974397798532,0.011722182488202,0,0.000750266194328399,0
"TCGA.E8.A436.01A",0,0.728886502744154,0.2333704134975,0.0377430837583461,0,0,0
"TCGA.DE.A3KN.01A",0,0.635427887576671,0.35842988907826,0.00614222334506883,0,0,0
"TCGA.MK.A4N7.01A",0,0.590946998879403,0.409053001120597,0,0,0,0
"TCGA.EL.A3H4.01A",0,0.755215467779725,0.236439513134234,0.008345019086041,0,0,0
"TCGA.DJ.A3VL.01A",0.00110562024483795,0.583233064387785,0.359396360397364,0.0469857007111749,0.00564505159558483,0.00363420266325396,0
"TCGA.DJ.A2Q9.01A",0,0.494801254164305,0.469591497909483,0.0356072479262119,0,0,0
"TCGA.J8.A3YF.01A",0.00432268198330691,0.777620460338683,0.166894126755515,0.0510246520704586,0,4.59409709198472e-05,9.21378811161665e-05
"TCGA.BJ.A45D.01A",0,0.372932327848627,0.512004263063339,0.111825348143043,0.0032380609449913,0,0
"TCGA.EM.A4FF.01A",0.00311107656672908,0.822716404964818,0.136635955819584,0.0375365626488689,0,0,0
"TCGA.EL.A4JX.01A",0.00175889197263025,0.760530741840859,0.145198275097103,0.0925120910894078,0,0,0
"TCGA.DJ.A3UZ.01A",0,0.691231109251905,0.305762094935739,0.00300679581235593,0,0,0
"TCGA.EL.A4KD.01A",0,0.634584016585847,0.35216261910011,0.0132533643140431,0,0,0
"TCGA.DE.A2OL.01A",0,0.592031251228919,0.407968748771081,0,0,0,0
"TCGA.EL.A3CX.01A",0,0.392243915030557,0.533472275825608,0.0342343436583841,0.0400494654854507,0,0
"TCGA.EL.A4K1.01A",0.00149711210659025,0.637447349052535,0.344734940171615,0.0163205986692594,0,0,0
"TCGA.DJ.A4UR.01A",0,0.516977901644285,0.445257155469063,0.0377649428866522,0,0,0
"TCGA.DJ.A2QB.01A",0,0.522383220302707,0.426539509036849,0.0510772706604446,0,0,0
"TCGA.EL.A4JV.01A",0,0.500469423823161,0.481234747614371,0.0182958285624686,0,0,0
"TCGA.ET.A3DV.01A",0,0.35436821439854,0.63597152563616,0.00634739225018702,0.0033128677151129,0,0
"TCGA.E8.A434.01A",0.000427683072343811,0.561093136641353,0.429163807518056,0.00931537276824748,0,0,0
"TCGA.EM.A2P2.01A",0,0.466909278456836,0.520260396167032,0.0128303253761316,0,0,0
"TCGA.EM.A1CV.01A",0,0.557991944740493,0.411081405793587,0.0309266494659205,0,0,0
"TCGA.J8.A3O2.01A",0.00270384174217298,0.546292856518634,0.432447545627582,0.0185557561116106,0,0,0
"TCGA.ET.A2N5.01A",0,0.48698211900976,0.483689668809135,0.029328212181105,0,0,0
"TCGA.ET.A25M.01A",0,0.468338530294431,0.526527573981205,0.00513389572436425,0,0,0
