"","Cancer Cells","Double-neg-like T","NK","Macrophages","CD8 T","Fibroblasts","Monocytes","B Cells","CD4 T","DC","Mast Cells","Neutrophils","Endothelial Cells"
"TCGA.CV.5442.01A",0.193173740740876,0.00169635906333852,0,0,0.00156362973224579,0.0386838768441436,0,0.0318903416519185,0,0,0.000351430369855693,0.61538549016358,0.117255131434042
"TCGA.CR.7392.01A",0,0,0,0,0,0.106843969903297,0,0,0,0,0,0.709752685582281,0.183403344514423
"TCGA.UF.A71A.01A",0.0764312562948929,0,0,0.0010175922508915,0,0.278739870245007,0,0,0,0,0.000403298657944674,0.569391267379349,0.0740167151719151
"TCGA.CN.A642.01A",0.134503214562417,0.000700259626150481,0,0,0.0393795883592883,0.252531775480962,0,0.0323143673708226,0.00666431765651307,0.0757817724100194,0.000861491780232963,0.362634111646913,0.0946291011066813
"TCGA.CV.A45U.01A",0.180041788458785,0,0.00258801254287622,0,0,0.0255459222898059,0,0,0,0,0,0.611812000769677,0.180012275938856
"TCGA.CN.6012.01A",0.128932928291742,0,0.000807476814458324,0,0,0.0355871486737989,0,0,0,0,9.27594014396727e-05,0.677935865009153,0.156643821809408
"TCGA.CV.A45W.01A",0.101012529093133,0,0.00168116383311105,0,0.00035266225771439,0.0752330270902378,0,0.0129249906316982,0.000777337706297191,0,0,0.711173510350829,0.0968447790369797
"TCGA.CV.A6K0.01B",0.0383037950226182,0,0.00147818788004923,0,0,0.120841427431399,0,0,0.00057546853788528,0,0,0.707483313074624,0.131317808053423
"TCGA.QK.A6VB.01A",0.0941841862909095,0,0.00016734206340581,0,0,0.129149233865659,0,0.000537107529368373,0.000574283020187247,0,0,0.69396711745518,0.0814207297752898
"TCGA.CV.6959.01A",0.0447904381029854,0,0.000934945607664828,0,0,0.157928297727921,0.000624783166975951,0,0.0017294966082606,0,0,0.646643932928765,0.147348105857428
"TCGA.HD.7832.01A",0.12967367467027,0,0.000236098990488983,0,0,0.140049275284972,0,0,0.000995376994373529,0,0,0.568433039818408,0.160612534241488
"TCGA.CV.7255.01A",0.0679084231071481,0,0.000285931246231438,0,0.00156913633679946,0.157427778594929,0,0.000851423089658691,0,0,0.000209324958832739,0.561703276567756,0.210044706098644
"TCGA.CR.5243.01A",0.0521076769196522,0,0.000480465268649753,0,0,0.119905275598439,0,0,0,0,0,0.661189135092167,0.166317447121092
"TCGA.P3.A6T5.01A",0.160087341020825,0,7.8364763602399e-05,0,0,0.156284591176926,0.0180761075913487,0,0.00182132752528896,0.000176815709578858,0.000232807333075458,0.461280103151508,0.201962541727847
"TCGA.CV.6952.01A",0.0446674275476284,0,0.00132912755858948,0,0,0.0879354491470498,0,0,0.000951739873104708,0,2.09101505966122e-05,0.668425505241574,0.196669840481457
"TCGA.D6.A6ES.01A",0.213278575400184,0,0,0,0.0984274324394876,0.215727549523023,0.0257798654290773,0.230914332176697,0.144308472029586,0.0299598126586721,0.00221513214590272,0,0.0393888281973698
"TCGA.CN.5366.01A",0.029063714694685,0,0,0,0,0.166781073207324,0,0,0,0,0,0.612671931277111,0.191483280820881
"TCGA.CQ.6223.01A",0.0602585097157149,0,0.00131982999070503,0,0.000213752357196748,0.0378186401472086,0.00922694632340897,0,0.00036612102426136,7.80205011200595e-07,0,0.712458996490733,0.17833642374576
"TCGA.F7.7848.01A",0.0654504438565262,0,0.00129795889668943,0,0,0.0349116432239917,0,0,0.00017429169026804,0,0,0.762273054360339,0.135892607972185
"TCGA.CV.A6JM.01A",0.215238201388452,0,0,0.0528924515978864,0.0571425054279053,0.390545399826394,0.0349741687279408,0.14585210901259,0.084779238518221,0,0.00148701493255162,0,0.0170889105680592
"TCGA.CN.5359.01A",0.00144629519783478,0,0.00110845572024281,0,0,0.126165161562119,0,0,0,0,0,0.747416881621921,0.123863205897882
"TCGA.P3.A5QA.01A",0.0505584259144662,0,0,0,0,0.316398424574765,0,0,0,0,0,0.483056252941927,0.149986896568842
"TCGA.CN.4734.01A",0.0208758922854624,0,0.00117767527276742,0,0.00027016434990826,0.157686898524396,0,0,0.00121721863651115,0,0,0.692581490624699,0.126190660306255
"TCGA.CV.6441.01A",0.232472821930266,0,0.0281414760568085,0,0,0.0871770327975794,0,0.017231867518041,0.0190424202090676,0,0,0.408024275796755,0.207910105691482
"TCGA.CV.A6JY.01A",0.113542929470946,0,0,0,0,0.0506880922089369,0,0,0,0,0,0.690777052798155,0.144991925521962
"TCGA.D6.6825.01A",0.00715907770134523,0,0.000751602324459812,0,0.000593449027670804,0.0740544629467903,0,0,0.000834214762463162,0,0,0.783547590194473,0.133059603042798
"TCGA.CR.5247.01A",0.0625770477797361,0,0,0,0,0.442497997589006,0,0,0,0,0.000147916017994398,0.379457910189477,0.115319128423786
"TCGA.CV.7410.01A",0.00788562158724721,0,0.00098225599430902,0,0,0.12040623535078,0,0,0.00135083723262496,0,0,0.749154680537426,0.120220369297612
"TCGA.CV.7091.01A",0.0520490638452876,0,0,0,0,0.162748494007941,0,0,0,0,0,0.639196745990045,0.146005696156726
"TCGA.BA.5153.01A",0.0340964098293601,0,0,0,0,0.0348223878954374,0,0,0,0,0,0.79894669301831,0.132134509256893
"TCGA.CV.7428.01A",0.0573634343617529,0,0.000992016388227529,0,0,0.117147579888574,0,0,0.00128762567970952,0,0,0.712686671818533,0.110522671863203
"TCGA.CX.7086.01A",0.0762813285497442,0,0.000537103397689973,0,0.00252843939105225,0.0326271597725838,0.000130391832721702,0,0,0,2.8040732427206e-05,0.755683421240676,0.132184115083105
"TCGA.CN.5364.01A",0.0685808663668024,0,0,0,0.00178855209441216,0.152682895641939,0,0,0.0012219483972111,6.21617523854157e-05,1.40281283229978e-05,0.653733162300079,0.121916385318848
"TCGA.BA.A6DB.01A",0.0727439496277064,0,0.0109224119158505,0,0.0137634634218406,0.156326060522526,0,0,0.013960373837472,0.00043303640396858,0,0.617452694588479,0.114398009682156
"TCGA.CQ.5325.01A",0.00656076947322928,0,0.00219273404627701,0,0,0.171127870377843,0,0,0.000567107239832809,0,0,0.709782751285743,0.109768767577075
"TCGA.CN.4731.01A",0.0636202987985987,0,0.000928683631063668,0,0,0.20095105623291,0,1.30182092246643e-05,0.000856195773403496,0,0.00018671157593285,0.561045918273715,0.172398117505152
"TCGA.CV.7427.01A",0.0216354672079928,0,0.00946594192559748,0,0.00264625585465768,0.0616657013592545,0.0213583804451405,0,0.000253253485426644,0,0,0.719150988560524,0.163824011161407
"TCGA.CR.6467.01A",0.096084019134901,0,0.00492416462606579,0,0,0.049687934617866,0,0,0,0,0,0.73732405577585,0.111979825845317
"TCGA.CV.7183.01A",0.0961428610200714,0,0,0,0,0.170496278427513,0,0,0,0,0,0.547178447133866,0.18618241341855
"TCGA.CV.A6JN.01A",0.2600544654094,0,0,0,0.0398680264797181,0.283689503491765,0.0425042806736185,0.0160787421042097,0.0177628238164457,0.0364982723971264,0,0.190154815792702,0.113389069835015
"TCGA.D6.A6EN.01A",0.168503417113172,0,0,0.0010329247205409,0.161737904867973,0.251960777289033,0.0345189176532076,0.0490792422126013,0.0782041139817182,0.162409485821367,0.000347962765307927,0.0219945170901177,0.0702107364849616
"TCGA.CQ.A4C7.01A",0.0218083426373156,0,0.000382347420225027,0,0,0.238273354626487,0,0,0,0,0,0.597726266391873,0.141809688924099
"TCGA.CV.5435.01A",0.0754456805420019,0,0.00042545331961075,0,0,0.153729007284821,0,0,0,0,8.08823109563571e-05,0.647596734360031,0.12272224218258
"TCGA.CR.7370.01A",0.042234103895122,0,0,0,0,0.0816447259483704,0,0,0,0,0,0.758569017370392,0.117552152786116
"TCGA.CN.4722.01A",0.0922715360447218,0,0.000279472428716222,0,0,0.21337284977007,0,0.000587761627021194,0.00121708314745853,0,0.000161946800070328,0.496621315117452,0.19548803506449
"TCGA.F7.8489.01A",0.0408468999295968,0,0.00253140218074945,0,0,0.0619035738421864,0,0,0.000410640970544706,0,0,0.720419887433565,0.173887595643358
"TCGA.CV.A6K2.01A",0.0836501364732573,0,0.000729359844510713,0,0.00090100878096358,0.0842699614761383,0,0,0.00105040982155914,0.00011616280730044,0,0.668250166142889,0.161032794653381
"TCGA.HD.8634.01A",0.122993520368938,0,0.00146928158926846,0,0,0.040649675374115,0,0,0.00153147569286742,0,0.000181121547212699,0.634437064262191,0.198737861165408
"TCGA.CN.6994.01A",0.0165326517414144,0,0.000557188897666003,0,0,0.169403971918752,0,0,8.61743323079568e-05,0,4.25850769819668e-05,0.688988619871276,0.124388808161602
"TCGA.D6.A4Z9.01A",0.145852823852467,0,0.000896145197110925,0,0,0.11951388819207,0,0,0.00138556420290734,0,0,0.552293482074963,0.180058096480482
"TCGA.CR.7376.01A",0.000833134544390361,0,0.000708502250028194,0,0,0.130514408876508,0,0,0,0,0,0.757154831200442,0.110789123128631
"TCGA.CR.7391.01A",0.0134117514403685,0,0.0021328835045764,0,0,0.14872753008581,0,0,0.000639888110940772,0,0,0.691278990715972,0.143808956142333
"TCGA.T2.A6X2.01A",0.076053087606295,0,0.00109434542668613,0,0,0.181053443932096,0,0,0.00139171342751597,0,0,0.60606322209147,0.134344187515937
"TCGA.BA.4074.01A",0.100378715826374,0,0,0,0.0193438287787878,0.579452536985793,0.05868080578555,0.113764593212718,0.0288775481059938,6.77418634698228e-05,6.18815328507623e-05,0.0321841980777297,0.0671881498307327
"TCGA.CN.6022.01A",0.0265027610937586,0,0.000335192882651707,0,0,0.20084324270024,0,0,0,0,0,0.65275845442723,0.11956034889612
"TCGA.CN.A6V3.01A",0.136246800549195,0,0.0042532612670391,0,0,0.0513891864576096,0,0,0.00157840938565471,0,0,0.595862104334973,0.210670238005529
"TCGA.QK.A8Z7.01A",0.281726154416078,0,0.000138654424327527,0,0,0.0759677586674682,0,0.000284446721498155,0.00106558315910242,0,0.00041951269019483,0.505896800723866,0.134501089197464
"TCGA.CN.A497.01A",0.126158421750881,0,0.00122649958609752,0,0,0.0662907860827952,0,0,0,0,0,0.644457962104751,0.161866330475475
"TCGA.F7.A50G.01A",0.0662539981413128,0,0.000900584242967388,0,0,0.04866013075905,0,0,0.00244685651823833,0,0,0.728723043431953,0.153015386906479
"TCGA.IQ.A61I.01A",0.258705747053366,0,0.00692585118231661,0,0.0232187170237291,0.0499175357900829,0,0,0.000977270240921623,0.000561312496215437,0,0.539561770558383,0.120131795654985
"TCGA.CR.7373.01A",0.039145260156714,0,0.00119149424335748,0,0,0.0997838750322292,0,0,0.00124154980129964,0,0,0.712056226507613,0.146581594258787
"TCGA.CN.A63T.01A",0.128833302633706,0,0.000883247408083977,0,0,0.12489348631696,0,0,0.00171441629387207,0,0,0.593668008138782,0.150007539208595
"TCGA.CN.6019.01A",0.00419647346212945,0,0,0.000281463049974464,0,0.201956255140029,0,0,0,0,0,0.718218878777135,0.0753469295707319
"TCGA.CR.7386.01A",5.85117773108063e-05,0,0,0,0,0.238616511726137,0,0,0,0,0,0.660292875859424,0.101032100637128
"TCGA.HD.A6HZ.01A",0.0737093344931747,0,0.0016328579242967,0,0,0.0718445666345012,0,0,0.000996467358265912,0,0,0.709805287524996,0.142011486064765
"TCGA.QK.A6IH.01A",0.17199903754006,0,0,0,0,0.317321077566055,0.0182826229889107,0.0130111497070125,0,0,0,0.383961462419729,0.0954246497782332
"TCGA.CN.6011.01A",0.0896485484919691,0,0.0014612507002937,0,0.00128473090017764,0.19143466686608,0,0,0,0,6.29367225099686e-05,0.542635901691892,0.173471964627077
"TCGA.CR.6474.01A",0.00603809629215145,0,0.000259957607097855,0,0,0.240247595738241,0,0,0.00052197996975772,0,0,0.594378159926481,0.15855421046627
"TCGA.CV.6939.01A",0.0438111787725146,0,0.00120505927501865,0,0,0.0467856121662907,0,0,0.000556886429236256,0,0,0.7698016666259,0.13783959673104
"TCGA.D6.8568.01A",0.0857293083059572,0,0.00141357942563379,0,0,0.132857558670857,0,0,0.000618779532055613,0,0,0.602668985570729,0.176711788494768
"TCGA.HD.A634.01A",0.541635985822883,0.0985289171143576,0,0,0,0.0840652400809404,0,0.229494117951843,0,0,0,0,0.0462757390299758
"TCGA.CV.A45O.01A",0.047802885351331,0,0.00139960650138504,0,0,0.0174992967017029,0,0,0,0,0,0.75694650482273,0.176351706622851
"TCGA.T3.A92N.01A",0.13811578658402,0,0,0,0.0176115129158618,0.164300889121433,0.00200736932481117,0.0641823474908416,0.015060071724849,0,0,0.528599443022471,0.0701225798157125
"TCGA.CV.7438.01A",0.103920600275559,0,0.000179400474928537,0,0,0.177388970309308,0,0,0.000843089283753319,0,0,0.539830753519753,0.177837186136698
"TCGA.CV.A6K1.01A",0.187387944869273,0,0,0,0.0880392392088873,0.331071740885222,0.0215786305984665,0.0599899513000395,0.0953043278008102,0.0270400835326076,0,0.11225806435419,0.0773300174505028
"TCGA.CN.5363.01A",0.023040749183152,0,0.000413839497257295,0,0.0014632949963809,0.221342032753154,0,0,0,0,0,0.628285179457156,0.1254549041129
"TCGA.CV.6956.01A",0.131093986016428,0,0,0,0,0.102744563588883,0,0,0,0,0,0.532734589313676,0.233426861081014
"TCGA.CV.7263.01A",0.0752884347668837,0,0.0011733273609703,0,0,0.161253997019695,0,0,0.000822536289854385,0,0,0.62763204415357,0.133829660409026
"TCGA.CN.A49C.01A",0.184318448698477,0,0.000872323873077848,0,0,0.0292642460939976,0,0,0,0,0.000284594033867152,0.631286061927497,0.153974325373084
"TCGA.CV.7097.01A",0.0302104105772288,0,0.000640069030762362,0,0,0.158948893664771,0,0,0.000849256948126972,0,0,0.68915747900394,0.120193890775172
"TCGA.IQ.A6SG.01A",0.169694052629675,0,0.00032081015474042,0,0,0.0837494758648098,0,0,0,0,0,0.627911149109529,0.118324512241246
"TCGA.UF.A7JC.01A",0.0956749541234795,0,0.000574269734379889,0,0,0.0641360444266681,0,0,0,0,1.12819927918704e-05,0.663643287066707,0.175960162655974
"TCGA.QK.A6II.01A",0.148404930169855,0.00467908146744312,0.000129664204659605,0,0.000322752803307758,0.135746018898126,0.130882320654786,0.107319180246385,0.268817562523921,0.10414036852612,0.000242737774996977,0,0.0993153827303994
"TCGA.CN.A49B.01A",0.0590910652223932,0,0.000937067452613958,0,0.000199518334820754,0.108322920477551,0,0,0.00141538535379714,0,6.3080135335176e-06,0.72595781899957,0.10406991614572
"TCGA.IQ.A61E.01A",0.0781543301793136,0,0.00038368692260185,0,0,0.171159171910055,0,0,0.00313273287249819,0,3.63169966851838e-06,0.550466766115472,0.19669968030039
"TCGA.BA.A4IH.01A",0.131429317310228,0,0.00106887499283773,0,0,0.098725252517841,0,0,0.00138492703123102,0,6.49827667972707e-05,0.587501655172901,0.179824990208163
"TCGA.H7.8502.01A",0.0683001225712621,0,0.000813174266213586,0,0,0.177112902188511,0,0.000101683735962457,0.000264670745078367,0,0,0.61121870959956,0.142188736893413
"TCGA.CV.7406.01A",0.0820189438208487,0,0.000331909643943939,0,0,0.167485216656394,0,0,0,0,0,0.609859011651708,0.140304918227106
"TCGA.CV.7414.01A",0.0732039015372041,0,0,0,0,0.142204876265858,0,0,0,0,0,0.609680590287545,0.174910631909393
"TCGA.HD.7229.01A",0.0417443663589098,0,0.00186721790561456,0,0.000120720191939584,0.0595302823304204,0,0,0.00240233670413776,0,0,0.687018392120119,0.207316684388859
"TCGA.CV.6961.01A",0.0348138210892435,0,0.000737157064067939,0,0,0.142678959146167,0,0,0.000800006407518869,0,0,0.689162946703499,0.131807109589504
"TCGA.TN.A7HI.01A",0.291259494056682,0,0,0.0230788162249716,0.142407689892464,0.277179900683521,0,0.149734733516936,0.0314051238760532,0.0567578939519848,0.00674257962934509,0,0.0214337681680432
"TCGA.CQ.5333.01A",0.052932990951865,0,0,0.0167186430880494,0,0.176751446342423,0,0,0,0.00487603289590938,0,0.630094640021582,0.118626246700171
"TCGA.CN.4733.01A",0.00340490583603812,0,0.00247132712891763,0,0,0.155956045651566,0,0,0,0,0,0.718323938996443,0.119843782387035
"TCGA.CR.6488.01A",0.000392373622731403,0,0.00109668755628739,0,0,0.0917487809421008,0,0,0.000906481091999482,0,0,0.764514304382765,0.141341372404116
"TCGA.BB.4225.01A",0.11611564475194,0,0.00732841269184609,0,0.0134577698179576,0.0814436314872563,0,0.00173831515269267,0,0,0,0.677183824785024,0.102732401313284
"TCGA.BA.A4IG.01A",0.137687750735228,0,0.000768441558425089,0,0.000891913302226133,0.0210435577427221,0,0,0.000201341399785088,0,0,0.726863459702748,0.112543535558866
"TCGA.CR.7393.01A",0.00551602667561376,0,0.00121289302063395,0,0,0.108748805415267,0,0,0.000297250351023289,0,0,0.749912922415229,0.134312102122233
"TCGA.T2.A6X0.01A",0.0824683935594711,0,0,0,0,0.0585798693908678,0,0,0,0,0,0.759447865156042,0.0995038718936195
"TCGA.F7.A623.01A",0.158350226429673,0,0.00372419184500191,0,0,0.0296010385925349,0.000472707801246332,0,0,0,0.000122070352226215,0.633428825052467,0.174300939926851
"TCGA.IQ.7632.01A",0.196529853579729,0,0.000275176679463694,0,0,0.036720455917647,0.00172895816130032,0,0,0,0,0.558268078514511,0.206477477147349
"TCGA.QK.A652.01A",0.0431892626699664,0,0.000326287388685393,0,0.000445247939507125,0.10335977755386,0,0,0.00233971861844235,0,0,0.694427846185525,0.155911859644014
"TCGA.CR.7388.01A",0.0527815949629953,0,2.51109320537848e-05,0,0,0.144960589063675,0,0,0,0,0,0.674465875654491,0.127766829386785
"TCGA.BA.A6DG.01A",0.0146997879526808,0,0.000631069653574253,0,0,0.245764545578976,0,0,0.000386551959610968,0,8.4097771133931e-06,0.598078643513639,0.140430991564406
"TCGA.UF.A7JT.01A",0.0591196417905505,0,0.0010322831469073,0,0.0374167420133464,0.228774451785214,0,0,0.00810433346264883,0.00431158287790076,0,0.570098467605265,0.0911424973181667
"TCGA.CN.A6V6.01A",0.113362313933821,0,0.0235142644656893,0,0,0.0464670931478943,0.00165721445237729,0,0.00139044212972995,0,0,0.67437443528274,0.139234236587748
"TCGA.CR.6473.01A",0.150096753938584,0,8.21995314195564e-05,0,0.000793241323835562,0.122768806680006,0,0.000505751552389924,0.000329188485451893,0,0.000132546082166355,0.602937718256832,0.122353794149316
"TCGA.CQ.7069.01A",0.000883036084919249,0,0.000129959819430583,0,0,0.104315272374257,0,0,0,0,0,0.687224614951242,0.207447116770152
"TCGA.CQ.6219.01A",0.0621647133446053,0,0,0,0,0.182529066749594,0,0,0,0,0,0.635132999914916,0.120173219990884
"TCGA.IQ.A6SH.01A",0.118459827270474,0,0.00142064704318669,0,0.0043430197267887,0.235501454381317,0,0.0118403021270337,0.000381386171326196,0,1.80038387318344e-05,0.511225783258335,0.116809576182807
"TCGA.IQ.7631.01A",0.151624383273759,0,0,0,0,0.281106953959132,0,0.0106761276095394,0,0,0,0.308578843032402,0.248013692125167
"TCGA.CR.7398.01A",0.0864722900257643,0,0.000656985706893286,0,0,0.192099675098527,0,0,0.00101766462336036,0,0,0.611830799208167,0.107922585337288
"TCGA.UF.A71E.01A",0.123325127655288,0,0,0.00323854791633056,0,0.0499287075156951,0,0,0,0,1.19389932292635e-05,0.733651734907244,0.0898439430122128
"TCGA.UF.A719.01A",0.125934667541247,0,0.00216993959807422,0,0,0.0220770418768173,0,0,0,0,0,0.667964437343499,0.181853913640363
"TCGA.CN.6023.01A",0.0831323963064704,0,0,0,0,0.0424404155528768,0,0,0,0,0,0.792868413214864,0.0815587749257889
"TCGA.CV.7422.01A",0.050460737909713,0,0.000712687550098593,0,0.00138855462982731,0.124748038065588,0,0,0.00031968753004426,2.81071816844409e-05,5.75296872246207e-06,0.724036318430615,0.0983001157337077
"TCGA.CX.A4AQ.01A",0.0958856734763779,0,0.00428961425453592,0,0.012138403869095,0.231159946769485,0,0.0116198144216217,0.0257722160496787,0.0358564850618939,3.42758060836797e-05,0.475549983916473,0.107693586374755
"TCGA.CQ.5330.01A",0.0102190837458805,0,0.00151330686457007,0,0,0.265499148642035,0,0,0,0,0,0.614522995549449,0.108245465198065
"TCGA.P3.A6T3.01A",0.0684855907188304,0,0.000101221721518687,0,0.000431947840592383,0.108504688384987,0,0.0010107514202477,0.000402623819875704,0,0,0.664104919327863,0.156958256766085
"TCGA.HD.A6I0.01A",0.167467279310688,0,0,0.000199894895473027,0.143728567717795,0.385509513040667,0.0228925649952408,0.0325687037296716,0.0973494155371001,0.0835711616638654,0,0,0.0667128991094987
"TCGA.CV.6950.01A",0.0391236284118532,0,0.00049256183696442,0,0,0.221860194973921,0,0,0,0,0,0.610221066297334,0.128302548479928
"TCGA.CR.7380.01A",0.00687947762593559,0,7.57153025367799e-06,0,0.000901793547821912,0.200774885172933,0,0.00018392294324601,0.000310271995797978,5.87863514451128e-05,0,0.654888070882641,0.135995219949925
"TCGA.DQ.7588.01A",0.281399559175058,0,0,0,0,0.175660947870908,0,0.00385037549938229,0,0,0,0.373592962528654,0.165496154925997
"TCGA.BA.6873.01A",0.0314887799156329,0,0,0,0,0.171455152505264,0,0,0,0,0,0.647139477767375,0.149916589811729
"TCGA.CR.6472.01A",0.229543892536204,0,0.000863141599330536,0,0.000642019420333204,0.103736842338126,0,0,0,0,0.000337697119889792,0.531107344569695,0.133769062416422
"TCGA.UF.A7JH.01A",0.0798884339621385,0,0,0,0,0.24519800297864,0.000470792903655853,0.0253694247627847,0,0.00729026575070522,0,0.577113374820078,0.0646697048219975
"TCGA.BA.4077.01B",0.0281761627081625,0,0,0,0,0.125095249671664,0,0,0,0,0,0.695267730318367,0.151460857301807
"TCGA.CV.7411.01A",0.056323660563942,0,0.000937919449536585,0,0,0.200067250933138,0.0386398606188773,0,0.00175976150776125,0,0.000335623409845914,0.522888652874841,0.179047270642058
"TCGA.MT.A67A.01A",0.279624384191368,0,0.00887889554327939,0,0.0479728258255702,0.125361476107524,0.00828167412444455,0.0618964043981643,0.0287521949159494,0.00786303599951455,0.00411843911409407,0.272184401672043,0.155066268108048
"TCGA.D6.6826.01A",0.0030116029181681,0,0.00131346752086786,0,0,0.073893832255713,0,0,0,0,0,0.807421358970026,0.114359738335225
"TCGA.CR.7404.01A",0.0908687087816733,0,0.00326604869103612,0,0,0.0485432328124803,0,0,0,0,0,0.720317111706427,0.137004898008383
"TCGA.D6.A6EM.01A",0.213297541059769,0,0,0.000969250863712346,0.0665260715128548,0.291414106511724,0.000807649293979461,0,0.0704985973015688,0.121081818646494,0,0.135097789429805,0.100307175380093
"TCGA.CR.7379.01A",0.0339784097644845,0,0.000232303944857433,0,0,0.188051354655953,0,0,0.000232975490102326,0.000252470885830835,0,0.650666015325554,0.126586469933217
"TCGA.CV.7236.01A",0.0231477187817078,0,0.0011815220530052,0,0,0.128266279873446,0,0,0.00041810012399037,0,0,0.677377491117299,0.169608888050552
"TCGA.CN.4727.01A",0.152592610920006,0,0,0,0,0.0918095746529108,0,0.00174476518503076,0,0,0,0.540721581024354,0.213131468217698
"TCGA.CQ.5327.01A",0.0556663816370723,0,0,0,0.0331869761534936,0.154505338203763,0.00117885467842057,0,0.0241373661509939,0.0411928454627606,0,0.561176537651807,0.128955700061689
"TCGA.C9.A480.01A",0.104620681333616,0,0.00205142136924812,0,0,0.0293113999941454,0,0,0.00132991189068121,0,0,0.686333752886452,0.176352832525857
"TCGA.CV.A6JO.01B",0.0564846698414206,0,0.00171142326994509,0,0,0.118783032649698,0,0,0.000784268638675772,0,0,0.710440047375394,0.111796558224867
"TCGA.CR.6492.01A",0.111667998109601,0,0.000488823766092749,0,0,0.0843133635603994,0.020675870650303,0,0.00109207250603226,0,0,0.557269375205336,0.224492496202236
"TCGA.CV.6933.01A",0.086007826163641,0,0.000100989578597509,0,0,0.096189175416871,0,0,0.000678859423391184,0,5.82331844044644e-06,0.728803120783644,0.0882142053154152
"TCGA.BA.6872.01A",0.0663492368857132,0,0,0,0,0.21503871564473,0,0,0,0,0,0.573713937195027,0.14489811027453
"TCGA.BB.4223.01A",0.0796786832914453,0,0.00900561477646958,0,0.00288477204395403,0.114192501350141,0,0,0.00040005694442504,0,1.77667144026962e-06,0.686551550877356,0.107285044044769
"TCGA.UF.A7JJ.01A",0.0119392526641815,0,0.00120630409935125,0,0,0.200783058224028,0,0,0.000409943338830996,0,0,0.703233500253741,0.082427941419867
"TCGA.RS.A6TO.01A",0.0494041255724562,0,0,0,0,0.210670026485849,0,0,0,0,0,0.631802526792177,0.108123321149518
"TCGA.CR.7372.01A",0.0196634360526426,0,0,0,0,0.142808952867902,0,0,0,0,0,0.661066835558183,0.176460775521273
"TCGA.D6.6827.01A",0.224665171181599,0.0586657346225849,0.000725217802186585,0,0,0.135396213400791,0,0.0701118539179237,0,0.00503132473562242,0,0.400175298126641,0.105229186212652
"TCGA.CV.7437.01A",0.143855887121455,0,0,0.000381386003844637,0,0.0529350036835536,0,0.000432724666319087,0,0,0.000411142226766181,0.702554770997373,0.0994290853006884
"TCGA.BA.5151.01A",0.00541742090724757,0,0.000481067010049105,0,0.000551318076034308,0.0934053175906514,0,0,0.000697055490160876,6.79762172152146e-05,0,0.718603962368624,0.180775882340018
"TCGA.CV.A461.01A",0.091844683419713,0,0.00242324064655303,0,0,0.0797378197512975,0,0,0,0,0,0.720793547048146,0.10520070913429
"TCGA.BA.5559.01A",0.0251570054249139,0,0,0,0,0.0738998227298695,0,0,0,0,0,0.80288415120846,0.0980590206367563
"TCGA.CN.4723.01A",0.0536971188368298,0,0,0,0,0.129305415724679,0,0,0,0,0,0.686460430796456,0.130537034642035
"TCGA.F7.A624.01A",0.208242610571726,0,0,0.104620014208744,0.10851500880773,0.332849582048542,0,0.0569205965963985,0.0468600147240589,0.0762194901821068,0,0.0346431227297872,0.0311295601309069
"TCGA.CV.A463.01A",0.173788969203035,0,0.00642120709081052,0,0.00107031207613778,0.0414440217183078,0,0,0.00886717196441015,0.000502348037816479,0.000442701577512337,0.556891143250918,0.210572125081052
"TCGA.BB.4228.01A",0.119602516087099,0,0.000615095037120739,0,0.00581142988348466,0.180556243761447,0,0.0306753235312064,0,0.00876982198599449,0.000663603180531942,0.548691048764347,0.104614917768768
"TCGA.CV.6953.01A",0.143594599727902,0.000196678849011089,0.00292290882123564,0,0,0.0555574835071373,0.0343426155887687,0.0274721345229901,0.00130237921687959,0.0100283868922147,0.00146802637109542,0.555525321352607,0.167589465150158
"TCGA.CV.7261.01A",0.0525663347546152,0,0,0,0,0.166376758710264,0,0,0,0,0,0.643319022065086,0.137737884470035
"TCGA.P3.A5QF.01A",0.181562382368599,0,0.0013858985941207,0,0,0.0458960616496844,0,0,0.000304687411181267,3.94037383556784e-05,0,0.635257935404156,0.135553630833903
"TCGA.CR.6470.01A",0.023413861448982,0,0,0,0,0.0969778413219939,0,0,0,0,0,0.741927940943316,0.137680356285708
"TCGA.CV.5979.01A",0.0617951011338718,0,0.00011089850077832,0,0,0.196361915148754,0,0,0.00199880120036775,0.000130482905240968,6.04725440943648e-05,0.583164653812721,0.156377674754172
"TCGA.CR.6471.01A",0.0109220144074145,0,0,0,0,0.106801837633964,0,0,0,0,0,0.743488479403392,0.138787668555229
"TCGA.CV.7430.01A",0.0883354789191074,0,0.000463832930033531,0,0,0.112544220181755,0,0,0.000245677229877926,0,0.000135029171848168,0.646806647023655,0.151469114543724
"TCGA.CV.7099.01A",0.0946357054940475,0,0.000136377227814997,0,0.000754844276454485,0.0730838267370427,0,0,3.01492563173563e-05,0,0,0.703018040383138,0.128341056625185
"TCGA.CQ.6221.01A",0.00410935013826652,0,0,0,0,0.434296996001631,0,0,0,0,0,0.424442956491902,0.1371506973682
"TCGA.CN.6992.01A",0.111099434758708,0,0.000206142427119778,0,0,0.0788898284716993,0,0,0.000586198482643094,0,0.000168464643617698,0.635568826498944,0.173481104717268
"TCGA.BA.5556.01A",0.0194697490241258,0,0.00184578567601748,0,0,0.102455697640981,0,0,0.00105676865615409,0,0,0.735887943696189,0.139284055306533
"TCGA.CV.7245.01A",0.0502140863716783,0,0,0,0,0.125215326142892,0,0,0,0,0,0.675870839153157,0.148699748332273
"TCGA.UF.A7JV.01A",0.0228808986455175,0,0.000410518682850046,0,0,0.284970342475662,0.00676184931953478,0.00633407561832773,0.00132469220101555,0,0,0.616210698630685,0.0611069244264082
"TCGA.CV.5440.01A",0.137348443132398,0,0,0,0,0.0951008772660528,0,0,0,0,0,0.64626690263561,0.121283776965939
"TCGA.UF.A7JO.01A",0.0694151481135499,0,0.000599527509444381,0.0129017508647959,0,0.086648140192952,0,0,0.000291215160592447,0,0,0.772552215395207,0.057592002763458
"TCGA.CV.A45V.01A",0.0652586438199851,0,0.00141357299678574,0,0,0.0858870892062067,0,0,0.00174676878395621,0,0,0.69008140725962,0.155612517933446
"TCGA.H7.7774.01A",0.0978324183906214,0,0,0,0,0.0270782891717838,0,0,0,0,0,0.703865673472011,0.171223618965584
"TCGA.CQ.A4CG.01A",0.0227731586821171,0,0,0,0,0.129737653482224,0,0,0,0,0,0.72247059087653,0.125018596959129
"TCGA.CV.5970.01A",0.00692716192906001,0,0.000128909780418056,0,0,0.16343880737338,9.11744475414787e-05,0,0,0,0,0.672678588775038,0.156735357694563
"TCGA.BB.4217.01A",0.0571921069896444,0,0.00263261606150398,0,0.00713692319691603,0.0945469373554899,0,0.00785704348543383,0.00948432265170587,0,0,0.690351860358092,0.130798189901214
"TCGA.CR.5248.01A",0.066288899562691,0,0.0561670389572602,0,0.00983135444886131,0.0439138855777563,0,0,0,0,0,0.741647356149166,0.0821514653042655
"TCGA.CR.7394.01A",0,0,0,0,0,0.107777061729592,0,0,0,0,0,0.746449201526458,0.14577373674395
"TCGA.CV.7421.01A",0.0703943693834263,0,0,0,0,0.240684563551421,0,0,0,0,0,0.53678039694112,0.152140670124033
"TCGA.CN.4729.01A",0.102529661032881,0,1.79873241310665e-05,0,0,0.129553106339305,0.000186693710381803,0,0.00073949211597913,0,0,0.579787686754583,0.18718537272274
"TCGA.F7.A61V.01A",0.221562595021126,0,0,0,0.0114187626072317,0.142341749714389,0.00184834220399824,0.0320558552183407,0.0183164637810891,0,0,0.443289196924145,0.12916703452968
"TCGA.BA.A6D8.01A",0.218340678457932,0,0,0.0338239933372756,0.000158487618388563,0.473612574771799,0.0367639830217554,0.136892328584861,0.0470918148679971,0.00604404696606568,0.00586946182932326,0,0.0414026305446027
"TCGA.CV.5971.01A",0.0298388671293585,0,0.00071918167583594,0,0,0.153163468170785,0,0,0,0,0,0.609574373417259,0.206704109606761
"TCGA.CQ.6220.01A",0.136728353118066,0,0.00103998319257903,0,0,0.057776389839969,0,0,0.000674404717366514,0,4.25620794734538e-05,0.588654271981869,0.215084035070677
"TCGA.IQ.A61J.01A",0.0131595670621616,0,0,0,0,0.13516397753063,0,0,0,0,0,0.70225373484169,0.149422720565518
"TCGA.BA.7269.01A",0.229269525114665,0,0,0.0236466987751261,0,0.495871545282093,0.0197382472038892,0.071395553290736,0.002856881049316,0,0,0.0805270588773911,0.0766944904067832
"TCGA.CV.7178.01A",0.0271064206082395,0,0.00117156583663118,0,0,0.191912839439336,0,0,0.00089307930595771,0,0,0.681735921153539,0.0971801736562967
"TCGA.BB.A6UO.01A",0.116321104337068,0,0,0,0,0.387987293946516,0.0481349464257211,0.00927303491932373,0.00315664375622206,0,3.44884269974849e-05,0.280891430379234,0.154201057808917
"TCGA.CV.A468.01A",0.025440626082836,0,0,0,0,0.147657042485485,0,0,0,0,0,0.709219653741429,0.11768267769025
"TCGA.CV.6960.01A",0.178274637674095,0,0,0,0,0.0442562486616134,0,0,0,0,8.90724728745782e-05,0.586646523709166,0.190733517482251
"TCGA.CV.7252.01A",0.0233306101409286,0,0.000745337334514702,0,0.00070657534885876,0.140704472304353,0,0,0.00043469317417585,0,0,0.660239382248212,0.173838929448958
"TCGA.CV.A45X.01A",0.131663462961543,0,0.000247903817566601,0,0,0.0236905282733027,0,0,0,0,0,0.650885655006624,0.193512449940964
"TCGA.CN.A6UY.01A",0.273398599424281,0,0.0390220324493478,0,0.0136390867543903,0.077821240108083,0,0,0.0131597358119791,0.059897331214826,0,0.415382241318915,0.107679732918178
"TCGA.CQ.6222.01A",0.0502622204335101,0,0.00231599274322819,0,0,0.0834502067273344,0,0,0.00014951364549147,0,0,0.744571931048751,0.119250135401685
"TCGA.MZ.A7D7.01A",0.268480963815711,0,0,0.00197130559809403,0,0.0924388393546138,0.174490443616408,0.0970425767329473,0.0137755482676227,0,0.00158179517547102,0.241911480328618,0.108307047110514
"TCGA.CQ.5329.01A",0.0300523263727527,0,0.000221698223277318,0,0.00193524698624825,0.280315709908637,0,0,0.000426643865935408,0,0,0.591161053963728,0.0958873206794212
"TCGA.CV.5973.01A",0.203143275853212,0,0,0,0,0.123008786186865,0.0530047422647984,0.00748953828574501,0.00145498946382603,0,0.00148804066595427,0.375331900057577,0.235078727222022
"TCGA.BA.5555.01A",0.0853925460429138,0,0,0,0,0.0674253301322425,0,0,0,0,0,0.661126532749011,0.186055591075832
"TCGA.UF.A7JS.01A",0.123657710037491,0,0,0.0197013504764876,0.207307638828441,0.334026714593668,0.0033758479270233,0.08952554366093,0.108730390948435,0.0766576821508632,0.00295439470358474,0,0.0340627266730772
"TCGA.CV.A45Q.01A",0.109085379354362,0.496438336504971,0,0,0.00107576325953893,0.207760920426909,0.00790631737584758,0.0721524231150235,0.0444684607752204,0.0462599463762343,0.00101471378007348,0,0.0138377390318202
"TCGA.QK.A6VC.01A",0.0808638020198222,0,0.000831533964942658,0,0,0.0607439073935946,0.0141731097680251,0.0186740016500773,0.000368558878727442,0,0,0.697244288239767,0.127100798085043
"TCGA.BA.A6DL.01A",0.213199071281877,0,0.00129353666531138,0,0,0.0470017679359941,0,0,0.000902753113805569,0,9.52790693344477e-05,0.567575419755877,0.1699321721778
"TCGA.CR.7365.01A",0.0279966707657338,0,0.000727004613829543,0,0,0.14996338986327,0,0,0.000274375504165145,0,0,0.630450005407202,0.1905885538458
"TCGA.P3.A6SW.01A",0.143706832939755,0,0.0278540634657177,0,0.0100211263899438,0.0829112241056639,0,0.0246133434742771,0.00141616510316402,0,0,0.60813457332492,0.101342671196558
"TCGA.HD.8314.01A",0.0678298553450399,0,0.00179895454653945,0,0,0.04901902501272,0,0,0.00026908486787966,0,5.48648241783108e-05,0.760219071817238,0.120809143586405
"TCGA.CN.4742.01A",0.00805575139809769,0,0.00077437425671814,0,0,0.197201173717195,0,0,0,0,0,0.624423923315786,0.169544777312203
"TCGA.IQ.A61H.01A",0.13057176220344,0,0.00138959725040862,0,0,0.063906234685464,0,0,0,0,0.000111497881169536,0.682054906424104,0.121966001555414
"TCGA.CX.7085.01A",0.000806280236818713,0,0.000691460711009182,0,0,0.1114105929844,0,0,0.000811000231117564,0,0,0.758674189812602,0.127606476024052
"TCGA.CV.7235.01A",0.00898291587910667,0,9.85004753671472e-05,0,0,0.22046420052511,0,0,0,0,0,0.644521677962066,0.12593270515835
"TCGA.CV.7434.01A",0.0649754912775368,0,0.00121431088808681,0,0.000723884147078036,0.128558254944547,0,0,0,0,0,0.678830840565542,0.125697218177209
"TCGA.CR.6480.01A",0.0865623892166151,0,0.000103425157132109,0,0,0.0112709147221167,0,0,0,0,0,0.710307765677702,0.191755505226434
"TCGA.CR.7385.01A",0.073400389492205,0,0.000540920520286733,0,0.00139175952061471,0.0367869451341997,0,0,0,0,1.36367197796774e-05,0.781796107897474,0.106070240715441
"TCGA.T2.A6WZ.01A",0.261086959512369,0,0,0,0.0338919272746671,0.373191525511069,0.0174800319257848,0.140886947010938,0.047377012417398,0.0525395741017579,0.00108053880206094,0.00278290454478788,0.0696825788991673
"TCGA.CV.6436.01A",0.291898488454269,0,0.000926144334774685,0.00279400776695937,0.070245765789234,0.239584231652449,0.0642509453171824,0.0148741759076749,0.0562247172315573,0.0995767337919173,0.00214974412765475,0,0.157475045626327
"TCGA.UF.A7JA.01A",0.126285511565671,0,0.00024405597041484,0,0,0.250841951852461,0,0,0,0,0,0.501185309536818,0.121443171074636
"TCGA.CQ.A4CB.01A",0.0270257278635095,0,0.000812158552705127,0,0,0.162834136120219,0,0,0,0,0,0.655061515718092,0.154266461745474
"TCGA.CX.7219.01A",0.00586147076628618,0,0,0,0,0.126173710321102,0,0,0,0,0,0.743402043388929,0.124562775523683
"TCGA.IQ.A61G.01A",0.215009218728745,0,0,0,0.00357947329304256,0.120674941081003,0.00749338661435158,0.0228351098619194,0.00170700097247051,0,0,0.486662590474291,0.142038278974178
"TCGA.CV.5434.01A",0.0273205861256123,0,0.000563621049209119,0,0.000314254692629193,0.160361520008007,0,0,0.000400356264496451,0,4.71796440255013e-06,0.71408146519373,0.0969534787019135
"TCGA.DQ.5625.01A",0.0516971555921536,0,0.0130082281799698,0,0.012967443019289,0.149489009096824,0,0,0.00371569508376597,0,0.000110424010085099,0.605315117013552,0.16369692800436
"TCGA.BB.A6UM.01A",0.133071916756867,0,0,0,0,0.060442946921138,0,0,0,0,0,0.679427341291232,0.127057795030763
"TCGA.C9.A47Z.01A",0.0945336868033165,0,0.00128110118614441,0,0.00092576016886213,0.0402005813815744,0,0,0.000758692294709132,0,0,0.685060715979416,0.177239462185978
"TCGA.P3.A6T7.01A",0.0966465290160803,0,0.000315558639218065,0,0.0015393526361033,0.11335666781288,0,0,0.00112367775671035,0.000145512411277417,0,0.629038033704207,0.157834668023524
"TCGA.CN.6998.01A",0.0823911936530597,0,0.000990746077155555,0,0,0.0393088154652148,0,0,0.00123473667420252,0.000112324235287363,0,0.681951845938044,0.194010337957036
"TCGA.MZ.A6I9.01A",0.283184222952193,0,0.000114716031917512,0,0,0.103210741563633,0,0.00300490018439751,0,0,0,0.492645366397122,0.117840052870737
"TCGA.F7.A50I.01A",0.105352705605179,0,0.000987313936941295,0,0,0.0925194362443075,0,0,0.000998303370032442,0,1.28518101975499e-06,0.647719935466402,0.152421020196119
"TCGA.T2.A6WX.01A",0.10486635502898,0,0.00241837473983398,0,0.0687426595993057,0.158105150216577,0,0,0.0419508880792111,0.00155205919074516,5.69155541121703e-05,0.513960191443633,0.108347406147602
"TCGA.CN.4741.01A",0.107685837261457,0,0.00135379666612548,0,0,0.0222515334515411,0.000895948492129628,0,0.000470830602470518,0,5.09591583458556e-05,0.698400917092236,0.168890177275694
"TCGA.CV.6948.01A",0.239326805509052,0,0.0142958544703712,0,0,0.0976325648820877,0,0.0323352071679146,0,0.00317084422727312,0,0.49784949709545,0.115389226647851
"TCGA.QK.A64Z.01A",0.122015688512253,0,0.000938551521487342,0,0.00157810420970193,0.090387649237659,0,0,0.000751317530379428,0,0,0.587314041465147,0.197014647523372
"TCGA.CQ.6228.01A",0.113965620485709,0,0,0,0,0.164799286726396,0,0,0,0,0,0.642622416625735,0.0786126761621595
"TCGA.CN.6996.01A",0.0277243987961655,0,0.00231675023264312,0,0.00040659202224432,0.0873412916174018,0,0,0,0,0,0.718148587634405,0.16406237969714
"TCGA.CN.4737.01A",0.0133699264298742,0,0,0,0,0.153377536914459,0,0,0,0,0,0.679677506432511,0.153575030223156
"TCGA.QK.A6V9.01A",0.134392523772881,0,0.00411470927442044,0,0,0.0131129482984885,0,0,0,0,0,0.75569808163833,0.0926817370158805
"TCGA.DQ.7591.01A",0.140708288495743,0,0.00487449306111556,0,0.0135889471173832,0.0495387974514259,0,0,0.00195413503617525,0,0,0.701555619496788,0.0877797193413689
"TCGA.CN.5358.01A",0.000246837589415935,0,0.00206007686951073,0,0,0.133257805823411,0,0,0,0,0,0.734886302201755,0.129548977515907
"TCGA.CV.6945.01A",0.188406164925744,0,0,0,0,0.0974377866989574,0,0,0,0,3.55280545675019e-05,0.537594567858824,0.176525952461907
"TCGA.CQ.6218.01A",0.0354147575642999,0,0,0,0,0.164162274824566,0,0,0,0,0,0.660779829882541,0.139643137728594
"TCGA.CV.7413.01A",0.0288739116493658,0,0.000627793588312932,0,0.000308944620621779,0.236831861375327,0,0,0.00131515909753733,0,0,0.618676243359777,0.113366086309058
"TCGA.CR.7377.01A",0.00444735629167826,0,0,0,0,0.152772338509533,0,0,0,0,0,0.690621905778238,0.152158399420551
"TCGA.D6.6823.01A",0.136619844025554,0,0.000188492735194041,0,0.00104868829978319,0.131215777304737,0,0.00193763415774675,0,0,0.000479539837737037,0.576760461459318,0.15174956217993
"TCGA.CV.7253.01A",0.125813581604422,0,0.000202415836040284,0,0,0.079727099385659,0.000408390676105714,0.0011800956622325,0,0,6.13147570478698e-05,0.703566010245832,0.0890410918326604
"TCGA.CV.6942.01A",0.0740298068538393,0,0.0121478124680668,0,0,0.143021214752481,0,0,0.00181352201094104,0,0,0.612648660109481,0.15633898380519
"TCGA.BA.A6DA.01A",0.230302903476457,0,0,0,0,0.205926016668917,0.159080333813826,0.0158047457862619,0.0741524744903114,0,0,0.193027145720201,0.121706380044026
"TCGA.MT.A67D.01A",0.0863593911328989,0,0,0,0,0.150935677890555,0.000391605195815178,0,0,0,0,0.634859282219386,0.127454043561345
"TCGA.CQ.5323.01A",0.0694271637675889,0,0,0,0.00214983479920328,0.119103387487008,0,0,0,0,0,0.680370949351273,0.128948664594926
"TCGA.CR.7390.01A",0.0226467489270475,0,0,0,0,0.157459888363581,0,0,0.000110753117684793,0,6.36434750783192e-05,0.665647853223799,0.154071112892809
"TCGA.UF.A7JK.01A",0.168058325499591,0,0,0,0,0.0926046810621256,0,0,0,0,0,0.555175037500198,0.184161955938085
"TCGA.CV.A45Y.01A",0.0608870838989535,0,0.000928772926705771,0,0,0.238541929119528,0,0,0,0,0,0.57963091440999,0.120011299644823
"TCGA.P3.A6T0.01A",0.0504268379700556,0,0.000569363491405942,0,0.000495878423224841,0.115874617082455,0,0,0,0,0,0.684490987319842,0.148142315713017
"TCGA.CN.4740.01A",0.0147749747034125,0,0.0010793530534994,0,0,0.197949195969709,0,0,0.000909915114321922,0,0,0.681118672526042,0.104167888633016
"TCGA.CN.5370.01A",0.00219435332209169,0,0.00137364684136873,0,0,0.169842049314467,0,0,3.93623256040422e-05,0,0,0.729630353803193,0.096920234393275
"TCGA.CN.6024.01A",0.117344692425878,0,0,0,0,0.141589729531266,0,0,0,0,0,0.643799766958144,0.0972658110847115
"TCGA.CR.7397.01A",0.014521199607085,0,0.000485527319211097,0,0,0.253128849335967,0,0,0,0,0,0.604064400537569,0.127800023200168
"TCGA.QK.AA3J.01A",0.149984865638225,0,0.00216254564735204,0,0,0.0167391474354618,0,0,0,0,0,0.638298804559719,0.192814636719242
"TCGA.BA.A6DI.01A",0.13126116704507,0,0.000429879656261137,0,0,0.0211295737696662,0,0,0.00141931570472446,0,0.000104076567253776,0.660035410583338,0.185620576673686
"TCGA.CV.5443.01A",0.0685727430706927,0,0.00203646675666924,0,0,0.0992768958394719,0,0,0.000131207557331949,0,0,0.718586463243146,0.111396223532688
"TCGA.P3.A5Q5.01A",0.0987860047241685,0,0.0227128638045921,0.0283788094241368,0.0388644100881974,0.0417747154586328,0,0,0.0163309043774861,0.0336446931224701,0.000210583472733831,0.65050970820721,0.0687873073203727
"TCGA.CN.A498.01A",0.0782105716199011,0,0.000550024114572022,0,0.00210178302113206,0.0268212037878791,0,0,0.000578759398560743,0,1.45196312444554e-05,0.725109075345226,0.166614063081484
"TCGA.CX.7082.01A",0.15782312100849,0,0.000542875357027015,0,0,0.144220475399178,0,0,0,0,6.29649482994095e-05,0.564446719743688,0.132903843543317
"TCGA.CV.7432.01A",0.137498054501096,0,0.000232007250396129,0,0.000778332773403625,0.120205325036287,0,0,0,0,0.000367997339946839,0.645270839502244,0.0956474435966258
"TCGA.CV.7248.01A",0.109735733236705,0,0.00114545189083794,0,0,0.12752046478445,0,0,1.26243518052101e-05,0,0.000293591497709574,0.58832413849067,0.172967995747822
"TCGA.KU.A66T.01A",0.132532638853778,0,0,0,0,0.0730563378257893,0,0,0,0,0,0.647779789547519,0.146631233772914
"TCGA.P3.A5Q6.01A",0.16793145081823,0,0,0,0,0.4173998211344,0.00422908358153186,0.0221890450892277,0,0.00657237170124803,0,0.2629855405035,0.118692687171862
"TCGA.CN.5374.01A",0.138940208628023,0,0.0327480463429119,0,0.0394897495627531,0.0800107490257674,0,0.0132950745035275,0.0198876807741112,0.0064432200248458,0,0.559273840312953,0.109911430825107
"TCGA.CQ.A4CI.01A",0.126951745649946,0,0,0,0,0.206062009448782,0,0,0,0,0,0.542797633692918,0.124188611208353
"TCGA.BB.4224.01A",0.261448902729373,0,0.00152527728716419,0,0,0.0356535131457007,0,0,0.000483412987700661,0,0.000208445163898127,0.510618165046088,0.190062283640076
"TCGA.CN.6997.01A",0.132268112559329,0,0.000191975306685409,0,0,0.0542703203479417,0,0,0,0,0,0.644824933913451,0.168444657872593
"TCGA.CV.7101.01A",0.0613344037366061,0,0,0,0,0.0833077993628483,0,0,0,0,0,0.731669546391422,0.123688250509124
"TCGA.CV.6937.01A",0.113792893533908,0,0.000132341974440266,0,0,0.162676497696199,0,0,0.000325068573042608,0,0,0.562866537450971,0.160206660771439
"TCGA.CQ.5326.01A",0.0028457329493164,0,0,0,0,0.139294376096493,0,0,0,0,0,0.737785709102312,0.120074181851879
"TCGA.P3.A6SX.01A",0.133674164102899,0,0,0,0,0.158137457352254,0,0,0,0,0,0.533942295839184,0.174246082705663
"TCGA.D6.A6EQ.01A",0.132005548939434,0,0,0,0.0137465183399162,0.456612261512779,0.0402912091456199,0.0316900662895628,0.0627354611294313,0.0406518618013141,0,0.114400581729235,0.107866491112708
"TCGA.CN.6995.01A",0.0896801589657536,0,0.00132676756739482,0,0,0.0909602905875376,0,0,0.00119932480509826,0,0,0.664235922845445,0.152597535228771
"TCGA.D6.A6EO.01A",0.132873756660751,0,0.000372599220067488,0,0,0.0485731326099705,0,0,0.000483808188658079,0,0,0.654004367186391,0.163692336134161
"TCGA.KU.A6H8.01A",0.16438863777395,0,0.00234185657872929,0,0,0.0985036065827555,0,0,0.00119321538144584,0,0,0.603854577919666,0.129718105763453
"TCGA.CN.6010.01A",0.0800239472612866,0,0.000553428374220865,0.000328591594222823,0,0.0686762116354452,0,0,0,0,0,0.763991506833555,0.0864263143012698
"TCGA.BA.A8YP.01A",0.058685165545908,0,0.000127580023741552,0,0.000560405680513248,0.191008599486822,0,0,0.000223187032679161,0,8.40788666464911e-05,0.678429313665518,0.0708816696981717
"TCGA.CV.6936.01A",0.100645029139095,0,0,0,0,0.0754497469666319,0,0,0,0,0,0.675858572452141,0.148046651442132
"TCGA.D6.A4ZB.01A",0.101168196218879,0,0,0,0,0.105881599739535,0,0,0,0,0,0.666618244655331,0.126331959386255
"TCGA.QK.A6IG.01A",0.182205316009105,0,0.000748613223875649,0,0.00713084670610079,0.272771870506437,0.000223103550730269,0.015339117639912,0,0.00023895833489628,0,0.435962767385643,0.0853794066433002
"TCGA.UF.A7JD.01A",0.0357302882824775,0,0,0,0,0.331361305646434,0,0,0,0,0,0.542157291680456,0.0907511143906317
"TCGA.QK.A6IJ.01A",0.299354729167198,0,0,0,0.000424677102677398,0.302237287719295,0.04337687082979,0.0224277903475945,0.0510647003767454,0.140384699779741,0,0.0042820993158577,0.136447145361101
"TCGA.HD.8635.01A",0.12326809170948,0,0.00109844006422723,0,0,0.0444516663614594,0,0,0,0,0,0.610360423041101,0.220821378823732
"TCGA.CV.7250.01A",0.151919876251738,0,0.000584293845156822,0,0,0.0601026462500422,0.00136039519475691,0,0.00162123318420744,0,4.69925111232727e-05,0.6194925411739,0.164872021589075
"TCGA.CR.6487.01A",0.0467856881333633,0,0.0330126442043834,0,0.0175613423868809,0.0708438208944362,0,0.00590775018310005,0.00127883371752026,0,0,0.741400086254147,0.0832098342261691
"TCGA.CN.6018.01A",0.00652127192706266,0,0.00030762640367001,0,0,0.203181955022394,0,0,0.000102086264948349,0,0,0.686929698531594,0.102957361850331
"TCGA.CR.6484.01A",0.000819631100625975,0,0.00105641300498563,0,0,0.133155761459262,0,0,0.000435224542939154,0,0,0.764616975159156,0.0999159947330317
"TCGA.CR.7382.01A",0,0,0,0,0,0.219961148102209,0,0,0,0,0,0.635991835463623,0.144047016434168
"TCGA.CN.4726.01A",0.0149590872477403,0,0,0,0.000349232667922292,0.230850394915194,0.0415355200566907,0.000172658249512169,0.000802354828960656,0,0.00015686007361277,0.586227737949773,0.124946154010594
"TCGA.BB.A5HY.01A",0.168851225917602,0,0,0,0,0.177849211378763,0,0.0477796350077099,0,0,0,0.491783161756562,0.113736765939363
"TCGA.CV.A45R.01A",0.104271631142668,0,0.000773624544365873,0,0,0.0574929495073458,0,0,0,0,0,0.637692119877135,0.199769674928485
"TCGA.P3.A6T4.01A",0.0940712764912522,0,0.000472388993824268,0,0,0.0804774786114384,0.0457606169586734,0,0.00136621642657708,0,0.000539105186136191,0.599453194836597,0.177859722495502
"TCGA.CV.6962.01A",0.254800011679595,0,0.000139076771055606,0,0,0.0989922897042023,0,0,0,0,9.33400936361014e-05,0.469206580467944,0.176768701283567
"TCGA.MT.A51W.01A",0.128133231245074,0,0.000946705711567068,0,0,0.0551390841889009,0.00600485113422695,0,0.00108153630165326,0,5.98558571933272e-05,0.612071524060231,0.196563211501153
"TCGA.CQ.7068.01A",0.0878339751300455,0,0.0236287868718722,0,0.00376456939339244,0.0606291350576077,0,0,0.00257832153791639,0.000275794030884167,3.83114751266909e-05,0.678955961042643,0.142295145460512
"TCGA.4P.AA8J.01A",0.0572287615468269,0,0,0,0,0.38981497216935,0,0,0,0,0,0.442369151015549,0.110587115268274
"TCGA.CV.A45P.01A",0.0970385330204982,0,0.00107496001506137,0,0,0.0644523632140433,0,0,0.000863040213007934,0,7.23544743960379e-05,0.671009366007031,0.165489383055962
"TCGA.CV.7429.01A",0.0237793693651564,0,0,0,0,0.248339309734682,0,0,0,0,2.56386175861099e-05,0.657339811689516,0.0705158705930595
"TCGA.HD.A633.01A",0.14423265646765,0,0,0,0,0.260402053953327,0.00441956723316878,0.0109770965649907,0,0,0,0.442927422920569,0.137041202860295
"TCGA.DQ.5631.01A",0.0309000399362731,0,2.70963692829656e-06,0,0,0.158578699734744,0,0,0,0,0,0.591727111294291,0.218791439397764
"TCGA.CV.5436.01A",0.0892957956194199,0,0.00118251302957617,0,0.000233957171594889,0.196518943860109,0,0,0.00121227984026354,0,0,0.569764891492609,0.141791618986428
"TCGA.DQ.5630.01A",0.0211831542942727,0,0,0,0,0.213459628653235,0,0,0,0,0,0.635498273793843,0.12985894325865
"TCGA.CR.6482.01A",0.100495762195067,0,0.00591025671021693,0,0,0.0621459833780066,0,0,2.58634996080247e-05,0,0,0.675409274619157,0.156012859597944
"TCGA.P3.A6T6.01A",0.325954394742863,0,0,0,0.0163495680347159,0.10610460597049,0.000930918242242927,0.0631460330204621,0.0709845439721577,0,0.000428052884987892,0.295375994651632,0.120725888480449
"TCGA.DQ.7592.01A",0.0271666130683109,0,0.000731341465094068,0,0,0.121994031902401,0,0,0.00111252663532328,0,0,0.703060358355009,0.145935128573862
"TCGA.BA.A4II.01A",0.122299435320084,0,0,0,0,0.084992273302705,0,0,0,0,0,0.664186853923532,0.128521437453679
"TCGA.HL.7533.01A",0.111682349163176,0,0.00288937707410899,0,0.000164594603133913,0.166768574277012,0,0,0.00157914609675847,0,0,0.593445788709275,0.123470170076535
"TCGA.CV.7435.01A",0.0224667566160184,0,0.000253599602769326,0,0,0.173316562889407,0,0,0,0,0,0.658523576492031,0.145439504399774
"TCGA.CV.7446.01A",0.0450793367897753,0,0.000769407999552905,0,0,0.0659779785585921,0,0,0.000719374016166734,0,1.49028548303841e-05,0.77174144055784,0.115697559223243
"TCGA.BA.6870.01A",0.0778770344560784,0,0,0,0,0.133010060426982,0,0.0358068573753085,0,0,0,0.562446852217229,0.190859195524403
"TCGA.MZ.A5BI.01A",0.129721523705976,0,0,0,0.0119115254865328,0.119572391057717,0.00412362608083703,0.0167306771590947,0.00106660085563024,0.0106751663953801,0,0.615632693460727,0.0905657957981051
"TCGA.CQ.A4CE.01A",0.124861846929602,0,0.00134200195591194,0,0,0.0371363999169526,0,0,0.000391376145256334,0,0.000252129901901518,0.678246269616698,0.157769975533677
"TCGA.CV.A460.01A",0.146710011016932,0,0,0,0,0.0474919910978685,0,0,0,0,0,0.635398453108614,0.170399544776586
"TCGA.CV.7104.01A",0.00501127322923965,0,0.00105829814440264,0,0,0.112013028012881,0,0,0.000601673354056212,0,0,0.743066490742736,0.138249236516684
"TCGA.UF.A7JF.01A",0.184934823074777,0,0,0.0086991557244571,0.00117043450697861,0.121338329449733,0,0.0127805378747888,0.000240347225171055,0.0198101355058614,0.000745940846083737,0.595256671721955,0.0550236240701942
"TCGA.HD.7753.01A",0.0201412075154034,0,0.000841207985755657,0,0,0.149325690772942,0,0,0.00100112777764897,0,0,0.666904888069682,0.161785877878568
"TCGA.F7.A61S.01A",0.129888987430216,0,0.00115571230760508,0,0.0051287799562944,0.130060466164606,0.000422335856077307,0,0.00269025872928028,0.000422422442292006,0,0.584812915929037,0.145418121184592
"TCGA.CQ.A4C9.01A",0.100168814092922,0,0,0,0,0.146836885568934,0,0,0,0,0,0.619959496586143,0.133034803752001
"TCGA.CQ.A4CA.01A",0.0719828076425449,0,0.00169645067471001,0,0,0.136164453512565,0,0,0.000654865282225281,0,0,0.641444259266858,0.148057163621097
"TCGA.IQ.A61O.01A",0.000195391919455512,0,0,0,0,0.52331008232962,0,0,0,0,0,0.423730628904199,0.0527638968467258
"TCGA.CQ.A4CD.01A",0.0978767378576283,0,0,0,0,0.124955793769823,0.00163795051942603,6.66785787104324e-05,0,0,0,0.638353933176023,0.137108906098389
"TCGA.CN.A499.01A",0.0545451477316568,0,0,0,0,0.0501277512364045,0,0,0,0,0,0.75846586573833,0.136861235293609
"TCGA.CN.6013.01A",0.0593837028981047,0,0.00302311801226005,0,0,0.023257841264149,0,0,0,0,0,0.754679336221484,0.159656001604002
"TCGA.CN.5356.01A",0.041866085124506,0,0.000835851818827376,0,0,0.179569718990382,0,8.17129997397178e-05,0.000443966259776244,0,0.000101857122121391,0.605623321150244,0.171477486534402
"TCGA.CN.6017.01A",0.0035256880496788,0,0,0,0,0.14251707895785,0,0,0,0,0,0.704081325966868,0.149875907025604
"TCGA.CR.7369.01A",0.0342988450959931,0,0.00142416774404619,0,0.000464465249162158,0.0764777322055436,0,0,0,0,0,0.752907111044206,0.134427678661049
"TCGA.P3.A6T8.01A",0.024945766549452,0,0,0,0,0.23532360127546,0,0,0,0,0,0.518653624388711,0.221077007786376
"TCGA.F7.A50J.01A",0.129060083269425,0,0,0,0,0.125659497797397,0,0,0,0,0,0.603119467281607,0.14216095165157
"TCGA.UF.A71D.01A",0.230131798067549,0,0.00113833006217338,0,8.45935779963581e-05,0.033170974705015,0.00843914139985779,0,0,0,0.000434477165274707,0.520943258011614,0.20565742701052
"TCGA.CV.A464.01A",0.0317595556049146,0,0.000535515159152026,0,0,0.222979359602302,0,0,0,0,0,0.589350675009389,0.155374894624242
"TCGA.CV.A6JD.01A",0.0174159145662147,0,0,0,0.00170515750968583,0.37906502042034,0,0.00122113577352618,0,0.0240891760022308,0,0.476077744260166,0.100425851467836
"TCGA.CQ.7071.01A",0.0526138406822282,0,0.00073667891020065,0,0.00126632728116132,0.136892323006466,0,0,0.000617707649939744,0,1.64681666269199e-05,0.668317968853359,0.139538685450019
"TCGA.UF.A7J9.01A",0.0524453209965035,0,0,0,0,0.240823785216472,0,0,0,0,0,0.604098311380464,0.102632582406561
"TCGA.CQ.6225.01A",0.284237470421062,0,0,0,0,0.0478450602342416,0,0.0720088425531736,0,0,0,0.486172356967355,0.109736269824167
"TCGA.MT.A51X.01A",0.0852877973415779,0,0.00165401127630309,0,7.17234168526265e-06,0.145302076496152,0.000542436750691209,0,0.00101212287240211,0,0,0.586380608816794,0.179813774104394
"TCGA.BA.5152.01A",0.0866619159129424,0,0.00103754508644172,0,0,0.133687630033786,0.0180761027788565,0,0.0020007704384651,0.00467836876353739,2.27232984210001e-05,0.589224676814326,0.164610266873223
"TCGA.CQ.7065.01A",0.141328667169863,0,0,0,0,0.0897089189873984,0,0,0,0,0,0.549300120739165,0.219662293103574
"TCGA.CQ.6229.01A",0.067893854302774,0,0.00122064068419705,0,0,0.12909080008824,0,0,0.00282902807274567,0,0,0.611452377440765,0.187513299411278
"TCGA.CN.A63U.01A",0.344601459617728,0,0.000528441432108721,0,0,0.0390684319455134,0,0.000841103889295905,0.000631952101577197,0,0.000438975585788008,0.431455451484017,0.182434183943972
"TCGA.CV.6940.01A",0.0973333533476389,0,0.000315138029959347,0,0,0.125068619470191,0,0,0,2.78996493791609e-05,0,0.626506505907812,0.15074848359502
"TCGA.H7.8501.01A",0.0198380958441672,0,0,0,0.0541475678417497,0.197725367713102,0.00430093610190225,8.50325367573724e-05,0,0.00365667691145103,0,0.62081672622802,0.099429596822851
"TCGA.QK.A8ZB.01A",0.0351527198255253,0,0,0,0,0.11389674960912,0,0,0,0,0,0.720421500701602,0.130529029863752
"TCGA.CR.6481.01A",0.0618607690494264,0,0.00670071607966439,0,0,0.0614366162278605,0,0,0.000725902034603333,0,0,0.742400147071997,0.126875849536449
"TCGA.BB.8596.01A",0.0167524755740266,0,6.21112564849067e-05,0,0,0.141156515769652,0,0,0,0,0,0.695831504789187,0.146197392610649
"TCGA.CR.6493.01A",0.123963418598371,0,0.00028647037962833,0,0.00117942793949712,0.208039699822501,0,0,0.000754456512924502,0,0,0.487907893500126,0.177868633246952
"TCGA.CV.A6JT.01A",0.0742942841829509,0,0,0,0,0.31032631862045,0,0,0.00072751310261903,0.00775476365524707,0,0.502761124174059,0.104135996264674
"TCGA.BA.A4IF.01A",0.218877645843782,0,0.0017329225041857,0,0,0.0631378748111086,0,0,0.00028069249478181,0,0,0.542027148279185,0.173943716066957
"TCGA.CN.4725.01A",0.157063100448528,0,0.000128766410283433,0,0,0.0482334917251495,0,0,0,0,0.000152193097633493,0.569203330120587,0.225219118197819
"TCGA.WA.A7H4.01A",0.105662412884981,0,0.000687521933154648,0,0,0.160717660065445,0,0,0,0,0.000254250732971271,0.546666307962815,0.186011846420633
"TCGA.CV.5441.01A",0.125661061667081,0,0,0,0,0.17287166698069,0,0,0,0,0,0.550039770533457,0.151427500818772
"TCGA.CR.7367.01A",0.0173290847817961,0,0.00071364239791774,0,0,0.227476339829104,0,0,0,0,0,0.638276826026013,0.116204106965169
"TCGA.CR.5249.01A",0.0445477604620675,0,0.000949648888772847,0,0.000995228107263018,0.033605593017228,0,0,0.000442828923608104,0,0,0.783941030079984,0.135517910521077
"TCGA.F7.A620.01A",0.0984256326959346,0,0.0109983887157941,0,0,0.138352132386379,0,0,0.00976812917832413,0.00708164958441219,0,0.58897746782995,0.146396599609205
"TCGA.QK.A8Z9.01B",0.0253149648967028,0,0.000822557478462465,0,0,0.251046537432319,0,0,0,0,0,0.619761893821678,0.103054046370837
"TCGA.IQ.7630.01A",0.0864330871992647,0,0.00086571129952183,0,0,0.140248019992882,0,0,0,0,0,0.618706227895264,0.153746953613067
"TCGA.CN.4738.01A",0.033046973130402,0,0.0012010232512534,0,0,0.0469662299364619,0,0,0.000781031007500734,0,0,0.77790888542753,0.140095857246852
"TCGA.CQ.5331.01A",0.0313850531324752,0,0.00115289178276957,0,0.00126666361321666,0.101868715891869,0,0,0.000619843517242669,0,0,0.724597759362325,0.139109072700101
"TCGA.CV.7418.01A",0.132957297223471,0,0,0.00131827870518377,0,0.0298121292229899,0,0,0,0,0,0.742007033813552,0.0939052610348034
"TCGA.D6.6516.01A",0.0681530349832676,0,0.00196389196838803,0,0,0.0550149318196866,0,0,0.000586420357151621,0,0,0.697454580223523,0.176827140647983
"TCGA.CV.5444.01A",0.0177029622300176,0,0.000632775816136029,0,0,0.2174457812499,0,0,0,0,0,0.65315361623774,0.111064864466207
"TCGA.CN.A6V7.01A",0.270888285572987,0,0.000988701360461662,0,0,0.00899008077026952,0,0,0,0,0,0.578595975896077,0.140536956400205
"TCGA.CV.A45Z.01A",0.149200104014896,0,0,0,0,0.0958919045692798,0,0,0,0,0,0.62330142405262,0.131606567363204
"TCGA.CR.6478.01A",0.0710077249068172,0,0.00354662563098331,0,0,0.108481921723042,0,0,0.000924073705046353,0,0,0.675913453224483,0.140126200809628
"TCGA.CN.6021.01A",0.15981507312619,0,0,0,0,0.0233001274368229,0,0,0,0,0,0.591582776135628,0.225302023301359
"TCGA.CQ.6224.01A",0.0145829781440058,0,0,0,0,0.331743053525478,0,0,6.73500241231679e-06,0,0,0.52832443768968,0.125342795638424
"TCGA.HD.7754.01A",0.024861327855919,0,0,0,0,0.124737044796611,0,0,0,0,0,0.746270024193712,0.104131603153758
"TCGA.F7.A622.01A",0.256157780713634,0.000218077762807215,0.00105713170523868,0,0.00824581214937304,0.105409930858321,0.0666795501981664,0.000630464707392397,0.0025029950253162,0,0.0003555843516592,0.376657405202695,0.182085267325396
"TCGA.P3.A6T2.01A",0.0934664573484107,0,0,0,0,0.232029129457629,0,0,0,0,0,0.553860177014007,0.120644236179954
"TCGA.CR.7383.01A",0.0253943654992256,0,0,0,0,0.232575810785559,0,0,0,0,0,0.641546853094007,0.100482970621209
"TCGA.CN.A49A.01A",0.117631962326316,0,0.000370438918462245,0,0,0.191622210978841,0,0,0,0,0,0.546204900088426,0.144170487687955
"TCGA.TN.A7HJ.01A",0.19128740354923,0,0.000100079622654012,0,0,0.0767863675113676,0.00525110997301631,0,0.00124083983109798,0.000215487231471246,0.0001950731247736,0.521814788265067,0.203108850891321
"TCGA.CN.4736.01A",0.00752273701345906,0,0,0,0,0.122409070267796,0,0,0,0,0,0.721946477934947,0.148121714783797
"TCGA.CN.4730.01A",0.340325218916279,0,0.000251071522133668,0,0,0.0690690403463662,0,0,0.00195458504963358,0,1.86329783798136e-05,0.358005091320942,0.230376359866265
"TCGA.CV.7433.01A",0.00434832392245699,0,0.00165944264204692,0,0,0.223592020945311,0,0,0,0,0,0.65737352664079,0.113026685849395
"TCGA.CV.6934.01A",0.00295618457820869,0,0,0,0,0.245247656649223,0,0,0,0,0,0.610394480728524,0.141401678044045
"TCGA.CV.6941.01A",0.049033835931712,0,0.000505592791588554,0,0,0.166254334995776,0,0,0,0,0,0.672574717301975,0.111631518978949
"TCGA.RS.A6TP.01A",0.112215991945725,0,0,0,0,0.0505955343730118,0,0,0,0,0,0.698797987526451,0.138390486154813
"TCGA.CV.5978.01A",0.0168672613531267,0,0.000453873031447209,0,0,0.17748519456629,0,0,0,0,0,0.746376696956487,0.0588169740926492
"TCGA.CV.5977.01A",0.189962075768338,0,0,0,0.000693006261649478,0.223989644654506,0,0,0.00164218527093503,0,0.000174880519620339,0.433843455852862,0.149694751672089
"TCGA.CV.A6JU.01A",0.20961264241551,0,0,0.0439205121028398,0,0.258451202782773,0.01966768177214,0.00909773250129895,0.00887731708096899,0.00981898079741688,0,0.348766467167074,0.0917874633799784
"TCGA.CV.7102.01A",0.02942465917911,0,0.000903558051372056,0,0,0.208469513038629,0,0,0.00054151008081853,0,0,0.615269822883828,0.145390936766242
"TCGA.CR.7368.01A",0.0135082835211474,0,0.00116162397177269,0,0.000479169226187319,0.0282023005010626,0,0,0.000212116302358526,0,0,0.813456330429858,0.142980176047614
"TCGA.D6.A74Q.01A",0.164979541887406,0,0.0133657665204787,0,0.000798066745582089,0.160096839147726,0,0,0.00707679935728598,0,0.00179114222727715,0.52862942198574,0.123262422128504
"TCGA.D6.6824.01A",0.0190198534047466,0,0.000979484577726783,0,0,0.108405229534558,0,0,0.00177301398632986,0,0,0.71786355359524,0.151958864901398
"TCGA.CV.7440.01A",0.128356356633741,0.000203715790924499,0.00106773003642954,0,0,0.125353418941427,0,0,0.00142508184957261,0.000507911782541666,0.000101932977167986,0.562216026019926,0.18076782596827
"TCGA.CR.6477.01A",0.00961348801113092,0,0.000157638957222285,0,0,0.148797736457131,0,0,0.000828573766637184,0,0,0.70116132562862,0.139441237179259
"TCGA.UF.A71B.01A",0.107048329239132,0,0.000218293949046003,0,0.000926695653494449,0.149087947457353,0,0,0.000431226930159175,1.92323472167945e-05,0,0.629448630824416,0.112819643599183
"TCGA.QK.A6IF.01A",0.0933214968954866,0,0.0326426211124917,0,0,0.0706469655312516,0,0,0.00148390893806624,0,0,0.695995132073642,0.105909875449061
"TCGA.CQ.5332.01A",0.0652712528383537,0,0.000274257891568496,0,0,0.199253476057977,0,0,7.63031775904906e-05,0.000157535925756137,0.000125596391863125,0.632473497272417,0.102368080444474
"TCGA.HD.8224.01A",0.0785554973208516,0,0.000714119355105854,0,0,0.0597468651625728,0,0,0,0,0,0.678587849689589,0.182395668471881
"TCGA.BB.8601.01A",0.379245119547858,0,0,0,0,0.141281918903303,0,0.0887863342037363,0,0,0.00238106508634589,0.318955230848166,0.0693503314105911
"TCGA.CN.5355.01A",0.0206779464914056,0,0,0,0,0.251584465316901,0,0,0,0,0,0.587554789631753,0.140182798559941
"TCGA.H7.A76A.01A",0.0227689092893647,0,0.0135688772168504,0.000213195519049587,0.0198712433396937,0.199962069056451,0.0121815566491215,0,0,0,0,0.653138040395611,0.0782961085338584
"TCGA.D6.A6EP.01A",0.184067702700947,0.00313087447801734,0,0.000132148593342903,0.111705135012922,0.501983826743148,0,0.125026766635929,0.00843997444611618,0.0179608523005901,0.000806348562963723,0,0.0467463705260246
"TCGA.CN.5369.01A",0.0132281075544127,0,0.00148253732142418,0,0.00172392008664962,0.164130799329472,0.000773946759274035,0,0.0004416328787786,0,0,0.668276212994382,0.149942843075607
"TCGA.CN.6988.01A",0.152613734967622,0,8.6432996845615e-05,0,0,0.0255263765179475,0,0.000493982476058657,0,0,2.1964758191171e-05,0.656823039713184,0.164434468570151
"TCGA.BA.A6DE.01A",0.0814979367099017,0,0,0,0,0.0594920248043072,0,0,0,0,0,0.711983561094628,0.147026477391163
"TCGA.D6.8569.01A",0.0454340951228585,0,0.000466582831738899,0,0.00125176190401102,0.103461590503467,0,0,3.06412738291527e-05,0,0,0.695113313765832,0.154242014598263
"TCGA.CR.7401.01A",0.041416595142215,0,0,0,0,0.238640846821219,0,0,0,0,0,0.530305162808826,0.18963739522774
"TCGA.CV.7177.01A",0.0447679622223653,0,0,0,0,0.204553718958088,0,0,0,0,0,0.580394507806646,0.170283811012902
"TCGA.CV.7238.01A",0.132786137810989,0,0.000127377033115068,0,0,0.058724827108297,0,0,0,0,0,0.594828795444682,0.213532862602917
"TCGA.CV.7247.01A",0.137863927859622,0,0.000399867231196815,0,0,0.208045940056193,0,0.00068517140469909,0.000285954423073116,0,0.000137754516212458,0.487749158808568,0.164832225700435
"TCGA.CQ.7072.01A",0.0541043018555264,0,0.000161556385045511,0,0,0.249210486019977,0,0,0,0,0,0.550663117501526,0.145860538237924
"TCGA.CV.A45T.01A",0.0755998943642634,0,0.00882529800472543,0,0,0.155408050839159,0,0.0130325812867539,0.00166171231190162,0,0,0.623038022162357,0.12243444103084
"TCGA.KU.A6H7.01A",0.169470378348572,0,0.014172215832373,0.00022571750809705,0.0152821190335488,0.0755269041444178,0,0,0,0,0,0.635640857797433,0.0896818073355578
"TCGA.BA.4075.01A",0.161366446219545,0,0,0,0,0.300819438832423,0.0928578163293742,0.149172048166045,0,0,0,0.186185825841515,0.109598424611098
"TCGA.DQ.5624.01A",0.0161919100884302,0,0,0,0,0.128565264393312,0,0,0,0,0,0.657951158611603,0.197291666906655
"TCGA.BA.A6DD.01A",0.0627807214896364,0,0,0,0.0144052492167833,0.264637327869831,0.00310449149093835,0,0,0,0,0.528729573268328,0.126342636664483
"TCGA.KU.A66S.01A",0.323223300544289,0,0.00148273409352352,0,0,0.115039242819245,0,0.0192837222974171,0.00158415889670968,0,0.00043971663683827,0.413269971707616,0.125677153004361
"TCGA.CV.7254.01A",0.0596174558149802,0,0,0,0,0.173877522381504,0,0.000404061544883412,0,0,0,0.633174781641965,0.132926178616667
"TCGA.CV.5976.01A",0.0558758419791346,0,0.000990136922295583,0,0,0.20979949266838,0,0,0.000978307307090966,0,4.00330647596238e-05,0.607327687146601,0.124988500911738
"TCGA.CR.7374.01A",0.148749101020761,0,0.000617926003811375,0,0,0.0523137450841969,0,1.20574631783214e-05,0.00298273145936213,0,0.000683132852425877,0.596755591754856,0.197885714361408
"TCGA.CR.5250.01A",0.0516496636258487,0,0.001187798500213,0,0.00109593542527487,0.0785247158625989,0,0,0.00116532454302883,0,0,0.69533201560641,0.171044546436626
"TCGA.CV.A6JZ.01A",0.0623197584100203,0,0.00753342734053875,0,0,0.196458090664016,0,0,0.00172455845743316,0.00052313946863225,0,0.625928980048972,0.105512045610388
"TCGA.CV.6935.01A",0.100612706805766,0,0,0,0,0.19176310345762,0,0,0,0,0,0.539451944234363,0.168172245502251
"TCGA.CV.6954.01A",0.0625287149443109,0,0.000607362244149064,0,0.000172364558476098,0.216916345680341,0,0.000510328345536981,0.0013575748289481,0,0,0.588945765882918,0.128961543515319
"TCGA.CQ.A4CH.01A",0.106704485863604,0,0,0,0,0.0758846272491491,0,0,0,0,7.2870873904903e-05,0.646590006800617,0.170748009212725
"TCGA.CN.6020.01A",0.0230907096221162,0,0.000328141609406245,0,0.00112933751436906,0.113648651034501,0,0,0.000146698690125761,3.3830237662825e-05,0,0.722260615606309,0.13936201568551
"TCGA.CV.7425.01A",0.0694455980681043,0,0.00680462333392869,0,0.00175999040961404,0.109029309512087,0.00262324860027186,0,0.0254759377064724,0.00060260448624863,0.000574879846616871,0.640457970142594,0.143225837894062
"TCGA.BB.A5HU.01A",0.0403730659049239,0,0,0,0,0.192136685228737,0,0,0,0,0,0.669182694352357,0.0983075545139815
"TCGA.HD.7831.01A",0.00107488009586784,0,0,0,0,0.438722662538245,0,0,0,0,0,0.449013544522944,0.111188912842943
"TCGA.CR.7364.01A",0.125595763047483,0,0.000352096927708933,0,0,0.101267330206405,0,0,0,0,0,0.633612688735303,0.1391721210831
"TCGA.CN.A63W.01A",0.155429782602142,0,0.00123136421511446,0,0,0.094325141033076,0,0,0.00084665782678475,0,1.58682897382217e-05,0.583292320884038,0.164858865149107
"TCGA.D6.A6EK.01A",0.186042170904924,0,0,0,0.0621919579137372,0.251387166300174,0.0577795276107186,0.0633148263268113,0.193783327978198,0.105364531274727,0,0.000698910186648134,0.0794375815040606
"TCGA.BA.5557.01A",0,0,3.38433355152841e-05,0,6.84398008999529e-06,0.159984909659061,0.0278513839286673,0,0.00111055630493751,0,0,0.725146619249351,0.0858658435423777
"TCGA.BA.6869.01A",0.145056824366607,0,0,0,0,0.0734627398642472,0.00375432012450275,0.00638707465695454,0,0,0,0.655437294918446,0.115901746069242
"TCGA.CV.7090.01A",0.000351339036986913,0,0.000984921275219818,0,0,0.152805733627988,0,0,0.000181548103671533,0,3.65654174217206e-05,0.725621146970378,0.120018745568333
"TCGA.T3.A92M.01A",0.0642469303043841,0,0,0,0,0.184501418625599,0,0,0,0,0,0.648487300862354,0.102764350207662
"TCGA.MT.A67F.01A",0.0260075521444629,0,0.0264502224658828,0,0.0352145375102665,0.0567118887311742,0.0722303256114533,0,0.00359204612819396,0,0,0.665055500483295,0.114737926925271
"TCGA.CN.A63V.01A",0.094719144913823,0,0,0,0,0.354714764206973,0.00209145920185151,0.0507279797573885,0,0,0.000689727597837108,0.39895786103027,0.0980990632918574
"TCGA.CV.7415.01A",0.0319868436665734,0,0.00215176279433481,0,0,0.231973039788513,0,0,0,0,0,0.579024387990862,0.154863965759716
"TCGA.CV.6003.01A",0.11777216654719,0,0,0,0,0.162821483457775,0,0,0,0,0,0.572776429583247,0.146629920411788
"TCGA.CN.6016.01A",0.000823233755110309,0,0,0,0,0.280388749444086,0,0,0,0,0,0.590209548659872,0.128578468140932
"TCGA.H7.A6C4.01A",0.108420399420651,0,0.00162405528048621,0,0,0.0715540444316084,0.0176000774369521,0,0.000272632422524516,0,0,0.572703977691884,0.227824813315894
"TCGA.CV.5966.01A",0.151809704259617,0,0,0,0,0.302806173854678,0,0,0.00298074423565365,0,0,0.413156871548816,0.129246506101235
"TCGA.BA.4076.01A",0.180989336023421,0,0,0,0,0.102394244445676,0.00392209687275452,0.00359762792977628,0.000918453760046988,0,0.000336056558891918,0.530246091125856,0.177596093283577
"TCGA.CN.4735.01A",0.0746425461165265,0,0.0011535637221244,0,0,0.0860050004390501,0,0,0.000580162402980182,4.60169259898679e-05,0.000114610764620261,0.709435382816987,0.128022716811721
"TCGA.CV.6955.01A",0.095910468772766,0,0.00147694587064043,0,0,0.0162403256129242,0,0,0.000476724997192234,0,0,0.745649692875919,0.140245841870558
"TCGA.CR.6491.01A",0.193996962948687,0,0.000790642459076406,0,0,0.121126147935969,0.0217064837436692,0,0.00108438300452103,0,0,0.453261913144041,0.208033466764037
"TCGA.BA.5558.01A",0.0204102613340552,0,0,0,0.0018778488855025,0.122758753066046,0,0,0.000630399079214772,0,0,0.713451895010266,0.140870842624916
"TCGA.CN.4728.01A",0.0103690803616349,0,0.00110433268842298,0,0,0.163059704874477,0,0,0,0,0,0.729600733061652,0.0958661490138132
"TCGA.BB.A5HZ.01A",0.169709396890651,0.00069096962739396,0.000570098088827177,0,0,0.146976168342432,0,0.00669149102038372,0.000976642091037466,0,0.000268669957242876,0.515017029706864,0.159099534275167
"TCGA.UP.A6WW.01A",0.175233056582182,0,0,0,0,0.23979897182063,0,0,0.0100889938671087,0.000290572911896093,0,0.508543274318603,0.0660451304995789
"TCGA.CV.7407.01A",0.131114876454676,0,0.00112763605923236,0,0,0.0257820304258655,0,0,0.00112426362950937,0,0.000115164242223104,0.696045491117592,0.144690538070902
"TCGA.CV.7416.01A",0.00524497986934737,0,0,0,0,0.142866890836788,0,0,0,0,0,0.709284763509978,0.142603365783887
"TCGA.CN.5361.01A",0.0283219890653056,0,0.000578723042144746,0,0,0.183139540474494,0,0,0,0,0,0.608303507010101,0.179656240407954
"TCGA.CV.7100.01A",0.0550130982723223,0,0,0,0,0.158965748021088,0,0,0,0,0,0.642704153868916,0.143316999837674
"TCGA.TN.A7HL.01A",0.116976497019616,0,0.00695269849109825,0.00392320663513743,0.194498421356312,0.113967365795615,0.00622866497585347,0.0302325185988782,0.0464920496649437,0.0864673323010874,0,0.338817701711272,0.0554435434501857
"TCGA.UF.A718.01A",0.0735757810058709,0,0,0,0,0.159325941521731,0,0,0,0,0,0.619885970654466,0.147212306817932
"TCGA.CQ.5324.01A",0.027079130435903,0,0.000247814959346569,8.96643248378861e-05,0,0.158900485295525,0,0,0.000865003153108728,0,0.000302922585620624,0.75478231941079,0.0577326598348688
"TCGA.DQ.5629.01A",0.103370092456759,0,0,0,0,0.181463088716116,0,0,0,0,0,0.568331961591911,0.146834857235214
"TCGA.BA.A6DJ.01A",0.0714605645861136,0,0.00133423216426435,0,0.000111472668250569,0.13121389699651,0.0278222276954365,0,0.000826451468433465,0,3.13636313361099e-05,0.638281686956538,0.128918103833118
"TCGA.CV.6938.01A",0.0712412169335685,0,0.00307712044166671,0,0.00849281826966588,0.066245018359141,0.00443746949431319,0,0.00189139203092165,0.000969911415101318,3.24702575679691e-05,0.698247019145004,0.14536556365305
"TCGA.CR.7395.01A",0.020695463051482,0,0.0027135551843123,0,0.000264410343473072,0.17763302183069,0,0,0.000882174868024238,0,0,0.669251618466469,0.12855975625555
"TCGA.CV.7423.01A",0.0197902150602299,0,0.00115955674313562,0,0,0.101010889065193,0,0,0.000107657766247571,0,0,0.691264802856814,0.18666687850838
"TCGA.P3.A5QE.01A",0.0837357559593692,0,0.0278331748647188,0,0.000333874973497381,0.0189050704058198,0,0,0.00240564355888827,0,0,0.73869085541745,0.128095624820256
"TCGA.QK.A8Z8.01A",0.0961073294106634,0,0.000928028602876865,0,0,0.0290826333921882,0,0,0.000589093660201769,0,1.0132301183369e-05,0.739512173035506,0.13377060959738
"TCGA.CV.A465.01A",0.186809807438832,0,0.000293478552707175,0,0,0.0387141211296218,0,0,0,0,0,0.538581767101322,0.235600825777518
"TCGA.CV.5431.01A",0.0456436477775102,0,0,0,0,0.143609801077531,0,0,0,0,0,0.708317911506696,0.102428639638263
"TCGA.F7.A61W.01A",0.193528204912638,0,0.000495807359107408,0,0,0.160485224395413,0,0.000364443046439974,1.61992318594465e-05,0,0.000162708014319247,0.425807434167198,0.219139978873025
"TCGA.CV.5439.01A",0.129052139529331,0,0.00616181438040605,0,0,0.0584981320921587,0,0.00221789548985136,0.0365941823817161,0.000741479770298556,0.000239215052767297,0.595067934108987,0.171427207194484
"TCGA.HD.A4C1.01A",0.0488843836504735,0,0.000478830996171211,0,0.000325820664385877,0.131138814307715,0,0,0.00129068207380026,0,0,0.647646186868694,0.17023528143876
"TCGA.D6.6517.01A",0.062125249365901,0,0,0,0,0.169099930981541,0,0.000125454366346327,0.00164053782264268,0,9.58317292366245e-05,0.634178111915536,0.132734883818796
"TCGA.CQ.6227.01A",0.0581950161204929,0,0,0,0,0.194574937337961,0,0,0,0,0,0.52409385177557,0.223136194765976
"TCGA.CV.7089.01A",0.0869194414568088,0,0.000720542911845737,0,0.00085399097273317,0.105205689250071,0,0,0.00139070526798653,0,0,0.634983226423282,0.169926403717272
"TCGA.QK.AA3K.01A",0.0684923951207227,0,0,0,0,0.322175314605521,0,0,0,0,0,0.52066570594114,0.0886665843326161
"TCGA.CN.5367.01A",0.110971547797654,0,0.00110444098478713,0,0,0.103234746598606,0,0,0.00122191475063726,0,8.49898705302666e-05,0.594007940537041,0.189374419460745
"TCGA.WA.A7GZ.01A",0.0984820857891237,0,0,0,0,0.193876201642007,0,0,0,0,0,0.573273667637652,0.134368044931218
"TCGA.CN.5365.01A",0.130870167238926,0,0,0,0,0.0723820466514305,0,0,0,0,0,0.648998448012429,0.147749338097214
"TCGA.CV.7095.01A",0.0787336917437124,0,0,0,0,0.102997788650075,0,0,0,0,0,0.653156112554122,0.165112407052091
"TCGA.QK.A8ZA.01A",0.163929770907854,0,0.000619085423006111,0,0,0.0207675698091078,0,0,0,0,0,0.719394901533879,0.0952886723261526
"TCGA.CV.A6JE.01A",0.0872997809784094,0,0,0.0266789529159477,0.14272102325977,0.459982500109869,0.00622355691890415,0.0607811706724618,0.0453381811401007,0.0379423483770217,0,0.0764634008769562,0.0565690847505592
"TCGA.CQ.7063.01A",0.0452255236177831,0,0.00410424947510514,0,0,0.143934913163025,0.0041297611320242,0,0,0.000352794292680229,0,0.636000083375209,0.166252674944174
"TCGA.BB.4227.01A",0.172848295480816,0,0,0,0,0.0908735475414971,0,0.0130905394916379,0,0,0,0.56807087151779,0.155116745968259
"TCGA.CV.6433.01A",0.0975262222451604,0,0.00258910924204898,0,0,0.0351381879683484,0,0,0,0,0,0.741708179432104,0.123038301112338
"TCGA.CN.5373.01A",0,0,0,0,0,0.0918423504969596,0,0,0,0,0,0.787397889450895,0.120759760052145
"TCGA.CV.7103.01A",0.0689090591800599,0,0,0,0,0.29197880775747,0,0,0,0,0,0.495520997492959,0.143591135569511
"TCGA.CV.7568.01A",0.022838028633617,0,0.000880750810229539,0,0,0.131455868376728,0,0,0.000178091609909639,0,0,0.67818334031349,0.166463920256026
"TCGA.CN.6989.01A",0.0169525529463821,0,7.62298012285221e-05,0,0,0.182921814254077,0,0,0,0,0,0.70010365116159,0.0999457518367226
"TCGA.CV.6943.01A",0.00131539384950883,0,0.00173336602986588,0,0,0.213006887158185,0,0,0,0,0,0.675700465224028,0.108243887738412
"TCGA.CV.7424.01A",0.0818920358748174,0,0.000630630827253995,0,0,0.181612514633865,0,0,0,0,0,0.647196517625976,0.0886683010380877
"TCGA.BA.4078.01A",0.0797210454023429,0,0.000151586340380597,0,0,0.196365104068388,0,0,0.00056402330576098,0,8.56617371701022e-06,0.605080288057757,0.118109386651653
"TCGA.CN.4739.01A",0.112954209297737,0,0.00291404663035404,0,0,0.0387241687748049,0,0,0,0,0.000100902624971596,0.68615962247444,0.159147050197693
"TCGA.CV.5430.01A",0.0812676363552645,0,0.000767962722263908,0,0.00113417999889375,0.0863927906392961,0,0,0.000662953907912518,0,9.22151072939202e-07,0.724665267436714,0.105108286788582
"TCGA.CR.7399.01A",0.112224378607722,0,0.00231330048487682,0,0.00252800516064542,0.0873768955117243,0,0,0.000247834029528459,0,0,0.701779510247551,0.0935300759579517
"TCGA.CQ.5334.01A",0,0,0.000823918706599803,0,6.14735405676839e-05,0.231137102036072,0,0,0.000474481461102435,0,0,0.624343655854629,0.143159368401029
"TCGA.CR.7402.01A",0.15785442060312,0,0.000101667108648272,0,0,0.0298252781261155,0,0,0,0,0,0.619416779168633,0.192801854993483
"TCGA.CR.7389.01A",0.0244247369426871,0,0.000202399353810598,0,0,0.0927722064803154,0,0,0.000655033727883417,0,0,0.710272166531637,0.171673456963666
"TCGA.BA.6868.01B",0.0340642057589288,0,0.000296202856852914,0,0.000347570205838074,0.226363368637133,0,0,0,0,0,0.601288473298383,0.137640179242864
"TCGA.CV.6951.01A",0.164431185781347,0,0,0,0,0.0538400617954722,0,0,0,0,0,0.669910052366287,0.111818700056894
"TCGA.F7.8298.01A",0.0705315175999834,0,0.000856194945874684,0,0,0.156280878173988,0,0,0.000383339420292883,0.000259475223763014,0,0.644413607285138,0.127274987350961
"TCGA.D6.6515.01A",0.00309297282958738,0,0.00205832924074808,0,0,0.150259122551038,0,0,0,0,0,0.713619537294604,0.130970038084022
"TCGA.CV.7180.01A",0.251330017757107,0,0.0013635983175523,0,0,0.0506060919006756,0.0112129451458858,0,0.00200782518200234,0,0.00010917699135775,0.482794767593708,0.200575577111711
"TCGA.CV.7242.01A",0.0833067298694911,0,0.00148713713983402,0,0.000304929108247609,0.0516830778759867,0,0,0.00066848870201357,0,0,0.736293607278835,0.126256030025592
"TCGA.BA.6871.01A",0.119994579264415,0,0.00224541722944592,0,0,0.277538259289929,0,0,0,0,0,0.459865603068185,0.140356141148025
"TCGA.CR.7371.01A",0.071151755166535,0,0.00104629012328117,0,0.00175740231095088,0.0948718006563393,0,0,0.00138679706195341,0,0,0.674388610179063,0.155397344501877
"TCGA.CV.5432.01A",0.200038295221059,0,0,0,0,0.129698890480198,0,0,0,0,0,0.563530719219048,0.106732095079694
"TCGA.CN.5360.01A",0.0525294130501961,0,0.00195885704713612,0,0.00089244340111883,0.0585460579771251,0,0,1.06109724870506e-05,0,0,0.761761876348233,0.124300741203704
"TCGA.CQ.A4C6.01A",0.0476592518100449,0,0.000411238507915576,0,0,0.166678039379767,0.00192101431975271,0,0.000976198103064835,0,0,0.600044043393731,0.182310214485723
"TCGA.MT.A7BN.01A",0.214604193786591,0,0,0.0857690942865023,0,0.405861019614343,0.0338330682004686,0.118580310861249,0.00908891056547764,0.0442986555859933,0.0124568573725313,0.000815096619829533,0.0746927931070144
"TCGA.CN.A641.01A",0.22914841629588,0,3.6935582369152e-05,0,0,0.0380182283705956,0,0.00011747997229419,0.00020495997157922,0,0.000519456347225314,0.573807249537118,0.158147273922939
