"","Cancer Cells","B Cells","T Cells","Myeloid cells","Mast Cells","Fibroblasts","Endothelial Cells"
"TCGA.CV.5442.01A",0.27074997563368,0,0,0,0,0.0762584725577481,0.652991551808572
"TCGA.CR.7392.01A",0.0436970454596344,0,0.00272044362756911,0.0280562956618014,0.000554343720621565,0.36580172424648,0.559170147283894
"TCGA.UF.A71A.01A",0.0378762674283591,0,0,0.0103520600982798,0,0.666669372486397,0.285102299986964
"TCGA.CN.A642.01A",0.174031639571817,0,0.0693699420170715,0.00807603717938188,0,0.25501028297545,0.49351209825628
"TCGA.CV.A45U.01A",0.149633235348499,0,0.00202740446394379,0,0,0.16283193975756,0.685507420429997
"TCGA.CN.6012.01A",0.196881071026346,0.00156430841687447,0,0.0361900260567768,0,0.222759074867952,0.542605519632052
"TCGA.CV.A45W.01A",0.250931303573193,0.00187979420935654,0,0.0362374856682454,0,0.229774696542546,0.481176720006659
"TCGA.CV.A6K0.01B",0.0448501603566488,0.00218538249871717,0,0.026666744704697,0,0.41574522164349,0.510552490796447
"TCGA.QK.A6VB.01A",0.190972163402006,0,0,0.00954855488947949,0,0.381946776892008,0.417532504816506
"TCGA.CV.6959.01A",0.0142850278453878,0,0.000353337636543611,0.0039276462448198,0,0.181008782054069,0.80042520621918
"TCGA.HD.7832.01A",0.207429610658872,0,0,0.00213656299298336,0,0.0982883766963857,0.692145449651759
"TCGA.CV.7255.01A",0.00677157313071732,0,0,0,0,0.157890758518382,0.835337668350901
"TCGA.CR.5243.01A",0.0434907337844665,0.000428124055180024,0.00388471174840956,0,0.000663456075478888,0.283298642251485,0.66823433208498
"TCGA.P3.A6T5.01A",0.22347986865129,0.000125304108695921,0.000466120518213925,0,0,0.246179161562436,0.529749545159364
"TCGA.CV.6952.01A",0.158169773032011,0,0,0.00178579152957977,0,0.0590243654562827,0.781020069982127
"TCGA.D6.A6ES.01A",0.229334810437274,0.0195029723572096,0.0324337304941293,0,0,0.140463059498571,0.578265427212816
"TCGA.CN.5366.01A",0.0594716341842749,0,0.00104389616739325,0.00874625400046329,0,0.354613067912033,0.576125147735836
"TCGA.CQ.6223.01A",0.0475697961468529,0,0.00323080201592572,0.00723372861442703,0.00160355477484587,0.0651699412836809,0.875192177164268
"TCGA.F7.7848.01A",0.132822667774154,0.00329164732501258,0.00143487244436888,0.00289551938161651,0,0.284294460400857,0.575260832673991
"TCGA.CV.A6JM.01A",0.146718677832212,0.00263596355933114,0.00230049083445971,0.0162564369829883,0,0.307547442130451,0.524540988660558
"TCGA.CN.5359.01A",0,0,0,0.0358709567591391,0,0.632387614522139,0.331741428718722
"TCGA.P3.A5QA.01A",0.0464105361890772,0,0,0,0,0.582393410164579,0.371196053646343
"TCGA.CN.4734.01A",0,0,0.00498094119197652,0.026205478813471,0,0.187506527590371,0.781307052404182
"TCGA.CV.6441.01A",0.321025909067261,0,0,0,0,0.127035481270347,0.551938609662391
"TCGA.CV.A6JY.01A",0.253615221411763,0,0,0,0,0.114559580123719,0.631825198464518
"TCGA.D6.6825.01A",0.00181984446352806,0,0.00399701223103887,0.0386214270733946,0.00086970852652797,0.143801956782004,0.810890050923506
"TCGA.CR.5247.01A",0.0102611058813117,0,0,0,0,0.756057832704415,0.233681061414273
"TCGA.CV.7410.01A",0.0026229677364596,0,0.00416480035238524,0.0686277319037667,0,0.279909247005506,0.644675253001882
"TCGA.CV.7091.01A",0.0785483462191009,0.000103213166429951,0.00337504749084344,0,0,0.315205246695157,0.602768146428469
"TCGA.BA.5153.01A",0.0402426957780843,0,0.00494119568543394,0.0253631054237538,0,0.150753644125357,0.778699358987371
"TCGA.CV.7428.01A",0.0768353132850544,0.000593055027905659,0.000457071927982798,0.0311937531721079,0,0.189558863500022,0.701361943086927
"TCGA.CX.7086.01A",0.0896717771548161,0.00223393460608778,0.00190752038736168,0,0,0.133502038316875,0.772684729534859
"TCGA.CN.5364.01A",0.0380103540178394,0,0.000925558195840013,0.0211888580602728,0,0.293227839707265,0.646647390018783
"TCGA.BA.A6DB.01A",0.085193779815269,0,0.00437365766667498,0.0283276550719584,0.00466456281882265,0.271168939479331,0.606271405147944
"TCGA.CQ.5325.01A",0,0,0.00417889197040571,0.0451397608107478,0.00183399270774811,0.244249989205652,0.704597365305447
"TCGA.CN.4731.01A",0.123841325753682,0,0,0.000727474676754225,0,0.343619516603516,0.531811682966048
"TCGA.CV.7427.01A",0.00554327185769148,0,0.00486606642613695,0.0418400389384895,0,0.0497972585636265,0.897953364214056
"TCGA.CR.6467.01A",0.193507555119974,0.00228854558171383,0.00246004212029121,0.0355466365663959,0,0.151660267185022,0.614536953426603
"TCGA.CV.7183.01A",0.0842332124559387,0,0,0,0,0.307394322517162,0.608372465026899
"TCGA.CV.A6JN.01A",0.0705857628976465,0,0.00223302517234615,0,0,0.0487326562800787,0.878448555649929
"TCGA.D6.A6EN.01A",0.226038219416265,0,0,0.0327374498837112,0,0.0639860208346632,0.677238309865361
"TCGA.CQ.A4C7.01A",0.0449021647866289,0,0,0,0,0.442387893236596,0.512709941976776
"TCGA.CV.5435.01A",0.0920458303449133,0,0,0.000286832578424262,0,0.552336400180458,0.355330936896205
"TCGA.CR.7370.01A",0.129755724269355,0,0,0.0542592947737272,0,0.449529222147509,0.366455758809409
"TCGA.CN.4722.01A",0.107806348883284,0,0,0,0,0.477297566974988,0.414896084141728
"TCGA.F7.8489.01A",0.0231218432754924,0,0.00484157504393162,0.0425174009949256,0,0.117122471525668,0.812396709159982
"TCGA.CV.A6K2.01A",0.211091419485466,0,0.00350265646701753,0,0,0.176986475128254,0.608419448919263
"TCGA.HD.8634.01A",0.220999615203735,0,0,0,0,0.0561381311467633,0.722862253649501
"TCGA.CN.6994.01A",0.0746865713714294,0,0.00116306427124205,5.81305212683448e-05,0,0.501594990404218,0.422497243431842
"TCGA.D6.A4Z9.01A",0.150542761160689,0,0.0021067181010734,0,0,0.0988814864538534,0.748469034284385
"TCGA.CR.7376.01A",0,0,0.00358614994769995,0.0485161606408582,0.00120095863209608,0.548861155081172,0.397835575698174
"TCGA.CR.7391.01A",0.00317959871735504,0,0.00249799464617247,0.0453940665636916,0.000692045084352457,0.339632154686552,0.608604140301877
"TCGA.T2.A6X2.01A",0.0860137262110872,0,0.00229700897507802,0.0277113202704753,0,0.269807531904999,0.61417041263836
"TCGA.BA.4074.01A",0.00130458465811383,0,0,0,0,0.491295477475782,0.507399937866104
"TCGA.CN.6022.01A",0.00158885881395268,0,0.000778537588191817,0.0329358515165329,0.000167274283171348,0.488924568705,0.475604909093151
"TCGA.CN.A6V3.01A",0.145175247972497,0.00160185859568232,0.00336823864065571,0.0084242164327481,0,0.0666677578309818,0.774762680527435
"TCGA.QK.A8Z7.01A",0.256267424885306,0.00379452014480898,0,0,0,0.27867295228618,0.461265102683705
"TCGA.CN.A497.01A",0.195319444378363,0,0,0,0,0.289053259349821,0.515627296271816
"TCGA.F7.A50G.01A",0.111271035064065,0,0.00461718316057182,0.0291010651000881,0,0.109563856015869,0.745446860659406
"TCGA.IQ.A61I.01A",0.504769494365593,0.00159668810152386,0,0.00155885809235257,0,0.0215292071022696,0.470545752338261
"TCGA.CR.7373.01A",0.05666864032453,0,0,0.0145975738987853,0,0.0543334831562431,0.874400302620442
"TCGA.CN.A63T.01A",0.195146784196357,0,0,0.0267728457336776,0,0.140850513003191,0.637229857066775
"TCGA.CN.6019.01A",0,0,0,0.134803695488571,0,0.717297671991675,0.147898632519754
"TCGA.CR.7386.01A",0,0,0,0.0256478664114623,0.000616088795083598,0.741660137900171,0.232075906893283
"TCGA.HD.A6HZ.01A",0.0688092344744923,0,0.00458918113100981,0.0299451400528977,0,0.214307113758514,0.682349330583086
"TCGA.QK.A6IH.01A",0.124602333704168,0,0,0,0,0.345921818657554,0.529475847638277
"TCGA.CN.6011.01A",0.0312443023510155,0,0.0046615504416531,0,0,0.12084967918831,0.843244468019021
"TCGA.CR.6474.01A",0.00409427278663728,0,0,0.00900067391731783,0.000764438942584481,0.530382767689752,0.455757846663708
"TCGA.CV.6939.01A",0.176042061368848,0,0.00449805360930222,0.0142883037152406,0,0.16150279197834,0.643668789328268
"TCGA.D6.8568.01A",0.117926655838015,0,0,0.000347348122441086,0,0.343405896340189,0.538320099699355
"TCGA.HD.A634.01A",0.173148413219905,0.314669937099089,0,0,0,0.0874088607621561,0.424772788918849
"TCGA.CV.A45O.01A",0.804563035539864,0,0,0,0,0.00567660990119393,0.189760354558942
"TCGA.T3.A92N.01A",0.113597385191222,0.000422504728463229,0.00370788768232024,0,0,0.187490375057878,0.694781847340117
"TCGA.CV.7438.01A",0.166942340875175,0.00245661415605142,0,0.000270374179267391,0,0.295217835866883,0.535112834922624
"TCGA.CV.A6K1.01A",0.151985145387908,0,0.000732352960644536,0,0,0.192144012593245,0.655138489058202
"TCGA.CN.5363.01A",0,0.000662174330920675,0.00404671505936497,0.00947294986408179,0,0.347405776158206,0.638412384587427
"TCGA.CV.6956.01A",0.196980138373493,0,0,0,0,0.195329054837396,0.607690806789111
"TCGA.CV.7263.01A",0.103660973957772,0,0,0.0212984076993681,0,0.659188260161177,0.215852358181683
"TCGA.CN.A49C.01A",0.263332057241819,0,0,0,0,0.0547339713601066,0.681933971398074
"TCGA.CV.7097.01A",0.0249032683062836,0,0.00118928730297055,0.0251856855358202,0,0.373514936075692,0.575206822779234
"TCGA.IQ.A6SG.01A",0.342989620882654,0,0,0.00137886121219396,0,0.275459590584788,0.380171927320364
"TCGA.UF.A7JC.01A",0.108838837246171,0,0,0,0,0.137537651106268,0.753623511647561
"TCGA.QK.A6II.01A",0.233737823274952,0.0239665484964302,0.0777415208631689,0.000116788380605821,0,0.0722007999145001,0.592236519070343
"TCGA.CN.A49B.01A",0.108282968300651,0,0,0.0368292641722608,0,0.0725240762423012,0.782363691284787
"TCGA.IQ.A61E.01A",0.0546241186448417,0,0.00122155514883604,0.00210704714338948,0,0.0849927854225909,0.857054493640342
"TCGA.BA.A4IH.01A",0.0860856141447921,0,0,0,0,0.215517879084446,0.698396506770762
"TCGA.H7.8502.01A",0.145820945961223,0,0,0,0,0.367250267274798,0.486928786763979
"TCGA.CV.7406.01A",0.118499289155719,0,0,0,0,0.691542414941283,0.189958295902998
"TCGA.CV.7414.01A",0.122424253412656,0,0.00167393223347166,0,0.000872236305137148,0.301269435283884,0.573760142764852
"TCGA.HD.7229.01A",0.0332863112406308,0,0.00487213463746,0.00229476541159805,0,0.0505204648156998,0.909026323894611
"TCGA.CV.6961.01A",0.0716015723116629,0,0,0.00741863572262847,0,0.427429962892421,0.493549829073288
"TCGA.TN.A7HI.01A",0.0812932047682539,0.194009033879685,0.062840358824659,0.00131624443112007,0,0.313795143472598,0.346746014623683
"TCGA.CQ.5333.01A",0.112118432013597,0,0.0043149861937114,0.145190769034836,0,0.113926087909874,0.624449724847983
"TCGA.CN.4733.01A",0.000246618197666968,0.000313702111780589,0,0.0679356644190751,0.000224270509919652,0.446979716560463,0.484300028201095
"TCGA.CR.6488.01A",0.0411116070958893,0,0.000921983820014297,0.0392354019270806,0.0020089785775388,0.333540822428455,0.583181206151022
"TCGA.BB.4225.01A",0.10089549019012,0.00290148043849092,0.00134149520248939,0.0273885145443507,0,0.215643671440717,0.651829348183832
"TCGA.BA.A4IG.01A",0.190716097088585,0.000155113622302095,0.00443347772113734,0.0218828933559777,0,0.0603420897296602,0.722470328482338
"TCGA.CR.7393.01A",0.0295643979581373,4.46734723460528e-05,0.00273635062020617,0.0204412824689545,0.00333036128817048,0.43310787366089,0.510775060531295
"TCGA.T2.A6X0.01A",0.0960113194445819,0.000894228414123254,0.00271988383877758,0.0202094691832826,0.000515761615388482,0.205837927806524,0.673811409697322
"TCGA.F7.A623.01A",0.119023468172694,0.00331069297563989,0,0,0,0.123788916664179,0.753876922187487
"TCGA.IQ.7632.01A",0.621973531980823,0,0,0,0,0.0529039263775019,0.325122541641675
"TCGA.QK.A652.01A",0.0614698730828541,0.000242399692420986,0.00365716779081389,0.0021745509808528,0.000873743395100606,0.14295793772637,0.788624327331588
"TCGA.CR.7388.01A",0.0898861253739768,0.00237875995642778,0.00183766575992339,0.0141248624397457,0,0.260087608028382,0.631684978441544
"TCGA.BA.A6DG.01A",0.130592432399882,0,0,0.00258834814493668,0,0.695722670335456,0.171096549119725
"TCGA.UF.A7JT.01A",0.0445521712946091,0,0.00430636611762035,0.0708946605093088,0,0.128605700176843,0.751641101901619
"TCGA.CN.A6V6.01A",0.151903649282231,0,0.00498837693969672,0.0196690806623288,0,0.0972696897807561,0.726169203334988
"TCGA.CR.6473.01A",0.170402082870494,0.00169219703988843,0.00152113682238982,0,0,0.244024383571153,0.582360199696075
"TCGA.CQ.7069.01A",0.0231462019315952,0,0,0,0.000722408388638926,0.242326893127284,0.733804496552482
"TCGA.CQ.6219.01A",0.102913276026369,0,0,0.0375210640039442,0,0.268497686419883,0.591067973549803
"TCGA.IQ.A6SH.01A",0.103606019528236,0,0,0.00258180149427765,0,0.108990918992736,0.78482125998475
"TCGA.IQ.7631.01A",0.424706655974779,0,0,0,0,0.409792989661829,0.165500354363392
"TCGA.CR.7398.01A",0.101813114417553,0,0.00299324301774248,0,0.00450000942148332,0.388868155639545,0.501825477503676
"TCGA.UF.A71E.01A",0.172530417686624,0,0,0.0164439163457939,0,0.232853005539982,0.5781726604276
"TCGA.UF.A719.01A",0.220295534389252,0,0,0,0,0.0589408488625099,0.720763616748239
"TCGA.CN.6023.01A",0.072576898325441,0,0,0.119743108687285,0,0.123330992242648,0.684349000744626
"TCGA.CV.7422.01A",0.0273703566500628,0,0.000245412372688928,0.0496633925469061,0,0.387884491951447,0.534836346478895
"TCGA.CX.A4AQ.01A",0.0754611854937681,3.94692685614984e-05,0,0.030711025009168,0,0.339676818783957,0.554111501444546
"TCGA.CQ.5330.01A",0,0,0,0.0103910845091356,0,0.759303189883302,0.230305725607562
"TCGA.P3.A6T3.01A",0.14909877639723,0,0,0,0,0.141757967335799,0.709143256266971
"TCGA.HD.A6I0.01A",0.227932396517445,0,0,2.40686227044037e-05,0,0.12792945537809,0.64411407948176
"TCGA.CV.6950.01A",0.0522019476112813,0,0,0.00188770709088637,0,0.455862986381118,0.490047358916714
"TCGA.CR.7380.01A",0.0205350289229138,0,0.00138587216741572,0.00176791938476254,0.00352908672544128,0.292067942063549,0.680714150735918
"TCGA.DQ.7588.01A",0.110237974355076,0,0,0,0,0.172155623983181,0.717606401661742
"TCGA.BA.6873.01A",0,0,0.0049378365044978,0.00403924965508139,0,0.238654958287777,0.752367955552644
"TCGA.CR.6472.01A",0.272435508185386,0,0,0,0,0.310528144381291,0.417036347433323
"TCGA.UF.A7JH.01A",0.0647173466068701,0,0,0.0273431568790473,0,0.512086810360033,0.39585268615405
"TCGA.BA.4077.01B",0.009379535190093,0,0.00387516658767864,0.024221797618959,0.000950635376061083,0.115836860984062,0.845736004243146
"TCGA.CV.7411.01A",0.0571100502619474,0,0.0022070206472622,0,0,0.339450523177683,0.601232405913108
"TCGA.MT.A67A.01A",0.676552200613352,0,0,0,0,0.0577907445018709,0.265657054884778
"TCGA.D6.6826.01A",0.00302722673771941,0,0.00327951861508907,0.0374965758716537,0,0.273557501963991,0.682639176811547
"TCGA.CR.7404.01A",0.121835314684006,0,0,0.0358010551632531,0,0.149314291267021,0.69304933888572
"TCGA.D6.A6EM.01A",0.0811186742256685,0,0,0.0265898756979468,0,0.047793978868762,0.844497471207623
"TCGA.CR.7379.01A",0.0585437734137522,0.000807211942820729,0,0.0029543758815798,0,0.3951981878664,0.542496450895447
"TCGA.CV.7236.01A",0.130685120772784,0,0.000674205886932204,0,0,0.321372168953958,0.547268504386326
"TCGA.CN.4727.01A",0.262838362964122,0,0,0,0,0.224144753477736,0.513016883558141
"TCGA.CQ.5327.01A",0.100262387405851,0,0.00492397966963305,0.045801657251956,0,0.0926072223261846,0.756404753346375
"TCGA.C9.A480.01A",0.363630675419531,0,0,0,0,0.0630742334956119,0.573295091084857
"TCGA.CV.A6JO.01B",0.032651997130702,0,0.00362063624977171,0.023448116526405,0,0.0466526640783461,0.893626586014775
"TCGA.CR.6492.01A",0.157939155527447,0.00168218820211769,0.00287599770279541,0,0.000163244411909742,0.101708590425294,0.735630823730437
"TCGA.CV.6933.01A",0.245383102359816,0,0,0.0761570725100124,0,0.460103629975386,0.218356195154786
"TCGA.BA.6872.01A",0.131887916467507,0,0,0.00327884328783216,0.000716582986388684,0.442706446576254,0.421410210682018
"TCGA.BB.4223.01A",0.0969214090221664,0.00340948794428721,0.0014835171763458,0.00670500907602837,0,0.255922573342997,0.635558003438176
"TCGA.UF.A7JJ.01A",0,0,0.00460191437938511,0.0393834273183036,7.6688794543087e-05,0.478618681233562,0.477319288274206
"TCGA.RS.A6TO.01A",0.0559263768729664,0,0,0.0472825794615012,0,0.319024226140789,0.577766817524743
"TCGA.CR.7372.01A",0.0654461234943854,0,0,7.52602942725172e-05,0.000911310444003648,0.404426651516026,0.529140654251312
"TCGA.D6.6827.01A",0.113617463632229,0.129355365430731,0.000358305153716402,0,0,0.4189977336803,0.337671132103024
"TCGA.CV.7437.01A",0.377446944562222,0,0,0.0157850316992794,0,0.139171054886492,0.467596968852007
"TCGA.BA.5151.01A",0.0208794317716405,0.00207067155439066,0.00148945276753632,0.0058952595990288,0.00116093103663356,0.22091541428038,0.74758883899039
"TCGA.CV.A461.01A",0.0250615678623725,0,0.00418236219311516,0.043389205038405,0.00568136594221718,0.156040448343928,0.765645050619962
"TCGA.BA.5559.01A",0.0144862960670336,0,0.004237644371844,0.0619464728033425,0.000495032608785338,0.267194520042239,0.651640034106755
"TCGA.CN.4723.01A",0.0466272766613718,0,0.000331558201119788,0.0339921651335745,0,0.33520877199409,0.583840228009844
"TCGA.F7.A624.01A",0.0141529040196358,0.0322165868675409,0.119628566478946,0.0661212964735615,0,0.111475955082388,0.656404691077928
"TCGA.CV.A463.01A",0.294807466239597,0,0.0041636672034574,0,0,0.0576771655174368,0.643351701039508
"TCGA.BB.4228.01A",0.0552460932174159,0,0,0,0,0.484610826097757,0.460143080684827
"TCGA.CV.6953.01A",0.316820871125675,0.0013489298851327,0.00347808991073149,0,0,0.104975598264821,0.57337651081364
"TCGA.CV.7261.01A",0.0181113775768013,0,0,0.0029393961774332,0,0.441966516898351,0.536982709347415
"TCGA.P3.A5QF.01A",0.376004001366909,0,0,0.00503107911011051,0,0.0489261055861275,0.570038813936853
"TCGA.CR.6470.01A",0.112619469748378,0.00302829916850115,0.00195657556854522,0.0220171803279917,0,0.359533204818055,0.500845270368529
"TCGA.CV.5979.01A",0.0614226630379589,0,0,0,0,0.127725396342575,0.810851940619466
"TCGA.CR.6471.01A",0.0046800558172473,0.00184835702942503,0.00280934151140705,0.0168206452335747,0,0.340604764469289,0.633236835939057
"TCGA.CV.7430.01A",0.0854574898117836,0,0,0,0,0.273365167765937,0.64117734242228
"TCGA.CV.7099.01A",0.181562563009555,0,0,0.0196828796479846,0,0.0808935193090646,0.717861038033396
"TCGA.CQ.6221.01A",0,0,0,0,0,0.926697576925137,0.0733024230748633
"TCGA.CN.6992.01A",0.199618388488284,0.000288773391602085,0,0,0,0.289468836719716,0.510624001400398
"TCGA.BA.5556.01A",0.00452574833952243,0,0.00377421401343421,0.0338004799407316,0,0.0720041321472123,0.8858954255591
"TCGA.CV.7245.01A",0.0455307109547697,0,0,0,0.000781531734115715,0.429604791528835,0.52408296578228
"TCGA.UF.A7JV.01A",0.0572714487094374,0,0.000360392883201147,0.0305760678186283,0,0.315603774912213,0.59618831567652
"TCGA.CV.5440.01A",0.179173176286842,0,0,0.00825797120300231,0,0.271242631237701,0.541326221272455
"TCGA.UF.A7JO.01A",0.189049626939142,0,0,0.181662022127816,0,0.134270199764758,0.495018151168284
"TCGA.CV.A45V.01A",0.128952493971288,0,0.00464095533297438,0.00317839592071183,0,0.221087275413349,0.642140879361677
"TCGA.H7.7774.01A",0.134477965709823,0,0.00387197833134312,0.0468733531802712,0.000443554086466655,0.0280074854784622,0.786325663213633
"TCGA.CQ.A4CG.01A",0.0180202546807468,0,0,0.0172908672252735,0,0.348568313758701,0.616120564335279
"TCGA.CV.5970.01A",0.0596171993068533,0.00178385995185976,0.000611852961984149,0.00155655051173568,0.000544334017103477,0.369786751065556,0.566099452184907
"TCGA.BB.4217.01A",0.0500983938204352,0.00243347735737893,0.00190570964734779,0.0195747267536227,0.000385951460252252,0.180557122255746,0.745044618705217
"TCGA.CR.5248.01A",0.125070516371382,0.00223803108869684,0.00275307582623391,0.105823365928299,0,0.0921324630667205,0.671982547718668
"TCGA.CR.7394.01A",0.00447412763736011,0,0.00461136245641827,0.0373284134915554,0,0.22661170660353,0.726974389811136
"TCGA.CV.7421.01A",0.0594236813433076,0,0,0.0141308644181309,0,0.541318827021321,0.38512662721724
"TCGA.CN.4729.01A",0.114474992182851,0,0,0.00309471437578378,0.000866613501881921,0.371294638824564,0.510269041114919
"TCGA.F7.A61V.01A",0.277905137400585,0,0,0,0,0.153242091463618,0.568852771135797
"TCGA.BA.A6D8.01A",0.0920461404828255,0,0,0.0728709661516466,0,0.529048268741041,0.306034624624487
"TCGA.CV.5971.01A",0.0199110775374847,0,0,0.0183308052529706,0,0.426668775558457,0.535089341651088
"TCGA.CQ.6220.01A",0.0726277786955511,0,0.000533661605682683,0.0076602903880512,0,0.0637035210036735,0.855474748307042
"TCGA.IQ.A61J.01A",0.0336530069994598,0,0.00373599241382081,0.0204826407449527,0.000829618892024418,0.253896304690965,0.687402436258777
"TCGA.BA.7269.01A",0.143220860343048,0.00243967631249754,0.000747490328472432,0.0181044181320355,0.000241776691751388,0.529983916650973,0.305261861541222
"TCGA.CV.7178.01A",0.00105981115455763,0.000939191827361772,0.00322174238847108,0.0292925158966305,0,0.526598270148415,0.438888468584564
"TCGA.BB.A6UO.01A",0.101052038200768,0,0,0,0,0.409102808455324,0.489845153343908
"TCGA.CV.A468.01A",0.0170004508116492,0,0.00350853535561713,0.0513214680565787,0.00113400508990787,0.354827394817992,0.572208145868255
"TCGA.CV.6960.01A",0.152157990122258,0,0,0,0,0.360978024041638,0.486863985836104
"TCGA.CV.7252.01A",0.0123241679113622,0.00140174734145695,0.00297962963671529,0.00453752018988786,0,0.183164503848641,0.795592431071937
"TCGA.CV.A45X.01A",0.487353712191507,0,0,0,0,0.0700068065347358,0.442639481273757
"TCGA.CN.A6UY.01A",0.262566188365651,0.00189354394672123,0.00302619176913583,0.0268851802440172,0,0.0422210303497633,0.663407865324712
"TCGA.CQ.6222.01A",0.237281187308492,0,0.00335249818150394,0.120896314199614,0,0.120393064421293,0.518076935889096
"TCGA.MZ.A7D7.01A",0.380286737449146,0,0,0.0188327800960719,0,0.130856068521181,0.470024413933602
"TCGA.CQ.5329.01A",0,0,0,0.0374683660708021,0,0.328482008418869,0.634049625510329
"TCGA.CV.5973.01A",0.381054164346502,0,0,0,0,0.0562870467351933,0.562658788918305
"TCGA.BA.5555.01A",0.131777421783961,0,0,0.00939920304623868,0,0.082913863725892,0.775909511443909
"TCGA.UF.A7JS.01A",0.222694285535841,0,0.0663936122763989,0.00117669720514793,0,0.183713003162985,0.526022401819627
"TCGA.CV.A45Q.01A",0.252882433044315,0.23691063072549,0.0249706269609988,0,0,0.100659305270725,0.384577003998471
"TCGA.QK.A6VC.01A",0.226534821157641,0,0.00483560469250873,0.0260673808427533,0,0.111828742162103,0.630733451144994
"TCGA.BA.A6DL.01A",0.277072753938219,0,0,0,0,0.105621967187568,0.617305278874214
"TCGA.CR.7365.01A",0.0866623132964673,0,0,0.000408920255384091,0,0.408189117193716,0.504739649254432
"TCGA.P3.A6SW.01A",0.34305699789274,0,0,0.0163688381124954,0.00434420887335142,0.114388526207365,0.521841428914049
"TCGA.HD.8314.01A",0.180457624541945,0.00333849702053566,7.42051981847336e-05,0.050836554064804,0,0.224605266305013,0.540687852869517
"TCGA.CN.4742.01A",0.0018648127543569,0.000920014739496728,0,0.0107075411472529,0,0.475135318783535,0.511372312575358
"TCGA.IQ.A61H.01A",0.348640201200665,0,0,0.000255773647261672,0,0.190974497356092,0.46012952779598
"TCGA.CX.7085.01A",0,0,0.00402482099115449,0.0392666447744476,0.000914760694050899,0.384694599017002,0.571099174523345
"TCGA.CV.7235.01A",0,0,0.00175975320293485,0.0187220480814855,0,0.543257630508441,0.436260568207139
"TCGA.CV.7434.01A",0.0199612980173398,0,0,0,0,0.108748360042397,0.871290341940263
"TCGA.CR.6480.01A",0.16262428109577,0.000501551687581254,0.00412835396939951,0,0,0.0337177275851269,0.799028085662122
"TCGA.CR.7385.01A",0.195380713036056,0.00236651720269377,0.00254815754482627,0.0487229314242716,0,0.1087271204594,0.642254560332752
"TCGA.T2.A6WZ.01A",0.221169086793107,0.0029735102762098,0.00113829502345751,0,0,0.3072240855937,0.467495022313526
"TCGA.CV.6436.01A",0.583671545254831,0.000449334920177686,0,0.0150112863956534,0,0.0393343038966485,0.361533529532689
"TCGA.UF.A7JA.01A",0.216878654215493,0,0,0,0,0.403915551689803,0.379205794094705
"TCGA.CQ.A4CB.01A",0.0592325250125624,0,0,0.0123239338720713,0,0.438579803791615,0.489863737323752
"TCGA.CX.7219.01A",0.00107491776385791,0,0,0.0113016488619879,0,0.741400424421998,0.246223008952156
"TCGA.IQ.A61G.01A",0.14622461857534,0,0,0,0,0.0807986438780042,0.772976737546656
"TCGA.CV.5434.01A",0.0395613362630724,0,0,0.0682159209055044,0,0.642813307691348,0.249409435140075
"TCGA.DQ.5625.01A",0.0708514540445195,0,0.00317416965178502,0.0312518538202475,0,0.125365188659879,0.769357333823569
"TCGA.BB.A6UM.01A",0.129902308997343,0,0.00487077445653597,0.0125770658874109,0,0.0260556653656793,0.826594185293031
"TCGA.C9.A47Z.01A",0.0809114317287307,0,0,0,0,0.062078454086039,0.85701011418523
"TCGA.P3.A6T7.01A",0.125911697618045,0,0,0,0,0.138488101343567,0.735600201038388
"TCGA.CN.6998.01A",0.195980039543043,0,0,0,0,0.0500278342505776,0.753992126206379
"TCGA.MZ.A6I9.01A",0.252116039836073,0.00320833413767611,0.000191459388354787,0,4.19240539721531e-05,0.143162605474083,0.601279637109841
"TCGA.F7.A50I.01A",0.326233373125647,0,0,0.0010579278273185,0,0.130538876123544,0.54216982292349
"TCGA.T2.A6WX.01A",0.0293743803056182,0,0,0.0565972740950327,0,0.0357253126892409,0.878303032910108
"TCGA.CN.4741.01A",0.143790433075939,0.00184144074701515,0,0.0060430369796166,0,0.131446257601934,0.716878831595495
"TCGA.CV.6948.01A",0.292539189289219,0.00236976016332996,0.00241105574877077,0,0,0.191139363204429,0.511540631594251
"TCGA.QK.A64Z.01A",0.167020829613554,0,0,0,0,0.0876112080819272,0.745367962304519
"TCGA.CQ.6228.01A",0.0465989881204704,0,0,0.0158727492716704,0,0.453825882540948,0.483702380066911
"TCGA.CN.6996.01A",0.0465099551788169,0,0,0.0366771217668808,4.14198747848889e-05,0.101868165226827,0.814903337952691
"TCGA.CN.4737.01A",0.075772648854992,0,0,0,0.000565748519205704,0.414090686241913,0.50957091638389
"TCGA.QK.A6V9.01A",0.30667316742058,0.00211232453745676,0.00144994255160273,0.0196641625128544,0,0.0383752323674224,0.631725170610083
"TCGA.DQ.7591.01A",0.207926239838103,0.000674575530369656,0.00415048319746871,0.0161804546973497,0,0.0750016613232765,0.696066585413432
"TCGA.CN.5358.01A",0,0,0,0.027519048996592,0.000737368363782881,0.608524599338156,0.363218983301469
"TCGA.CV.6945.01A",0.17382281230014,0,0,0.00218123160173365,0,0.239739392803958,0.584256563294168
"TCGA.CQ.6218.01A",0.0768353747029138,3.38286393029224e-05,0.00407958235764376,0.000210099018453387,0,0.214033112901789,0.704808002379897
"TCGA.CV.7413.01A",0.0715775646148556,0,0.000871901563552714,0.0170537230972169,0,0.354112144031335,0.55638466669304
"TCGA.CR.7377.01A",0,0,0.00418804353109107,0.0282365154621864,0.000370070822597603,0.316091716740244,0.651113653443881
"TCGA.D6.6823.01A",0.0994152288049143,0.000714104003055667,0,0,0,0.224756198086304,0.675114469105726
"TCGA.CV.7253.01A",0.151284151018918,0,0,0,0,0.197841642998011,0.650874205983071
"TCGA.CV.6942.01A",0.0693645783591595,0,0.00257123363178454,0.0273006141726372,0.00146618841546592,0.21890527434436,0.680392111076592
"TCGA.BA.A6DA.01A",0.30318420504579,0,0,0.0151635843425268,0,0.110244587685206,0.571407622926478
"TCGA.MT.A67D.01A",0.199795059253255,0,0,0,0,0.345587199085559,0.454617741661187
"TCGA.CQ.5323.01A",0.0315406047129255,0,0,0.00244768067989868,0.00101437973082816,0.222575419882487,0.74242191499386
"TCGA.CR.7390.01A",0.0634577767614259,0,0,0,0,0.434734364025787,0.501807859212787
"TCGA.UF.A7JK.01A",0.19096041350558,0,0,0,0,0.125676427290568,0.683363159203852
"TCGA.CV.A45Y.01A",0.0480790812070604,0,0,0.026151625457682,0,0.464527408630397,0.46124188470486
"TCGA.P3.A6T0.01A",0.110474231794353,0,0,0.0258472307775049,0,0.326996930222535,0.536681607205606
"TCGA.CN.4740.01A",0.00114734719055759,0,0,0.0422930469589666,0.000149873280935349,0.708645828804801,0.24776390376474
"TCGA.CN.5370.01A",0,0,0.00406763545769346,0.0515471610007433,0,0.378722775300666,0.565662428240897
"TCGA.CN.6024.01A",0.144954023985616,0,0,0.00303923260014763,0,0.666773606475375,0.185233136938861
"TCGA.CR.7397.01A",0.052458108377938,0,0,0,0.00033150597488078,0.563276896155097,0.383933489492084
"TCGA.QK.AA3J.01A",0.228074707774712,0,0,0,0,0.0572273756381106,0.714697916587177
"TCGA.BA.A6DI.01A",0.278767158866572,0,0,0,0,0.0938597057396458,0.627373135393782
"TCGA.CV.5443.01A",0.0534627002027785,0.00132092958064224,0.00353248222472897,0.051962975045186,0,0.278891703522579,0.610829209424086
"TCGA.P3.A5Q5.01A",0.414844100831562,0.00318687551525155,0.000209797574891977,0.197360445679116,0,0.0495372322916546,0.334861548107524
"TCGA.CN.A498.01A",0.142928700758507,0,0.00421712516623469,0,0,0.0903668441363042,0.762487329938954
"TCGA.CX.7082.01A",0.106660875296942,0.00106298358815669,0.00257353512517104,0.000639267752290677,0,0.270676614966578,0.618386723270861
"TCGA.CV.7432.01A",0.125977074378796,0,0,0.0135066657111635,0,0.207431576124465,0.653084683785575
"TCGA.CV.7248.01A",0.101515491864326,0,0,0.00113613039897544,0,0.279598111947838,0.61775026578886
"TCGA.KU.A66T.01A",0.236560362698485,0,0,0,0,0.16272432216917,0.600715315132344
"TCGA.P3.A5Q6.01A",0.197063579882888,0,0,0,0,0.463920135921209,0.339016284195903
"TCGA.CN.5374.01A",0.461653522692213,0.00320087767360858,0,0,0,0.0980575900971525,0.437088009537026
"TCGA.CQ.A4CI.01A",0.123022173340177,0,0,0.000246347563957301,0,0.502208850277223,0.374522628818642
"TCGA.BB.4224.01A",0.281521334826628,0,0,0,0,0.0939139455704996,0.624564719602872
"TCGA.CN.6997.01A",0.12748572085474,0.0007973893770407,0,0,0.00138012599254882,0.36103296961572,0.50930379415995
"TCGA.CV.7101.01A",0.174250656505803,0,0,0.0682638367598406,0,0.291415442814874,0.466070063919482
"TCGA.CV.6937.01A",0.516401289495598,0,0,0,0,0.361709734731537,0.121888975772866
"TCGA.CQ.5326.01A",0.03185908439052,0,0,0.0176851712202612,0,0.340826086788873,0.609629657600346
"TCGA.P3.A6SX.01A",0.305427516591483,0,0,0,0,0.324314735277224,0.370257748131293
"TCGA.D6.A6EQ.01A",0.0842522394070439,0.00129040553133768,0.00300176972342985,0.00822876854537626,0,0.412585404280785,0.490641412512028
"TCGA.CN.6995.01A",0.0831094759635885,0,0.00495196892065303,0.0395476268174734,0,0.0860835262588809,0.786307402039404
"TCGA.D6.A6EO.01A",0.167502362084725,0,0,0.000723648845594541,0,0.171314750065526,0.660459239004155
"TCGA.KU.A6H8.01A",0.329319826941518,0,0,0,0,0.296361991161814,0.374318181896669
"TCGA.CN.6010.01A",0.194801981234917,0,0,0.0406582740542299,0,0.266380427841396,0.498159316869456
"TCGA.BA.A8YP.01A",0,0,0,0.0412557360739383,0,0.725958823244311,0.23278544068175
"TCGA.CV.6936.01A",0.251987025648012,0,0.00369066926518721,0.0125439073407655,0,0.0957841086058547,0.63599428914018
"TCGA.D6.A4ZB.01A",0.248029103858596,0,0,0.0150315880444718,0,0.266678946262059,0.470260361834873
"TCGA.QK.A6IG.01A",0.0934002444788587,0,0.00320240461569696,0.00373391279232635,0,0.267641032399993,0.632022405713125
"TCGA.UF.A7JD.01A",0.0082831200083698,0,0,0,0,0.774743463102246,0.216973416889385
"TCGA.QK.A6IJ.01A",0.238917564364542,0.00335146988023701,0,0.0157603219047745,0,0.0430992889495545,0.698871354900892
"TCGA.HD.8635.01A",0.104967961635051,0,0.00354041681459569,0,0,0.246278359530351,0.645213262020002
"TCGA.CV.7250.01A",0.271575689606861,0.00024255690544381,0.00308662833153238,0,0,0.101411912243002,0.623683212913161
"TCGA.CR.6487.01A",0.0781024219595756,0.00296969949609942,0.00165446212390253,0.0636543159597272,0.000305022113146933,0.203079707863525,0.650234370484023
"TCGA.CN.6018.01A",0,0,0,0.0275354946187969,0,0.3367081132331,0.635756392148103
"TCGA.CR.6484.01A",0.000922930940992762,0,0.00445780100496122,0.0919045996343698,0.000533402618135148,0.319971872834481,0.58220939296706
"TCGA.CR.7382.01A",0,0,0,0.00941257753690073,0,0.649483088326407,0.341104334136692
"TCGA.CN.4726.01A",0.017408862947538,0,0,0.0226817818360168,0,0.398356658461966,0.561552696754479
"TCGA.BB.A5HY.01A",0.185438536736823,0,0,0,0,0.345467716296277,0.4690937469669
"TCGA.CV.A45R.01A",0.155258648401644,0,0.00226901198288156,0.00537467636562509,0,0.242047738976545,0.595049924273303
"TCGA.P3.A6T4.01A",0.104353378527847,0,0,0.00136866055784457,0,0.202805418659613,0.691472542254696
"TCGA.CV.6962.01A",0.246207812589875,0,0,0,0,0.256821580300145,0.49697060710998
"TCGA.MT.A51W.01A",0.114649112360775,0,0.00445823221761885,0,0,0.0685457620152174,0.812346893406389
"TCGA.CQ.7068.01A",0.108270342446298,0,0.00485399747353959,0.0617727043976085,0,0.0307937385526417,0.794309217129912
"TCGA.4P.AA8J.01A",0.0854430113602557,0,0,0.0125834781523357,0.000342850141851321,0.57517286871891,0.326457791626648
"TCGA.CV.A45P.01A",0.148476463998749,0,0.00133716873033573,0,0,0.116151216186146,0.734035151084769
"TCGA.CV.7429.01A",0,0,0,0.0817201951748208,0,0.490862824168245,0.427416980656934
"TCGA.HD.A633.01A",0.172287091988061,0,0,0,0,0.263334487557071,0.564378420454869
"TCGA.DQ.5631.01A",0.0240673233349879,0,0,0,0,0.65163102151479,0.324301655150222
"TCGA.CV.5436.01A",0.00143583025491802,0,0.00385267282943404,0,0.000584660206817281,0.26669753824614,0.727429298462691
"TCGA.DQ.5630.01A",0,0,0.00482600163839983,0.0320480724282859,0,0.312647611135913,0.650478314797401
"TCGA.CR.6482.01A",0.151943073021846,0,0.00410096035769429,0.036258792307959,0,0.197069023703516,0.610628150608985
"TCGA.P3.A6T6.01A",0.428044997485186,0,0,0,0,0.104368659241212,0.467586343273602
"TCGA.DQ.7592.01A",0.0223180428476752,0,0.00339739944642502,0.00570779214180382,0,0.207523902626039,0.761052862938057
"TCGA.BA.A4II.01A",0.173081591251713,0,0.00149952859503279,0,0,0.239469422171388,0.585949457981867
"TCGA.HL.7533.01A",0.0298666103483725,0,0.00491146127549683,0.00987393744720108,0,0.0894806579599256,0.865867332969004
"TCGA.CV.7435.01A",0.0358378789821374,0,0,0.0195676322177464,0,0.50843265964509,0.436161829155026
"TCGA.CV.7446.01A",0.0476863460941877,0,0,0,0,0.349988525573679,0.602325128332133
"TCGA.BA.6870.01A",0.102421061779807,0.00124787013991088,0.00255121770711383,0,0.00130593168640225,0.15943824043183,0.733035678254937
"TCGA.MZ.A5BI.01A",0.0631615301997442,0,0.00405606498590339,0.058635784645112,0.00112210833013345,0.133247836214428,0.739776675624678
"TCGA.CQ.A4CE.01A",0.308069863049945,0,0.00227456728615363,0,0,0.100414291554494,0.589241278109407
"TCGA.CV.A460.01A",0.258582387811506,0.00149953379689345,0,0.022104443290631,0,0.228373359618576,0.489440275482394
"TCGA.CV.7104.01A",0.099036573218892,0,0,0.0186134619440262,0.00218020726500847,0.300835975590309,0.579333781981765
"TCGA.UF.A7JF.01A",0.246724117650287,0,0,0.0229588678193477,0,0.191302551153908,0.539014463376458
"TCGA.HD.7753.01A",0.0203141594357663,0,0.0034958740574681,0,0,0.404260719285918,0.571929247220848
"TCGA.F7.A61S.01A",0.0355967402019643,0,0.00484738495100736,0.00748066991618699,0,0.047111189768728,0.904964015162113
"TCGA.CQ.A4C9.01A",0.187130206050581,0.00208842180616958,0,0,0,0.310141915474336,0.500639456668913
"TCGA.CQ.A4CA.01A",0.102298044355539,0,0,0.032587200824582,0,0.117739241763234,0.747375513056645
"TCGA.IQ.A61O.01A",0,0,0,0.000369380085189158,0,0.950746353326315,0.048884266588496
"TCGA.CQ.A4CD.01A",0.247696303623442,0,0,0.0170142785223183,0,0.11047992455017,0.62480949330407
"TCGA.CN.A499.01A",0.0743090625526839,0,0.00431765652365496,0.0161329245986795,0,0.0541578275324951,0.851082528792486
"TCGA.CN.6013.01A",0.115547753881976,0.000727115767297766,0.00379151069691288,0.111459719084046,0,0.0533712079430463,0.715102692626721
"TCGA.CN.5356.01A",0.0567586989164269,0,0.00194834512299984,0,0,0.443735836345217,0.497557119615356
"TCGA.CN.6017.01A",0.00524087276996304,0,0,0.0493703949636454,0,0.269377156148164,0.676011576118228
"TCGA.CR.7369.01A",0.113605405155409,0,0.00330878339004043,0,0.00167289234139008,0.268581694301833,0.612831224811328
"TCGA.P3.A6T8.01A",0.0528513270804535,0,0,0,0,0.636128255889198,0.311020417030349
"TCGA.F7.A50J.01A",0.109340091685632,0,0,0,0,0.170818122856194,0.719841785458174
"TCGA.UF.A71D.01A",0.242328630179747,0.00414319614136971,0,0,0,0.0974020849633997,0.656126088715483
"TCGA.CV.A464.01A",0.00186294240234755,0,0.0028352284750742,0.00121806876792438,0.000487656295259742,0.421105905155693,0.572490198903701
"TCGA.CV.A6JD.01A",0.00136908994509969,0,0,0.0106087549213371,0,0.366986221711245,0.621035933422318
"TCGA.CQ.7071.01A",0.0905903098394419,0,0.00463502617519971,0.0201635377917764,0,0.185101516047894,0.699509610145688
"TCGA.UF.A7J9.01A",0.00913519677221103,0,0,0.00708482204981583,0,0.721147059739338,0.262632921438635
"TCGA.CQ.6225.01A",0.464441500471941,0.00250909448822384,0,0,0,0.06203231185323,0.471017093186606
"TCGA.MT.A51X.01A",0.0907000460111448,0,0.00355043395930845,0,0,0.249260738303289,0.656488781726258
"TCGA.BA.5152.01A",0.106138788878586,0,0.00486331413938054,0.0377881033270174,0,0.190747625950977,0.660462167704039
"TCGA.CQ.7065.01A",0.472553550376009,0,0,0,0,0.0628943864997682,0.464552063124223
"TCGA.CQ.6229.01A",0.121960134423237,0,0.00108008457226974,0.00655321128182845,0.000765948651779255,0.133769047653264,0.735871573417622
"TCGA.CN.A63U.01A",0.363371963050643,0,0,0,0,0.0429015560780933,0.593726480871264
"TCGA.CV.6940.01A",0.173997661825833,0,0,0.000603188412307833,0,0.472771204819624,0.352627944942236
"TCGA.H7.8501.01A",0,0,0.00489387728897286,0.0712185003592203,0,0.151010699317829,0.772876923033977
"TCGA.QK.A8ZB.01A",0.0783821662210758,0,0,0.000198020302997104,0.000428262716575438,0.630420723065624,0.290570827693728
"TCGA.CR.6481.01A",0.0950591382428012,0.00318416602929737,0,0.111970389616776,0.00130727042185769,0.163971740469427,0.624507295219841
"TCGA.BB.8596.01A",0.0460679416098912,0,0,0.0295396387434894,0,0.439541991639563,0.484850428007056
"TCGA.CR.6493.01A",0.105785072863687,0,0,0,0,0.168312703023152,0.725902224113161
"TCGA.CV.A6JT.01A",0,0,0.00426314959894719,0.0232515951926847,0.000143015638549138,0.348535924061122,0.623806315508697
"TCGA.BA.A4IF.01A",0.453830511650569,0,0,0,0,0.207364152916957,0.338805335432474
"TCGA.CN.4725.01A",0.124213111370705,0,0,0,0,0.216856650570445,0.65893023805885
"TCGA.WA.A7H4.01A",0.3624715593852,0,0,0,0,0.382697957902985,0.254830482711816
"TCGA.CV.5441.01A",0.117420013017104,0.000221063131192671,0.0043088423064347,0,0,0.392475638801455,0.485574442743814
"TCGA.CR.7367.01A",0.00532576604052631,0,0,0.0103710866506173,0.000141090962444158,0.762563758949504,0.221598297396909
"TCGA.CR.5249.01A",0.0913431805466721,0,0.00351460578115145,0.0308159690550333,0.000872813158116085,0.144210081794281,0.729243349664746
"TCGA.F7.A620.01A",0.132386596197521,0,0.00494212365427949,0.0326049986686016,0,0.0701238451554007,0.759942436324197
"TCGA.QK.A8Z9.01B",0.014645509191871,0,0,0.0152012693833435,0,0.715340971339098,0.254812250085688
"TCGA.IQ.7630.01A",0.152969995483174,0,0.00109640401207418,0,0,0.171243001555036,0.674690598949716
"TCGA.CN.4738.01A",0.199019061827387,0.00251409096665407,0.000951929448364417,0.010903312374375,0.00146503132856233,0.12633954384155,0.658807030213108
"TCGA.CQ.5331.01A",0,0,0.00482688948625957,0.0294560067511976,0,0.0953541737502159,0.870362930012327
"TCGA.CV.7418.01A",0.165958307428169,0,0,0.0750467401246413,0,0.235552711489336,0.523442240957854
"TCGA.D6.6516.01A",0.181671881229208,0,0.00367658220375322,0,0.000590880244134637,0.0845013073807947,0.72955934894211
"TCGA.CV.5444.01A",0,0,0,0.00490574441733637,0,0.719877019426287,0.275217236156376
"TCGA.CN.A6V7.01A",0.495959189651737,0,0,0,0,0.0389715208154373,0.465069289532825
"TCGA.CV.A45Z.01A",0.279216494759619,0,0,0.0156290341473326,0,0.21573844742358,0.489416023669469
"TCGA.CR.6478.01A",0.0648064916059746,0,0,0.048945083619074,0,0.104073600596926,0.782174824178025
"TCGA.CN.6021.01A",0.390703450021235,0,0,0,0,0.0886088263206359,0.520687723658129
"TCGA.CQ.6224.01A",0,0,0,0.000995209791380952,0,0.761425573410915,0.237579216797704
"TCGA.HD.7754.01A",0.0355939540409538,0,0,0.0144155796261667,0,0.542953387694145,0.407037078638734
"TCGA.F7.A622.01A",0.421780825718383,0,0,0,0,0.0393095985514272,0.53890957573019
"TCGA.P3.A6T2.01A",0.0309107325801648,0,0,0,0,0.37460227304938,0.594486994370455
"TCGA.CR.7383.01A",0.0116849061495986,0,0,0.0652964941504749,0,0.451938273436799,0.471080326263128
"TCGA.CN.A49A.01A",0.258968329609215,0,0,0,0,0.497966232615102,0.243065437775683
"TCGA.TN.A7HJ.01A",0.3370302898484,0,0,0,0,0.102793700918179,0.56017600923342
"TCGA.CN.4736.01A",0,0,0.0048578297482115,0.0659054652744832,0.000106667663027068,0.247148710523809,0.681981326790469
"TCGA.CN.4730.01A",0.40586981325224,0,0,0,0,0.146194454281286,0.447935732466474
"TCGA.CV.7433.01A",0,0,0,0.0328895406869866,0,0.757102050270786,0.210008409042227
"TCGA.CV.6934.01A",0,0,0,0.018707169048305,0,0.523346490760316,0.457946340191379
"TCGA.CV.6941.01A",0.0542488048510824,0,0,0,0.00151419953205333,0.438197304805971,0.506039690810893
"TCGA.RS.A6TP.01A",0.0173189637158503,0,0.00321037787592636,0,0,0.0273165750227719,0.952154083385451
"TCGA.CV.5978.01A",0.00779331214482432,0,0,0.10172630171952,0.000144899167297475,0.564509793542633,0.325825693425725
"TCGA.CV.5977.01A",0.0774236590582925,0,0,0,0,0.12636423028149,0.796212110660218
"TCGA.CV.A6JU.01A",0.180625042142213,0,0,0.0460695025480936,0,0.313231321045312,0.460074134264381
"TCGA.CV.7102.01A",0.0417334763201289,0,0,0.0166885440026033,0,0.356449741795743,0.585128237881525
"TCGA.CR.7368.01A",0.0944371789564611,0,0,0.0092739864813134,0,0.127517960940871,0.768770873621355
"TCGA.D6.A74Q.01A",0.172829681246989,0.000940684297405165,0.00087097782965111,0,0.00578559417679667,0.304846101359617,0.514726961089542
"TCGA.D6.6824.01A",0.128339821914752,0,0,0.0269045808380831,0,0.297997871086009,0.546757726161156
"TCGA.CV.7440.01A",0.136661123606648,0.00286949114777729,0,0,0,0.306613391779767,0.553855993465808
"TCGA.CR.6477.01A",0.0297743486309863,0,0,0.0639037946640297,0.000269727975125928,0.427803387846171,0.478248740883687
"TCGA.UF.A71B.01A",0.125045889601248,0,0,0.0314291712559636,0,0.323434318432854,0.520090620709934
"TCGA.QK.A6IF.01A",0.198508749606717,0,0,0.00231929806287446,0,0.270406764917087,0.528765187413321
"TCGA.CQ.5332.01A",0.000742484875221468,0.00148708117617914,0,0.0298796802662734,9.96900458379329e-06,0.742743055014305,0.225137729663437
"TCGA.HD.8224.01A",0.0696380859876813,0,0,0.00351154073430273,0,0.36301575770673,0.563834615571286
"TCGA.BB.8601.01A",0.259416656778594,0,0,0,0,0.0917447181579205,0.648838625063485
"TCGA.CN.5355.01A",0.000746557322885124,0,0,0.00346922041989348,0.000329509603172822,0.728154928862546,0.267299783791503
"TCGA.H7.A76A.01A",0.0789432772152211,0,0,0.0707432654097367,0,0.435819049623618,0.414494407751424
"TCGA.D6.A6EP.01A",0,0.00262949796619678,0,0,0,0.856228351402147,0.141142150631656
"TCGA.CN.5369.01A",0.0283452362817886,0,0.00446802341463951,0.0339542665672145,0,0.206448719657698,0.726783754078659
"TCGA.CN.6988.01A",0.387330566847797,0,0,0,0,0.235878948398319,0.376790484753884
"TCGA.BA.A6DE.01A",0.192978415832611,0,0,0,0,0.142597356413195,0.664424227754194
"TCGA.D6.8569.01A",0.121018561534478,0,0,2.31676386018716e-05,0,0.112489361209817,0.766468909617103
"TCGA.CR.7401.01A",0.040505525187686,0,0,0,0.000251534678600352,0.408500054925279,0.550742885208435
"TCGA.CV.7177.01A",0.0804199338176135,0,0,2.51178849235412e-05,0,0.552077331505424,0.367477616792039
"TCGA.CV.7238.01A",0.108958021097032,0.000871136192293029,0.00152328863709633,0.00646793124695323,0,0.195602437124832,0.686577185701793
"TCGA.CV.7247.01A",0.120869554467067,0,0,0,0,0.353462083458443,0.52566836207449
"TCGA.CQ.7072.01A",0.00588962005121627,0,0,0.000329105669719978,0,0.818654003900065,0.175127270378999
"TCGA.CV.A45T.01A",0.0574077309031562,0.00112811712255834,0.00369325351871462,0.0365978453358098,0,0.140430077760841,0.76074297535892
"TCGA.KU.A6H7.01A",0.170752501837948,0,0,0.0514063248018107,0,0.0642530153663132,0.713588157993928
"TCGA.BA.4075.01A",0.051254098376393,0,0,0.0210518839438493,0,0.33043191104593,0.597262106633828
"TCGA.DQ.5624.01A",0.118261429556897,0,0,0.00391995440682284,0.000667804918526792,0.358455932504865,0.518694878612889
"TCGA.BA.A6DD.01A",0,0,0.0043975847698772,0.00936286188291207,0,0.279426242849964,0.706813310497247
"TCGA.KU.A66S.01A",0.200180183295643,0.0017087045376054,0,0.00180388133337192,0,0.301992765114803,0.494314465718576
"TCGA.CV.7254.01A",0.0885016619550842,0,0,0.0443197897244689,0,0.487564603045049,0.379613945275397
"TCGA.CV.5976.01A",0.103295238895935,0,0,0,0,0.468063851058817,0.428640910045248
"TCGA.CR.7374.01A",0.110697019701503,0,0.00257633166159781,0,0,0.230499714676907,0.656226933959992
"TCGA.CR.5250.01A",0.100579169500036,0,0,0,0,0.278072316438022,0.621348514061942
"TCGA.CV.A6JZ.01A",0.0792110919313317,0.00110316593843498,0.00282256086426117,0.0739237369753178,0,0.21871433049858,0.624225113792074
"TCGA.CV.6935.01A",0.213629530688845,0,0,0,0,0.440226868772482,0.346143600538672
"TCGA.CV.6954.01A",0.0760060656917053,0,0.00392359186837247,0.0268930307466894,0,0.251312577232462,0.64186473446077
"TCGA.CQ.A4CH.01A",0.314677266311553,0,0,0.00728774497570421,0,0.151762481818464,0.526272506894278
"TCGA.CN.6020.01A",0.0685316970773281,0,0,0.0175747598385132,0,0.365281241637433,0.548612301446726
"TCGA.CV.7425.01A",0.0875088233463005,0,0.0036021232098298,0.0107437609011679,0,0.167405230162211,0.730740062380491
"TCGA.BB.A5HU.01A",0.1040417682837,0,0,0.000212822437990456,0,0.608485988301234,0.287259420977075
"TCGA.HD.7831.01A",0,0,0,0,0,0.896249667158428,0.103750332841572
"TCGA.CR.7364.01A",0.140203646285258,0.00336976596491963,0,0,0,0.300084073850223,0.556342513899599
"TCGA.CN.A63W.01A",0.23085072445914,0,0,0,0,0.12438504168018,0.64476423386068
"TCGA.D6.A6EK.01A",0.121400481399106,0.0166239493353421,0.0923550422178761,0.00352566972273078,0.000278854586735158,0.134236220023884,0.631579782714326
"TCGA.BA.5557.01A",0,0,0,0.0636657558915666,0,0.716601521895847,0.219732722212586
"TCGA.BA.6869.01A",0.258345444019116,0.00339748892049872,0,0,0,0.216305971695769,0.521951095364616
"TCGA.CV.7090.01A",0,0,0.00481250988827559,0.0493462271386473,0,0.28881331753776,0.657027945435317
"TCGA.T3.A92M.01A",0.0479211526185059,0,0,0.0324171883490004,0,0.37689983629798,0.542761822734514
"TCGA.MT.A67F.01A",0.0339125681192374,0,0.00438524228174489,0.0932396688791928,0.00300499280000825,0.0746078563974254,0.790849671522391
"TCGA.CN.A63V.01A",0.196757844818766,0,0,0,0,0.602740296440754,0.20050185874048
"TCGA.CV.7415.01A",0.0402872214183771,0,0,0.0164870186360645,0,0.326254552287983,0.616971207657576
"TCGA.CV.6003.01A",0.06291281672487,0,0,0,0,0.13297559674323,0.8041115865319
"TCGA.CN.6016.01A",0.00855402529045277,0,0,0.0216060049300577,0,0.812371338508088,0.157468631271401
"TCGA.H7.A6C4.01A",0.13835429730163,0,0.00230605002631745,0,0.0033390784014472,0.122670118225732,0.733330456044874
"TCGA.CV.5966.01A",0.0241094684446482,0,0.00141213217783033,0.00984728785380018,0,0.142981094038998,0.821650017484723
"TCGA.BA.4076.01A",0.423507583757828,0,0,0,0,0.125666067246114,0.450826348996058
"TCGA.CN.4735.01A",0.0409296746727313,0,0.00489120905442854,0.0495137555148022,0,0.262254433728519,0.642410927029518
"TCGA.CV.6955.01A",0.188691215671616,0,0.00433357957086528,0.0451553510881294,0.00016998020796674,0.0149066762116434,0.746743197249779
"TCGA.CR.6491.01A",0.11026512308928,0,0.00282119864135844,0,0,0.237960535113734,0.648953143155627
"TCGA.BA.5558.01A",0.00179189361566442,0,0.00247200924582255,0.0369141423176629,0.00194985002882758,0.169687988906225,0.787184115885797
"TCGA.CN.4728.01A",0.0148360635270423,0,0,0.0670121475844378,0,0.582303460087574,0.335848328800946
"TCGA.BB.A5HZ.01A",0.214317394487977,0.00160842124942831,0,0,0,0.313055275570705,0.471018908691889
"TCGA.UP.A6WW.01A",0.101402603235307,0,0,0.0500451919787237,0,0.335010568821613,0.513541635964356
"TCGA.CV.7407.01A",0.286571880929781,0,0.00246018266440035,0.0157211234428546,0,0.0651405801357104,0.630106232827253
"TCGA.CV.7416.01A",0.00435294724529527,0,0,0.0128214251822767,0,0.719796759583699,0.263028867988729
"TCGA.CN.5361.01A",0.000793074900369161,0,0,0.0101113800494321,0.000189278086000308,0.767772800564812,0.221133466399386
"TCGA.CV.7100.01A",0.00149362786976235,0,0.00423411639695823,0.00410560733706578,0,0.255853723212795,0.734312925183419
"TCGA.TN.A7HL.01A",0.10232467694644,0.039979425517311,0.182652151907293,0.060513618576237,0,0.0773509933660961,0.537179133686623
"TCGA.UF.A718.01A",0.128548383797914,0,0.00283733014209748,0.00863536942192388,0,0.436229789241938,0.423749127396127
"TCGA.CQ.5324.01A",0.0325798091609005,0,0,0.147743179034063,0,0.420325951787934,0.399351060017102
"TCGA.DQ.5629.01A",0.085325606828715,0.00111358452980105,0,0.000424084175439998,0,0.375811389295062,0.537325335170982
"TCGA.BA.A6DJ.01A",0.052973124522295,0,0.00494910899676496,0.024134411266548,0,0.0955449404127605,0.822398414801632
"TCGA.CV.6938.01A",0.111694867145168,0,0.00474855135236054,0.0539610485459815,0,0.0479267138488387,0.781668819107651
"TCGA.CR.7395.01A",0,0.00158641045679483,0.00244331192569818,0.0528066656242787,0.000854280707116998,0.192670074944222,0.749639256341889
"TCGA.CV.7423.01A",0.0920681280714663,0,0,0,0,0.296707101643357,0.611224770285177
"TCGA.P3.A5QE.01A",0.0596186379851635,0,0.00480899907915104,0.00282467272350493,0,0.039046298122355,0.893701392089825
"TCGA.QK.A8Z8.01A",0.225724572001688,0.000121441360289924,0.00335998261615446,0.0204827556867504,0,0.0429947864302435,0.707316461904873
"TCGA.CV.A465.01A",0.175885011149547,0,0,0,0,0.0753019722030418,0.748813016647411
"TCGA.CV.5431.01A",0.122675750142057,0.00379547892764331,0.000435297450658425,0.05245185074072,0.000449730016757155,0.400859788933163,0.419332103789001
"TCGA.F7.A61W.01A",0.150237438219333,0,0,0,0,0.082292566360819,0.767469995419848
"TCGA.CV.5439.01A",0.109855057190799,0.000128821509266692,0.00479698999276668,0.0109710356166709,0,0.0663927475268963,0.8078553481636
"TCGA.HD.A4C1.01A",0.15134466904461,0,0,0,0,0.347701091915025,0.500954239040366
"TCGA.D6.6517.01A",0.0515259496351569,0.000369496114182398,0,0.00662147736421431,0,0.247969818456269,0.693513258430177
"TCGA.CQ.6227.01A",0.038660993791773,0,0,0,0,0.440714176058997,0.52062483014923
"TCGA.CV.7089.01A",0.105032944949767,0,0.00298922829590668,0.000242652850714616,0.00163814972503296,0.112279812399594,0.777817211778985
"TCGA.QK.AA3K.01A",0,0,0,0.0373151894325017,0,0.577914879619121,0.384769930948377
"TCGA.CN.5367.01A",0.0632175923047466,0,0,0.0160574791476813,0,0.212463023268225,0.708261905279347
"TCGA.WA.A7GZ.01A",0.00569131373245611,0,0,0,0,0.358018770626246,0.636289915641298
"TCGA.CN.5365.01A",0.0914673255262088,0,0.00491414242707399,0.0207330486306937,0,0.0584348349335014,0.824450648482522
"TCGA.CV.7095.01A",0.179594773601027,0,0,0.0181803394258956,0,0.254773393473738,0.547451493499339
"TCGA.QK.A8ZA.01A",0.246532442793572,0,0,0.0127495995929323,0,0.146330240192903,0.594387717420592
"TCGA.CV.A6JE.01A",0.101099597471626,0.00317074975543741,0.0017764430628735,0.00964930966527601,0,0.399937972549444,0.484365927495342
"TCGA.CQ.7063.01A",0.0285548377511541,0,0,0.040058316573237,0.000202885178612092,0.110895426636159,0.820288533860838
"TCGA.BB.4227.01A",0.363205203990924,0,0,0,0,0.15197429183092,0.484820504178156
"TCGA.CV.6433.01A",0.0953767581758601,0,0.00483042900890115,0.0767928382453177,0,0.0260114333972612,0.79698854117266
"TCGA.CN.5373.01A",0,0,0.00345229855872252,0.0161534919824088,0.00149851544316028,0.275944518926067,0.702951175089642
"TCGA.CV.7103.01A",0.0334161818086752,0,0,0.00137887620175126,0,0.680456549342213,0.284748392647361
"TCGA.CV.7568.01A",0.0456165480638915,0,0.00246188862216711,0,0,0.454024469692052,0.497897093621889
"TCGA.CN.6989.01A",0.000724198146620443,0,0,0.0393297915913368,0,0.6969979625007,0.262948047761342
"TCGA.CV.6943.01A",0,0,0,0.0470293384801825,0,0.401713837202006,0.551256824317812
"TCGA.CV.7424.01A",0.102247871013932,0,0,0.0325753642478374,0,0.663265052208197,0.201911712530033
"TCGA.BA.4078.01A",0.000535327544354835,0,0,0.00206278547010928,0,0.703319380326336,0.2940825066592
"TCGA.CN.4739.01A",0.2413952650192,0.00470444921912306,0,0,0,0.195364316384908,0.558535969376768
"TCGA.CV.5430.01A",0.15092713710533,0.00202313465406793,0.00207581837516907,0.030107000466029,0,0.281973587294837,0.532893322104566
"TCGA.CR.7399.01A",0.15117048353529,0,0,0.0808285668164442,0,0.193337091777743,0.574663857870523
"TCGA.CQ.5334.01A",0,0,0.000153914851746969,0.023223989082088,0,0.447792833113516,0.528829262952649
"TCGA.CR.7402.01A",0.112330665107461,0.00303140857198251,0.00160414309803871,0.00426147142456404,0,0.1711556990167,0.707616612781253
"TCGA.CR.7389.01A",0.0800771026144963,0,0,0.0414912384209941,0,0.261310340542746,0.617121318421764
"TCGA.BA.6868.01B",0.0471018346976671,0,0,0,0,0.3148670542592,0.638031111043133
"TCGA.CV.6951.01A",0.260429982755024,0,0,0.00300911927161147,0.000116465803372443,0.322679673415044,0.413764758754948
"TCGA.F7.8298.01A",0.0665723516658414,0,0,0,0,0.449932224970001,0.483495423364157
"TCGA.D6.6515.01A",0,0,0,0.0453838246482998,0,0.559200764318879,0.395415411032821
"TCGA.CV.7180.01A",0.340085905494411,0,0,0,0,0.102133873836208,0.557780220669381
"TCGA.CV.7242.01A",0.185946676046415,0,0,0.0067812333362699,0,0.17214987672035,0.635122213896965
"TCGA.BA.6871.01A",0.0240938317405846,0,0,0,0,0.528586796493051,0.447319371766364
"TCGA.CR.7371.01A",0.138105497239793,0.00183342823104153,0,0.00710339093537056,0,0.278986301974023,0.573971381619772
"TCGA.CV.5432.01A",0.244826552033913,0,0,0.0126168266092277,0,0.315166395584285,0.427390225772575
"TCGA.CN.5360.01A",0.0813514151985088,0,0.00474574978341636,0.0346637963699238,0,0.224066428867136,0.655172609781015
"TCGA.CQ.A4C6.01A",0.0505748907040328,0,0.00157363212353815,0.0114692488712159,0.000964090170827905,0.144273717182735,0.79114442094765
"TCGA.MT.A7BN.01A",0.23470983387669,0.00385315582552717,0.000945556728813555,0.0430028319291671,1.91343053672376e-05,0.382205865889623,0.335263621444813
"TCGA.CN.A641.01A",0.322104451308745,0,0,0,0,0.12277195365959,0.555123595031666
