Mixture,B Cells,Cancer Cells,Endothelial Cells,Fibroblasts,Macrophages,NK,T Cells,P-value,Correlation,RMSE
TCGA-TQ-A7RO-01A,0.0981274715733232,0.612245746141934,0.289626782284743,0,0,0,0,0.01,0.114797956525777,1.06898720074947
TCGA-CS-6670-01A,0.101491321989735,0.683243977219046,0.215264700791218,0,0,0,0,0.01,0.0986555605011431,1.05521561203443
TCGA-QH-A6X5-01A,0.0961179931905455,0.559366346087668,0.335072721614719,0,0.00944293910706661,0,0,0,0.133007842225786,1.07589544699098
TCGA-HW-7493-01A,0,0.436382056478862,0.176763803159535,0.0401743925378551,0.346679747823748,0,0,0.01,0.118546853402244,1.04293928072792
TCGA-CS-6667-01A,0.0332672817515507,0.501223131651689,0.349927354584894,0,0.115582232011866,0,0,0,0.188646885093543,1.04931559795759
TCGA-DU-6406-01A,0,0.506719545983162,0.4101402037307,0.0169597449196724,0.0661805053664657,0,0,0,0.222315098108487,1.05815145327759
TCGA-DU-A7TA-01A,0.0543361366290662,0.398393099325896,0.218591508825903,0,0.328679255219135,0,0,0,0.212084031364443,1.00760486694758
TCGA-QH-A6X4-01A,0.0880348524017199,0.745170806234345,0.166794341363935,0,0,0,0,0.01,0.0874010991224257,1.0510270844756
TCGA-TQ-A7RR-01A,0.0514549759381009,0.463699915398476,0.235718272256617,0,0.249126836406807,0,0,0,0.178310216450942,1.02195802647526
TCGA-HT-8104-01A,0,0.513197334198503,0.412024298907489,0,0.074778366894008,0,0,0,0.213571109515235,1.06223610596716
TCGA-HT-A74K-01A,0.00572879847579774,0.394199594396397,0.515251905512589,0,0.0848197016152163,0,0,0,0.240155358126354,1.0971274263795
TCGA-DB-A64X-01A,0.0293743031396213,0.691321540220387,0.202121791536432,0,0.07718236510356,0,0,0,0.150387130967235,1.02817177310679
TCGA-HT-8107-01A,0.0579788857973942,0.751229909926983,0.190791204275623,0,0,0,0,0.01,0.105955602652066,1.04886892536137
TCGA-FG-A710-01A,0.0289451217555294,0.399249525799549,0.247300063743288,0,0.324505288701633,0,0,0,0.183957343115837,1.0262515122855
TCGA-QH-A6CX-01A,0.00407609402348145,0.419210998539761,0.33096171440706,0.0273357600035293,0.218415433026169,0,0,0,0.206486781781738,1.03639321692121
TCGA-CS-6666-01A,0.00487929124910936,0.456628404241785,0.446346305496078,0,0.0921459990130277,0,0,0,0.282274230139084,1.03422508175282
TCGA-TM-A7CA-01A,0.0754708483105464,0.669427851344806,0.194222501840026,0,0.0608787985046216,0,0,0,0.159564174546595,1.02218476197447
TCGA-HW-7486-01A,0.0962151672707392,0.556260481834357,0.192742632077738,0,0.154781718817165,0,0,0.01,0.0960054164123076,1.04500832515652
TCGA-QH-A6X8-01A,0.0542955693076718,0.677536563791148,0.178430743714483,0,0.0897371231866968,0,0,0.01,0.117390953308585,1.03610403747639
TCGA-DU-A76K-01A,0.0352589539036255,0.661718456887433,0.238915659984445,0.064106929224496,0,0,0,0,0.125342106492059,1.05441100275455
TCGA-DB-A4XD-01A,0.0931383109183085,0.636316577581291,0.176813473425502,0,0.0937316380748987,0,0,0.01,0.113052086746062,1.03636189281066
TCGA-DH-A669-01A,0.0300775657083511,0.687754657905828,0.182816902634467,0,0.099350873751354,0,0,0,0.187563229889908,1.00872482919414
TCGA-WY-A858-01A,0.0549965174310575,0.25024391250892,0.344938079926493,0,0.34982149013353,0,0,0,0.333084259178873,0.975342162770433
TCGA-DU-7294-01A,0.0535669065827803,0.696830144253617,0.217157782111193,0,0.0324451670524089,0,0,0,0.122378133384999,1.0446628928861
TCGA-TM-A7C3-01A,0.0340016037484973,0.501228455165786,0.349767199782776,0.11500274130294,0,0,0,0,0.207897903956245,1.05593929059103
TCGA-WY-A85E-01A,0.0374043916118196,0.681450727735062,0.252311547419515,0.0080281743762239,0.0208051588573789,0,0,0,0.175973367320093,1.03019876562175
TCGA-FG-A6J1-01A,0.0360035174230057,0.572842303418499,0.234201997464028,0.00974574833273455,0.147206433361733,0,0,0.01,0.092383602763439,1.0576208112348
TCGA-QH-A65Z-01A,0.0431543185925312,0.681458634678751,0.258716374855117,0,0.0166706718736009,0,0,0,0.140162215922433,1.04827585639864
TCGA-VM-A8CD-01A,0.0106028463326093,0.494742685483143,0.213566876922379,0,0.281087591261869,0,0,0,0.138383846460221,1.03610351076103
TCGA-HT-8019-01A,0.0623305830499047,0.78356292366311,0.154106493286985,0,0,0,0,0.01,0.109942812135948,1.04140986119593
TCGA-QH-A6CV-01A,0.0453220192072621,0.448940034875546,0.294641839570279,0,0.211096106346914,0,0,0,0.232993708201299,1.00942352422042
TCGA-FG-A6IZ-01A,0.0794346550646448,0.709547916287618,0.157608798315788,0,0.0534086303319487,0,0,0,0.13903504524711,1.02548377581585
TCGA-P5-A5F1-01A,0.0372533615559388,0.595374868019774,0.265969333157017,0,0.10140243726727,0,0,0,0.165305532012327,1.03443717093337
TCGA-P5-A72U-01A,0,0.145115777984731,0.593273007988616,0.122733797250914,0.138877416775739,0,0,0,0.279318751434232,1.14401984223202
TCGA-CS-4943-01A,0.0227791613982067,0.730752123678204,0.101555220913811,0,0.144913494009778,0,0,0,0.179237697143023,1.00399003833559
TCGA-P5-A5EW-01A,0.0272202493565339,0.501137683793061,0.167778994594284,0,0.303863072256122,0,0,0.01,0.101875950154627,1.04329955791089
TCGA-E1-5322-01A,0.0661379823991426,0.439331965928088,0.119294125580398,0,0.375235926092372,0,0,0,0.148053222115336,1.02418411265951
TCGA-HT-A4DS-01A,0.0306688233509265,0.471950345773968,0.19938510090017,0,0.297995729974935,0,0,0,0.171987832483394,1.01966800709373
TCGA-FG-7634-01A,0,0.208859165950305,0.380821012574879,0.0934311744807929,0.316888646994023,0,0,0,0.29270199218512,1.01874046540172
TCGA-DU-7306-01A,0.0956887427907947,0.49743739087083,0.301170994177122,0,0.105702872161254,0,0,0,0.174659862275871,1.03941559890034
TCGA-FG-7636-01A,0.10372293333552,0.609677485514278,0.163739468896129,0,0.122860112254073,0,0,0.01,0.110765242677269,1.03422846565429
TCGA-S9-A7J3-01A,0.0806559594757939,0.579268191731745,0.308519394853026,0,0.0315564539394342,0,0,0,0.133373113876709,1.06471461561726
TCGA-DU-A6S7-01A,0.0238410154228757,0.569085236571633,0.150864192836191,0,0.2562095551693,0,0,0,0.143677373105245,1.02199178294175
TCGA-DU-6396-01A,0,0.0639689826480382,0.230209538359101,0,0.705821478992861,0,0,0,0.227189234758776,1.05836335689953
TCGA-S9-A7QW-01A,0.0534062519433434,0.810032616681203,0.116715189916203,0,0.0198459414592499,0,0,0.01,0.108861029737043,1.0369035635646
TCGA-FG-7643-01A,0.0370234893291759,0.620583805205289,0.28483047887054,0.00366798471738493,0.0538942418776104,0,0,0,0.127361313563817,1.05976696676281
TCGA-S9-A7R4-01A,0,0.230829480838351,0.504603764518013,0,0.264566754643636,0,0,0,0.348719779384674,1.01864302339611
TCGA-DU-A6S8-01A,0.0684628099681551,0.756889918764951,0.174647271266894,0,0,0,0,0,0.144556962252392,1.02961669167633
TCGA-HT-7601-01A,0,0.196028590714802,0.178882479404939,0.000896235696462042,0.624192694183797,0,0,0,0.281694454570239,0.999291785723419
TCGA-HT-7854-01A,0,0.325672334298954,0.168150622822478,0.0104241798448561,0.495752863033712,0,0,0.01,0.11083622382323,1.06234246989471
TCGA-QH-A6X3-01A,0.0687190407641938,0.591095001784976,0.149356252195222,0,0.190829705255608,0,0,0,0.127379248836632,1.02596223614502
TCGA-P5-A5F0-01A,0.0584281008460112,0.713530813608513,0.228041085545476,0,0,0,0,0.01,0.118673533310701,1.05105664648711
TCGA-CS-5395-01A,0.0443306730966534,0.707757228832471,0.101651039186295,0.102806237786128,0.0434548210984526,0,0,0.03,0.0577253685196427,1.05339830553763
TCGA-DU-6402-01A,0,0.22676861837243,0.419622405207997,0.143992606483753,0.209616369935821,0,0,0,0.403389951202218,0.961356493043611
TCGA-VM-A8CE-01A,0.0515156249522476,0.481183915044315,0.426649879902538,0,0.0406505801009,0,0,0,0.174316426391281,1.09264945208055
TCGA-HT-7467-01A,0.0502151845862122,0.654718677323617,0.287237446919216,0,0.00782869117095432,0,0,0.01,0.111720830650752,1.07044611055632
TCGA-DB-A4XC-01A,0.0900116253356347,0.502560328343787,0.183889585483878,0,0.2235384608367,0,0,0,0.124454513984635,1.03315064658798
TCGA-RY-A83X-01A,0.0461693926458427,0.597488191025792,0.356342416328365,0,0,0,0,0,0.16580935931342,1.06865926453267
TCGA-HT-A5R9-01A,0.0748762512075549,0.683148573825078,0.212637709394159,0.0293374655732078,0,0,0,0,0.132890486910326,1.04133558376578
TCGA-S9-A6WD-01A,0.0632778730970842,0.751206198574572,0.154333828694472,0,0.0311820996338726,0,0,0,0.121635218402478,1.03406043671594
TCGA-F6-A8O4-01A,0.0568378581468326,0.83029612087804,0.107244224195718,0,0.00562179677940872,0,0,0.01,0.102655596939319,1.03985741286534
TCGA-TQ-A7RV-01A,0.0612426321181186,0.642072174101234,0.258566444960802,0,0.0381187488198455,0,0,0,0.171593939546057,1.03166037740901
TCGA-FG-7637-01A,0.0781933223645058,0.526674521522723,0.375909075640063,0.0192230804727088,0,0,0,0,0.193509964056942,1.06222510956429
TCGA-FG-6689-01A,0.0244286204752098,0.505869527773239,0.252679468308267,0,0.217022383443284,0,0,0,0.145968348404476,1.03965412830262
TCGA-E1-A7YO-01A,0.0755039522888307,0.640818003308065,0.283678044403104,0,0,0,0,0,0.144456402810923,1.05342365296895
TCGA-FG-7638-01B,0.10816048742108,0.565609697358848,0.323184110371749,0,0.00304570484832313,0,0,0,0.132596079191091,1.071839916306
TCGA-S9-A7QZ-01A,0.0665014360199048,0.677944968333772,0.255553595646323,0,0,0,0,0,0.142310279776217,1.04682381571808
TCGA-P5-A5F2-01A,0.0533470396058126,0.724835394885015,0.21951037706141,0,0.00230718844776258,0,0,0,0.124214675815719,1.04675346806214
TCGA-R8-A6YH-01A,0.0487327582421352,0.642684113291142,0.146639920068637,0,0.161943208398085,0,0,0,0.145318278462657,1.01917427281705
TCGA-E1-A7YS-01A,0.124244233741791,0.815710003833139,0.0600457624250694,0,0,0,0,0.02,0.0591296608607215,1.05208752588355
TCGA-HT-7880-01A,0.0507884651720443,0.637195527434328,0.265401562456585,0,0.0466144449370421,0,0,0,0.133291256366677,1.05098618290439
TCGA-DU-5852-01A,0,0.320832137868907,0.490166689160958,0.00356717054033633,0.185434002429798,0,0,0,0.245292456365761,1.08059263379395
TCGA-E1-A7Z4-01A,0.0301803058187226,0.578991922758564,0.126821840800314,0,0.264005930622399,0,0,0,0.12489670522187,1.02666305624872
TCGA-DU-7298-01A,0.0196874429025804,0.647628281651543,0.157377415765762,0,0.175306859680115,0,0,0,0.131876927593201,1.02644222941997
TCGA-HT-7478-01A,0.0119705245674884,0.218285929599028,0.220006505687066,0,0.549737040146418,0,0,0,0.146147821264569,1.06689642090509
TCGA-DU-A5TU-01A,0.0198032711249368,0.407752517748943,0.220151924506304,0,0.352292286619816,0,0,0,0.279109756420953,0.977999131119928
TCGA-DU-6399-01A,0.0680121070241816,0.450565772273033,0.241688278259185,0,0.239733842443601,0,0,0,0.148960241562105,1.03609497700903
TCGA-RY-A83Y-01A,0.0601321538981973,0.507951232350725,0.33739820911759,0,0.094518404633488,0,0,0,0.169406925943687,1.0548084723437
TCGA-DU-7300-01A,0.0766607218826672,0.602833195424554,0.205412124720791,0.0119397940715551,0.103154163900432,0,0,0,0.13416744209766,1.03332658007018
TCGA-S9-A7IX-01A,0.000827944310722939,0.335100357187826,0.364065779198409,0.0599654659495053,0.240040453353537,0,0,0,0.207773730594257,1.05290039493347
TCGA-HT-8558-01A,0.0531348700986802,0.815222955472608,0.131642174428712,0,0,0,0,0.01,0.0936381292137686,1.04603325687948
TCGA-S9-A7IY-01A,0.0519339546081148,0.468388927030026,0.225629343577654,0.000996192466457123,0.253051582317748,0,0,0,0.132472290639132,1.03983742898661
TCGA-DB-A64W-01A,0.0407130932372325,0.802280899696177,0.157006007066591,0,0,0,0,0,0.159731746912625,1.02246751494599
TCGA-S9-A7IZ-01A,0.0840447474899177,0.410979462251764,0.314774942099989,0,0.190200848158329,0,0,0,0.159940220452235,1.05172428656265
TCGA-DU-6410-01A,0.0781734058400686,0.745152196829672,0.176674397330259,0,0,0,0,0,0.123984798679563,1.03804817849164
TCGA-R8-A6MO-01A,0.107472042398885,0.491666206686759,0.306887820560333,0,0.0939739303540237,0,0,0,0.152523520114194,1.05235427820925
TCGA-P5-A780-01A,0.00375186817653511,0.459790732814789,0.344888860990364,0,0.191568538018312,0,0,0,0.257320984297702,1.01101615870942
TCGA-QH-A6XC-01A,0.0123154260918527,0.562877490102087,0.336504518699844,8.71197691156611e-05,0.0882154453370997,0,0,0,0.15178229000518,1.06472287558872
TCGA-E1-A7YD-01A,0.0500274852095839,0.610490427518644,0.223704251235708,0,0.115777836036064,0,0,0.01,0.109655197526015,1.04757915448817
TCGA-E1-A7YI-01A,0.0118608056162648,0.718371876209412,0.269767318174323,0,0,0,0,0,0.16892652802004,1.04041679672025
TCGA-DU-8158-01A,0,0.335953598535285,0.183445805487606,0.186113387328304,0.294487208648805,0,0,0,0.196091743965555,1.02160012335711
TCGA-S9-A6WN-01A,0.0886785958048941,0.0488798453485619,0.549003508602578,0.0871773962936196,0.226260653950347,0,0,0,0.363121651665839,1.04760794271232
TCGA-HT-7855-01A,0.0322959070619083,0.516910598290862,0.3586684764863,0,0.0921250181609296,0,0,0,0.196586268514251,1.04882079159584
TCGA-HT-8111-01A,0.0442918282424775,0.507000468026682,0.190028605188682,0,0.258679098542158,0,0,0,0.148507772022263,1.02583786044755
TCGA-WY-A85C-01A,0.0464297695618342,0.452914432394313,0.344193476995969,0,0.156462321047885,0,0,0,0.237232033729933,1.02102052394909
TCGA-CS-6290-01A,0.061702000339537,0.33953023417467,0.140834804740201,0,0.457932960745591,0,0,0,0.173786262311713,1.0249679784728
TCGA-HT-8114-01A,0.064702284565204,0.267871763877597,0.228351041870539,0.0718824055263003,0.36719250416036,0,0,0,0.174196681888621,1.03610866212271
TCGA-S9-A6TU-01A,0.0364069816185182,0.373321833453119,0.278133047902621,0,0.312138137025742,0,0,0,0.223285614105963,1.01435044082535
TCGA-HT-7616-01A,0.0198533632894372,0.22954138228041,0.442477123651776,0.00349741426743953,0.304630716510937,0,0,0,0.27448011222472,1.04382660594731
TCGA-HT-8010-01A,0.0463516945667898,0.568574226812182,0.315048783657366,0,0.0700252949636625,0,0,0,0.131319252514562,1.066845529001
TCGA-DH-A7UU-01A,0,0.581841858168652,0.273972493325848,0,0.1441856485055,0,0,0,0.172900599477437,1.03322362025364
TCGA-E1-A7Z3-01A,0.0330182178542861,0.406064751968354,0.469714693053957,0,0.0912023371234031,0,0,0,0.199628633003571,1.0981393333924
TCGA-E1-A7YM-01A,0.0739917385757338,0.754362331182678,0.152437373681161,0,0.019208556560427,0,0,0.01,0.0886072455707002,1.04737937268
TCGA-S9-A6WG-01A,0,0.140316417615026,0.515860405437902,0.0765031433849714,0.2673200335621,0,0,0,0.43157083631362,0.97179214471752
TCGA-HW-8319-01A,0.0620946965446703,0.715643080199626,0.136901793656191,0,0.0853604295995118,0,0,0.01,0.0867478420820083,1.04210542021343
TCGA-TM-A84R-01A,0.067279293862127,0.771857159423287,0.160863546714586,0,0,0,0,0.01,0.109099325333477,1.04236785204639
TCGA-DH-A66D-01A,0.0576956309081577,0.390476362424195,0.254695320724229,0,0.297132685943418,0,0,0,0.205688439010517,1.01631400988231
TCGA-S9-A6WP-01A,0.068473996802864,0.485430881294817,0.300731303038118,0,0.145363818864201,0,0,0,0.221116501536416,1.01612324251562
TCGA-DU-A7TB-01A,0.0837313240304352,0.740921475924264,0.1753472000453,0,0,0,0,0.02,0.062199851888879,1.06279945244549
TCGA-DB-A64V-01A,0.0691647424224901,0.36281676691975,0.208285594605936,0,0.359732896051824,0,0,0,0.181466883207895,1.02212263164807
TCGA-HT-8113-01A,0.063749087155342,0.78766597506435,0.148584937780308,0,0,0,0,0.01,0.0782363914632948,1.05335828102439
TCGA-HT-7604-01A,0.0261791722592063,0.689603455592069,0.171929303439159,0,0.112288068709566,0,0,0,0.127272273733695,1.03136453805691
TCGA-FG-A711-01A,0.0680187706645858,0.636383342950205,0.236129396919623,0,0.0594684894655861,0,0,0,0.134743941860095,1.04149061823354
TCGA-FG-A60L-01A,0.0261282589294083,0.44339033985871,0.209867106340971,0,0.320614294870912,0,0,0,0.197323396150154,1.01190325210197
TCGA-E1-5307-01A,0.0668375977303005,0.662421167712393,0.0747797984650146,0,0.164068862089422,0,0.0318925740028699,0.09,0.0414809277957764,1.04995272924254
TCGA-DB-5279-01A,0.0639676926441523,0.727239887564151,0.123358545605703,0.00864132790801833,0.0767925462779755,0,0,0.02,0.0677526765680051,1.04791120187374
TCGA-DU-7018-01A,0.0406585197688941,0.653800446016288,0.305541034214817,0,0,0,0,0,0.17838336881003,1.0445009590458
TCGA-S9-A6TZ-01A,0.019474111517574,0.545267552586932,0.216598434783806,0,0.218659901111688,0,0,0,0.120148419535133,1.04203895267164
TCGA-HT-A61C-01A,0,0.463903928580448,0.345793013514205,0.0155328306065936,0.174770227298754,0,0,0,0.257368290849194,1.0121970147941
TCGA-HT-A5R7-01A,0.0443377532351567,0.654284390464303,0.226014013798382,0,0.0753638425021579,0,0,0,0.145255682460076,1.0345712577036
TCGA-HW-7495-01A,0.0558173754730686,0.69704841778126,0.247134206745672,0,0,0,0,0,0.122342390327685,1.05420329158815
TCGA-HT-7677-01A,0.0512724794924923,0.637456316395488,0.279481164632244,0,0.0317900394797749,0,0,0,0.13791963890649,1.05381159026965
TCGA-F6-A8O3-01A,0.0645818199661075,0.706842094954491,0.228576085079401,0,0,0,0,0.01,0.115862915457411,1.05215080619119
TCGA-P5-A730-01A,0.0255283452642122,0.583546708189513,0.383567698056466,0,0.00735724848980911,0,0,0,0.212493562303948,1.05353251440926
TCGA-DU-A5TY-01A,0,0.315773170089233,0.176310363811855,0.0260103711354113,0.481906094963501,0,0,0,0.192707132673312,1.0243460460574
TCGA-HT-8015-01B,0.0046789347445594,0.437485279454683,0.276689201567849,0,0.281146584232909,0,0,0,0.150477827004336,1.04722857702001
TCGA-DU-6393-01A,0.0460271135215587,0.759849181482524,0.194123704995917,0,0,0,0,0,0.125818132822551,1.04169353847692
TCGA-TQ-A7RS-01A,0.0536748175446507,0.604309660061306,0.342015522394043,0,0,0,0,0,0.164209323207708,1.06379895261226
TCGA-E1-A7YU-01A,0.0422349279598419,0.601487578430871,0.289986487187239,0,0.0662910064220477,0,0,0,0.164950814335595,1.04247245998667
TCGA-CS-5394-01A,0.0624615395136162,0.697666027625699,0.239872432860685,0,0,0,0,0.01,0.107918751098291,1.05853386183506
TCGA-HT-8018-01A,0,0.193189473907238,0.508296906513762,0.0112924982239462,0.287221121355053,0,0,0,0.29239498290772,1.06419152487364
TCGA-HT-7482-01A,0.00568434716781413,0.469476814349633,0.138367512858207,0,0.376334246670248,0,0.0101370789540972,0,0.125855322950299,1.03525714577233
TCGA-E1-A7YY-01A,0.0220201665295387,0.584531729979565,0.331955742813288,0,0.0614923606776085,0,0,0,0.16153916685783,1.05881755395981
TCGA-DU-A5TR-01A,0,0.23670509309614,0.240967357117836,0.00303163383437808,0.509364616684119,0.00993129926752702,0,0,0.399814508896465,0.9278055823854
TCGA-VM-A8CB-01A,0.0938133029742948,0.764606916116789,0.12706937529215,0,0.0145104056167663,0,0,0.01,0.113916054064254,1.0342134417262
TCGA-E1-5311-01A,0.0465200933956776,0.60922646124945,0.344253445354872,0,0,0,0,0,0.146914880743035,1.07399588536159
TCGA-E1-A7Z2-01A,0.0463056451267013,0.772914877268239,0.147492420458523,0.033287057146537,0,0,0,0.01,0.116496496159735,1.0382999305451
TCGA-DB-A75P-01A,0,0.504032540120156,0.377829293092483,0.0804184382608689,0.0377197285264915,0,0,0,0.148632295938549,1.09544865083077
TCGA-TM-A84T-01A,0.0809663166409,0.577637602107043,0.218481293885184,0,0.122914787366873,0,0,0,0.160568144333132,1.02419902478742
TCGA-FG-A4MT-01A,0.0769264350278294,0.674384368589597,0.185730070854375,0,0.0629591255281982,0,0,0,0.14862603111047,1.02518622646029
TCGA-DU-A5TW-01A,0.00243591754922029,0.666242150970493,0.181053319830505,0,0.150268611649782,0,0,0,0.178738830315157,1.01184191547312
TCGA-DU-A6S2-01A,0.0561046084206034,0.736442722277761,0.190173884977871,0,0.0172787843237641,0,0,0.03,0.0562756092808901,1.06776594083286
TCGA-DU-6395-01A,0.0432157860121086,0.510534616323694,0.140420908057114,0,0.305828689607083,0,0,0,0.125159675214574,1.03003747455069
TCGA-FG-8189-01B,0.0831017756492969,0.777917324342815,0.138980900007888,0,0,0,0,0.01,0.0884401692299394,1.04713471642803
TCGA-CS-4941-01A,0.0050482857819251,0.369733039341498,0.204406317304129,0.0513534101385379,0.36945894743391,0,0,0,0.134934993081474,1.04494599659632
TCGA-HT-7684-01A,0.00981153126640808,0.422093560166658,0.321991417281698,0,0.246103491285236,0,0,0,0.179148517297982,1.04618492442357
TCGA-RY-A83Z-01A,0.0538503433695873,0.691474234439736,0.132561936565282,0,0.122113485625394,0,0,0.02,0.0626510661831662,1.0492968799623
TCGA-S9-A6U9-01A,0.0134459557007966,0.253488820546288,0.306969150569256,0,0.426096073183659,0,0,0,0.202109012581538,1.04417370837703
TCGA-DB-A4XH-01A,0.0538453343010635,0.684935074597301,0.261219591101636,0,0,0,0,0,0.140902197885938,1.04945459840244
TCGA-HT-7881-01A,0.094744769583894,0.737229911994107,0.168025318421999,0,0,0,0,0.01,0.093185539718983,1.04861398599373
TCGA-HW-7491-01A,0.0736574418553397,0.719585319304988,0.206757238839672,0,0,0,0,0.01,0.0868543151342779,1.05933289279972
TCGA-DB-A64Q-01A,0.0785629263393077,0.748369197504966,0.136739848018545,0.0363280281371807,0,0,0,0.01,0.0774411716139438,1.05076808082426
TCGA-DU-6542-01A,0.0726296804048808,0.373171871790926,0.162843391670059,0,0.391355056134134,0,0,0,0.201320961872611,1.00861172506545
TCGA-S9-A6WL-01A,0.035966055261261,0.449955324311891,0.503681906663186,0.0103967137636615,0,0,0,0,0.305005908696691,1.04972121699762
TCGA-S9-A6TV-01A,0,0.318770841882366,0.207492565649131,0.0156878846225521,0.458048707845951,0,0,0,0.31603829859821,0.965584261506022
TCGA-S9-A6WQ-01A,0.0696066055105946,0.424880155807074,0.23704034411506,0,0.268472894567272,0,0,0,0.195066700522878,1.01572208510901
TCGA-HT-7472-01A,0.0524590834867412,0.314658196935892,0.226796220157295,0,0.406086499420072,0,0,0,0.177524655432944,1.0323528575494
TCGA-E1-A7YE-01A,0,0.169835881706402,0.3030588004062,0,0.527105317887398,0,0,0,0.307870806547661,0.995726129092208
TCGA-CS-5393-01A,0.083560495819408,0.454942432872917,0.231233321948915,0,0.23026374935876,0,0,0,0.139343324916747,1.03742647439804
TCGA-HT-7858-01A,0.0757572903501442,0.379115327198343,0.171837917979077,0,0.373289464472436,0,0,0,0.174793862614232,1.01986985267028
TCGA-DU-A76L-01A,0,0.226592700900191,0.371860738496856,0.172575674785499,0.228970885817454,0,0,0,0.364809616524381,0.976360641492021
TCGA-FG-8188-01A,0.0102721352843811,0.534888392462019,0.20754267064176,0,0.24729680161184,0,0,0,0.148558034352342,1.0291391316374
TCGA-HT-7480-01A,0.0841052151026071,0.636411315767917,0.262379048292217,0.0171044208372583,0,0,0,0,0.136850207169993,1.05128669312853
TCGA-FG-5965-01B,0.0397398596831039,0.442795610765545,0.273679400391467,0,0.243785129159884,0,0,0.01,0.0800454151994155,1.07667774551895
TCGA-W9-A837-01A,0.0941876335965141,0.658687868817426,0.24712449758606,0,0,0,0,0,0.123937735912996,1.05215490764024
TCGA-HT-7485-01A,0.0873313398517901,0.638805033631678,0.0850418939423397,0,0.188821732574192,0,0,0.07,0.0463321221541922,1.04905229115841
TCGA-HT-8011-01A,0.0478316976280675,0.684085882298964,0.218094185576903,0,0.0499882344960656,0,0,0,0.176707794265184,1.02043215855084
TCGA-DU-A7TC-01A,0.102915611734885,0.739347858075983,0.130815723262047,0,0.0269208069270841,0,0,0,0.121083541886501,1.03050667736987
TCGA-DU-A76R-01A,0.104399704095986,0.60179157412885,0.228197682672175,0.0656110391029891,0,0,0,0,0.120981590285414,1.05166475654403
TCGA-DH-5140-01A,0.0306082311420899,0.704861894469926,0.0906055825525656,0.173924291835418,0,0,0,0,0.164653838729546,1.01891162052847
TCGA-TM-A84F-01A,0,0.28521498865651,0.215789705645008,0,0.484964512600336,0.0140307930981462,0,0,0.191145491239141,1.03252957463746
TCGA-HT-8563-01A,0,0.0242028605369171,0.191789207958841,0.0359213105739804,0.748086620930261,0,0,0,0.344338063251321,0.988390914695434
TCGA-HT-7691-01A,0.00472039673309574,0.282802894053227,0.275945161308641,0.026534007602414,0.409997540302622,0,0,0,0.245877552358609,1.01164468280533
TCGA-P5-A72X-01A,0.0267978357774857,0.465171715592543,0.465880198920033,0.0365499753942676,0.00560027431567046,0,0,0,0.206076568101166,1.10016385758078
TCGA-HT-8108-01A,0.0930649910435685,0.398507761252661,0.178249866357493,0,0.330177381346277,0,0,0,0.122549871677211,1.03956513050244
TCGA-S9-A7J1-01A,0.0737082155702668,0.531713606931079,0.303982992324333,0,0.0905951851743211,0,0,0,0.130277914832501,1.06224215207491
TCGA-HT-A5R5-01A,0.0205081868273812,0.336103620346638,0.190788531511737,0.0109354479580071,0.441664213356237,0,0,0,0.125299158608883,1.05254949234871
TCGA-P5-A781-01A,0.0682920979049677,0.693538560903655,0.238169341191377,0,0,0,0,0.01,0.104242686701951,1.05948860902071
TCGA-FN-7833-01A,0,0.330862788664121,0.0967557915818548,0,0.572381419754024,0,0,0,0.237340498420203,1.00542696937505
TCGA-E1-A7YV-01A,0.0176483854803586,0.698636273592089,0.279062550118415,0.00465279080913763,0,0,0,0,0.177764531701797,1.03837620008142
TCGA-TQ-A7RM-01A,0.00296487424596202,0.805984878989266,0.191050246764772,0,0,0,0,0,0.184668343372768,1.01817696286345
TCGA-DU-5849-01A,0.0735371414724482,0.691744456769072,0.169732321756037,0.0043726106784915,0.0606134693239511,0,0,0,0.121149117897517,1.03399468067067
TCGA-TQ-A8XE-01A,0.0694901284583045,0.693804246823474,0.141387101145107,0,0.0953185235731141,0,0,0.01,0.114712715056051,1.03127587297618
TCGA-S9-A6WO-01A,0.0572717425736417,0.450518046380197,0.153563473834137,0,0.338646737212024,0,0,0,0.128542959521593,1.03295161362218
TCGA-DU-A7TD-01A,0,0.293643369297058,0.279438364474569,0,0.426918266228374,0,0,0,0.174598979257774,1.04953795983314
TCGA-TM-A84G-01A,0.0365660555417644,0.759960979947971,0.203472964510265,0,0,0,0,0.01,0.101508695407877,1.05437229276922
TCGA-DB-5273-01A,0.0432772003576059,0.444278994522496,0.230845581320528,0.0137971875852115,0.267801036214159,0,0,0,0.235382109059007,0.996490755320121
TCGA-DB-A4XB-01A,0.0139385455303015,0.72515791720683,0.140849341079747,0,0.119125494596417,0,0.000928701586704144,0.01,0.109730380465782,1.03450260896438
TCGA-HT-7620-01A,0.0790494396746373,0.607251714705614,0.239102204523215,0,0.0745966410965337,0,0,0.01,0.0948534513623171,1.05858137647467
TCGA-TM-A84B-01A,0.0383999226073069,0.556819850374523,0.377144573977171,0.0276356530409988,0,0,0,0,0.133053330939816,1.09813462890704
TCGA-TM-A7CF-01A,0.0705739867706912,0.758797675806316,0.170628337422993,0,0,0,0,0.01,0.10545340879335,1.04509128820018
TCGA-FG-5964-01A,0.0840238729080221,0.465836787921618,0.255512392619543,0,0.194626946550817,0,0,0,0.189193645320492,1.02015608148326
TCGA-DU-5874-01A,0.0468540663968373,0.621450226421214,0.331695707181949,0,0,0,0,0,0.185776552576212,1.04893632297869
TCGA-DU-A5TT-01A,0.0889326092920805,0.582530664712744,0.158523174270909,0.0183297897420666,0.1516837619822,0,0,0,0.125801692939897,1.0275974452607
TCGA-HT-7695-01A,0.0427166549526864,0.72728976703193,0.218753415574328,0,0.0112401624410557,0,0,0.01,0.114683706329442,1.05050293461128
TCGA-S9-A7R2-01A,0.0530072418585021,0.42575586490781,0.161481329060681,0,0.359755564173007,0,0,0,0.175489833118315,1.01642857430798
TCGA-DU-8164-01A,0.059094518355729,0.806422706524073,0.134482775120198,0,0,0,0,0.02,0.0677056352543654,1.05616961072789
TCGA-TQ-A7RF-01A,0.0797963324816456,0.63041632349915,0.225174136780443,0,0.0646132072387609,0,0,0,0.187490917719779,1.01551413167563
TCGA-FG-6692-01A,0,0.488178596908703,0.392100683916855,0.0344133136810567,0.0853074054933855,0,0,0,0.199291074922934,1.0650467545816
TCGA-DU-7013-01A,0,0.524066236127331,0.332183489872144,0,0.143750274000525,0,0,0,0.160248591343476,1.05789886380206
TCGA-P5-A733-01A,0,0.735489228957702,0.200989266150498,0,0.0635215048918002,0,0,0,0.121341322240814,1.04252627797155
TCGA-CS-4938-01B,0.0265853975761975,0.638604045070098,0.176514667198689,0,0.158295890155016,0,0,0.01,0.11130188342604,1.03724186222882
TCGA-DB-A64O-01A,0.056501323122058,0.492673323269665,0.208850691491124,0.0427271173667094,0.199247544750443,0,0,0,0.158326537551092,1.0251452720387
TCGA-HW-8320-01A,0.0619652539453486,0.538258701041868,0.164078012460621,0,0.235698032552162,0,0,0,0.138760850831545,1.02457447879062
TCGA-HT-7694-01A,0.048783549039044,0.749413951168949,0.201802499792007,0,0,0,0,0.01,0.114624996654634,1.0477340424947
TCGA-P5-A77W-01A,0.075912498266628,0.731353537825809,0.192733963907563,0,0,0,0,0,0.151240304159145,1.0292505788332
TCGA-HT-7473-01A,0.00882499515167016,0.208978378011265,0.124885178633449,0.000806573888468642,0.656504874315147,0,0,0,0.179662059337521,1.05351053984806
TCGA-CS-5396-01A,0.0707587301201603,0.538816329555304,0.338436992983459,0,0.0519879473410767,0,0,0.01,0.099690410091492,1.09212014244471
TCGA-CS-6669-01A,0.0886981570056973,0.794898304022548,0.116403538971755,0,0,0,0,0.01,0.0789825037039777,1.04839416186944
TCGA-FG-A70Y-01A,0.0452320294423808,0.482844559328538,0.259614465954747,0,0.212308945274335,0,0,0,0.163170692213893,1.03342859874372
TCGA-FG-8185-01A,0.0175472349228763,0.662744519843289,0.230653450103985,0,0.0890547951298497,0,0,0,0.157020239240125,1.03085429484136
TCGA-QH-A6CY-01A,0.0532599882615523,0.722662363875224,0.20798285203456,0,0.0160947958286643,0,0,0.01,0.108834322375508,1.04979434519322
TCGA-S9-A6WE-01A,0.145563993391876,0.55549989318745,0.279001665288189,0,0.0199344481324844,0,0,0,0.14619691748244,1.04915212958333
TCGA-HT-7875-01A,0.120407193445479,0.68104720278065,0.198545603773871,0,0,0,0,0.01,0.0974801045745097,1.05160597718353
TCGA-DU-A5TS-01A,0.0333255651336737,0.580326306501832,0.291154069614402,0,0.0951940587500921,0,0,0,0.177034499015012,1.03615962032522
TCGA-CS-6668-01A,0.0855300909123465,0.80035576287102,0.114114146216633,0,0,0,0,0.01,0.076161496829944,1.04947138835645
TCGA-DB-A4XA-01A,0.0609134301706794,0.495516914590034,0.336586814685558,0,0.106982840553729,0,0,0,0.178362637230656,1.04963506540406
TCGA-P5-A5EZ-01A,0.051520141832738,0.5850782644642,0.210768891691312,0,0.152632702011749,0,0,0,0.171937514123144,1.0179986238334
TCGA-DU-5855-01A,0.0501579593167948,0.305020589705927,0.306094844025776,0,0.338726606951503,0,0,0,0.211984500657332,1.03037224861273
TCGA-HW-A5KJ-01A,0.008252022879905,0.598936180433014,0.392811796687081,0,0,0,0,0,0.205262020706072,1.06257316232237
TCGA-R8-A6MK-01A,0.0642713105691441,0.732269033060796,0.19856500220833,0,0.00489465416172985,0,0,0.01,0.102635190664081,1.05096794910673
TCGA-DH-A7UR-01A,0.0182415017592509,0.578095793523744,0.403662704717005,0,0,0,0,0,0.265877328840872,1.03041838545396
TCGA-HT-7680-01A,0.00404654655387361,0.329605331290361,0.171962232424195,0.0690611018790565,0.418178781500837,0,0.00714600635167703,0.01,0.105147017430803,1.05793831086103
TCGA-WY-A85D-01A,0.032486284375132,0.610489822971553,0.130407370631653,0,0.226616522021662,0,0,0.01,0.104091407845698,1.0337295444885
TCGA-FG-A4MU-01B,0,0.281863963002616,0.3161175581446,0.121071796605938,0.280946682246846,0,0,0,0.324712769731248,0.978834343736462
TCGA-S9-A6TY-01A,0.0843039391173625,0.795601864200573,0.120094196682064,0,0,0,0,0.01,0.100990523519188,1.04037020184649
TCGA-DU-7309-01A,0.0403539234019214,0.592477915843414,0.199289152911012,0,0.167879007843653,0,0,0.01,0.112108938590223,1.04064381541857
TCGA-TQ-A7RN-01A,0.0758390647683887,0.566445077851931,0.311527869750734,0.0461879876289456,0,0,0,0,0.180190784032195,1.0476085234308
TCGA-HT-A615-01A,0.0584247182504351,0.508355360913018,0.182422985109903,0,0.250796935726644,0,0,0,0.138996512613687,1.02798879964535
TCGA-E1-A7YL-01A,0.00579020611359482,0.33131317061939,0.246403150258069,0.077505495249079,0.338987977759867,0,0,0,0.253153582043361,0.998791160754483
TCGA-DH-A66B-01A,0,0.4275107954537,0.163421406893375,0,0.409067797652925,0,0,0,0.225578827002243,0.998784366709451
TCGA-TQ-A7RW-01A,0.176246634978905,0.291879729179265,0.166409852196245,0,0.365463783645585,0,0,0,0.170477544871204,1.02434287012855
TCGA-QH-A86X-01A,0.0302876502570673,0.524084076554345,0.268057843627924,0.10172136054855,0.0758490690121135,0,0,0,0.148600771893038,1.05176120164668
TCGA-DB-A4XF-01A,0.0461205508456754,0.487272258514343,0.359924525903206,0,0.106682664736776,0,0,0,0.231473825408452,1.02972553437029
TCGA-HT-7605-01A,0.0919037269192222,0.647765815806052,0.20241923434371,0.00639912493056108,0.0515120980004543,0,0,0.01,0.108562525047786,1.04498666313459
TCGA-TQ-A7RK-01A,0.0551472491612432,0.713481280701251,0.146567905648654,0,0.0848035644888513,0,0,0,0.17562071753583,1.00911421314163
TCGA-E1-A7YK-01A,0,0.304620752712925,0.194281301609657,0,0.501097945677418,0,0,0,0.247540054542588,1.00210238952039
TCGA-CS-5397-01A,0.013209529827987,0.478139810594987,0.227854514098294,0.0693037050449384,0.211492440433793,0,0,0,0.229072844739901,1.00009010450667
TCGA-DU-5853-01A,0.0323411676198884,0.429642225614781,0.183497270903434,0,0.354519335861896,0,0,0,0.131770922663242,1.03789227414652
TCGA-HT-7902-01A,0.0299798291055391,0.674022742715205,0.229430717961401,0,0.0665667102178548,0,0,0.01,0.097817391719708,1.05686177439033
TCGA-HT-7479-01A,0.0341918821178423,0.395492733452196,0.251772071077017,0,0.313117431509819,0,0.00542588184312543,0,0.152205501263168,1.04142020654489
TCGA-HT-7477-01B,0,0.631866397938185,0.293015621788048,0,0.0751179802737676,0,0,0,0.323373827727707,0.964294183805488
TCGA-TM-A84O-01A,0.0454646516433418,0.522428364860012,0.337198806964424,0.0391479216177679,0.055760254914455,0,0,0,0.188863379444005,1.0492057456988
TCGA-DH-5141-01A,0.0325112749052862,0.594224744332418,0.337034239340013,0,0.0362297414222827,0,0,0,0.152264671513465,1.06647088419561
TCGA-FG-8186-01A,0.0415446898472281,0.454955471380769,0.207546511654474,0,0.295953327117529,0,0,0,0.128654785790807,1.03961596130051
TCGA-HT-8012-01A,0.107240920059484,0.545543504644207,0.310998711683578,0,0.0362168636127311,0,0,0,0.147460138123392,1.05813052454903
TCGA-HT-7686-01A,0.0209734379151896,0.284270097935078,0.216460166250965,0,0.478296297898768,0,0,0,0.251574328809251,1.00157800254846
TCGA-HT-7475-01A,0.0929703128619195,0.770825398572284,0.136204288565797,0,0,0,0,0.01,0.0832579614689364,1.04839242517761
TCGA-FG-A87Q-01A,0.0215317806044027,0.262608602957164,0.318032872507677,0,0.397826743930756,0,0,0,0.216146733440759,1.03715890482312
TCGA-S9-A6TX-01A,0.0721342633835274,0.518722672307487,0.409143064308985,0,0,0,0,0,0.176153172604817,1.08503454508052
TCGA-HT-8013-01A,0,0.293425993324875,0.15118196706168,0,0.555392039613445,0,0,0,0.308020927661975,0.972063929379428
TCGA-TM-A7C4-01A,0.0469315870339916,0.764542294066328,0.187187169694323,0,0.00133894920535742,0,0,0.01,0.111374788304054,1.04643136065135
TCGA-DH-5143-01A,0.0201458073559206,0.573990015509241,0.168327164073727,0,0.237537013061112,0,0,0.01,0.115987730836844,1.03483035699352
TCGA-HT-7606-01A,0.0364929552204927,0.7657944569099,0.197712587869607,0,0,0,0,0,0.168691543266046,1.02428447076531
TCGA-WY-A859-01A,0.056599085455582,0.742537087341581,0.200863827202837,0,0,0,0,0,0.147730453108174,1.03294215314046
TCGA-HT-7483-01A,0.0103458785377692,0.569544640244398,0.299386331625965,0.0276415862093734,0.0930815633824943,0,0,0,0.21397977726977,1.02243819175636
TCGA-VW-A7QS-01A,0.0749925656457484,0.720579918409267,0.114695928680994,0.089731587263991,0,0,0,0,0.13933242259572,1.02503530756209
TCGA-P5-A5EV-01A,0.117900934983164,0.605615579607798,0.210528691228057,0,0.0659547941809817,0,0,0,0.132058724181436,1.03576548231664
TCGA-DU-6400-01A,0.0686024916286508,0.77970359052398,0.151693917847369,0,0,0,0,0.01,0.112604905648434,1.03970938477085
TCGA-VV-A86M-01A,0.106362631452498,0.477992122037225,0.202364558758982,0,0.213280687751296,0,0,0,0.237101384211276,0.989389575601773
TCGA-QH-A6X9-01A,0.0381341790189571,0.689180492946973,0.178627135529728,0,0.0940581925043419,0,0,0.01,0.105342847118096,1.04138641480724
TCGA-HT-A618-01A,0.0189635174613968,0.351583630358705,0.180790432006553,0,0.448662420173345,0,0,0,0.22329749637452,1.00601302630465
TCGA-FG-6691-01A,0.00669253655258582,0.241695205228511,0.158124503697627,0,0.593487754521277,0,0,0,0.184088467599131,1.04279201523451
TCGA-S9-A6WI-01A,0.0413186974178087,0.773861534885825,0.158796448996163,0,0.0260233187002033,0,0,0.01,0.118047617830515,1.03758535356694
TCGA-DU-7011-01A,0,0.274213408702539,0.302118021442817,0.0170767316824155,0.406591838172229,0,0,0,0.225857711494952,1.02868444849459
TCGA-DU-6405-01A,0.0028979057915176,0.621766654535907,0.171181361645378,0.0431413812216441,0.161012696805553,0,0,0,0.135735757809259,1.02805893152914
TCGA-HT-7609-01A,0.0408034659865392,0.47463637702445,0.193261757314518,0,0.291298399674494,0,0,0,0.159723822395447,1.02335628714742
TCGA-TM-A84S-01A,0.112736253262093,0.498338474475946,0.214190012729468,0.0648762302753082,0.109859029257186,0,0,0,0.159830818768853,1.02684658172777
TCGA-DU-8168-01A,0.0779462558166309,0.765831642343041,0.156222101840328,0,0,0,0,0.01,0.107913320104877,1.04171034424805
TCGA-FG-A87N-01A,0,0.63121214871783,0.299990095339383,0,0.0687977559427873,0,0,0,0.238430514342663,1.01006573843497
TCGA-DB-5278-01A,0.102623756031045,0.560809233101582,0.283674174166271,0.0160579084629936,0.036834928238107,0,0,0,0.147413461288764,1.05009890324078
TCGA-FG-A4MY-01A,0.00268760614057273,0.625803718162252,0.28727389485512,0,0.0842347808420554,0,0,0,0.189881770930602,1.03021298825988
TCGA-E1-A7YN-01A,0,0.10605987142115,0.219279180141434,0,0.660617090736083,0,0.0140438577013333,0,0.276349209279599,1.01718885129932
TCGA-DU-7010-01A,0,0.717416685601109,0.237543375354262,0,0.0450399390446291,0,0,0,0.153609896001614,1.03712952792786
TCGA-S9-A7J0-01A,0.0203049772565018,0.841139881053973,0.121436585657236,0,0.017118556032289,0,0,0,0.221722272975764,0.993724631324182
TCGA-WY-A85A-01A,0.0709250669035267,0.633350554206278,0.183911204988124,0,0.111813173902071,0,0,0.01,0.115594710373787,1.03646916672325
TCGA-TQ-A7RQ-01A,0.110830985813673,0.714699312028246,0.174469702158081,0,0,0,0,0.01,0.0915286252024729,1.04977668431244
TCGA-HT-7873-01B,0.0642129827209415,0.545765404808402,0.247908556849897,0,0.14211305562076,0,0,0,0.1394176186068,1.04012998708531
TCGA-DU-8167-01A,0,0.374590348230756,0.257164388574341,0,0.368245263194904,0,0,0,0.235917136711441,1.00678122171256
TCGA-S9-A6U2-01A,0.14126275687846,0.463642839060092,0.217727214127023,0.070798140464966,0.106569049469458,0,0,0,0.121628112302132,1.04521328983829
TCGA-S9-A7IQ-01A,0.0587886916789623,0.809296689837452,0.131914618483586,0,0,0,0,0.01,0.104956340507733,1.04121179874657
TCGA-HW-7487-01A,0.0868644413084658,0.734399565961097,0.178735992730437,0,0,0,0,0.01,0.108515067362935,1.04440280721829
TCGA-FG-5963-01A,0,0.255601380982184,0.290945697996672,0.0341274415029896,0.419325479518154,0,0,0,0.264350855917278,1.00724058824504
TCGA-HT-A5RA-01A,0,0.428815698598948,0.383677935787573,0.103839712199731,0.0836666534137482,0,0,0,0.231029300415159,1.05224685193921
TCGA-HT-A4DV-01A,0.0488541823333591,0.620212713470008,0.270851094908507,0,0.0600820092881266,0,0,0,0.130307953169682,1.0532533101323
TCGA-DH-A66G-01A,0,0.33426479465047,0.277502087012284,0,0.388233118337246,0,0,0,0.197528804575679,1.03294380805464
TCGA-DU-7015-01A,0.0263416806750188,0.367649433279989,0.153119686503428,0,0.452889199541564,0,0,0,0.132843294737042,1.0433634258379
TCGA-R8-A73M-01A,0.0613560122639357,0.715206172980156,0.217352570912354,0,0.00608524384355461,0,0,0,0.125116713530478,1.04521575168569
TCGA-TQ-A7RJ-01A,0.0997218693748367,0.474335369287333,0.239294592115925,0,0.186648169221905,0,0,0,0.142300368534726,1.0369995117159
TCGA-DU-A7TJ-01A,0,0.485644046321874,0.317229405865435,0.0609613016076693,0.136165246205022,0,0,0,0.145643733905763,1.06529969656417
TCGA-TM-A84C-01A,0,0.2951072277097,0.373918514321635,0.111251621132346,0.21972263683632,0,0,0,0.294253590373899,1.01231143479525
TCGA-DB-5280-01A,0.0783141134977584,0.640885020755196,0.220869111422505,0,0.0599317543245405,0,0,0,0.123858864456689,1.04235810234912
TCGA-TQ-A7RH-01A,0.00754674671080482,0.405182613532733,0.282945682248467,0,0.304324957507996,0,0,0,0.202157837390538,1.02546575534872
TCGA-RY-A847-01A,0.0959346389626633,0.45277808049783,0.260942690793283,0,0.190344589746223,0,0,0,0.133292599865892,1.04698052944908
TCGA-HW-A5KL-01A,0.140997738212516,0.541987222651733,0.171566691188177,0,0.145448347947574,0,0,0.01,0.114554072414181,1.03393720505611
TCGA-DU-8163-01A,0.0572618539600125,0.339453185939337,0.19457627122796,0,0.408708688872691,0,0,0,0.145791877427553,1.04021493496524
TCGA-HT-7603-01A,0.0601385572232657,0.754501422061058,0.161655296955219,0,0.0237047237604581,0,0,0.01,0.109011441800675,1.0407975847449
TCGA-HT-8105-01A,0.0295468992370999,0.563428760525658,0.313716720605784,0,0.0933076196314574,0,0,0,0.186511603632301,1.03849723924277
TCGA-P5-A72W-01A,0.0450063260792065,0.734372546122268,0.136206015552129,0.00465130426470624,0.0797638079816907,0,0,0,0.175314524819513,1.00879393322613
TCGA-DB-5281-01A,0.00924647285566068,0.526159632005381,0.390525939261997,0,0.0740679558769615,0,0,0,0.271639021579994,1.01896872350798
TCGA-DB-A64S-01A,0,0.354897362141922,0.182681712328914,0,0.462420925529164,0,0,0,0.218660682445135,1.00978522194546
TCGA-HT-8109-01A,0.0622893964269631,0.589647852707436,0.232811388497085,0,0.115251362368515,0,0,0,0.121045813225602,1.04468863568834
TCGA-WY-A85B-01A,0.0494902755127719,0.471994240066922,0.104321029297551,0,0.374194455122756,0,0,0,0.212936831351102,0.996320001890396
TCGA-E1-5302-01A,0.0546897401170522,0.423374501881549,0.204421869992068,0,0.31751388800933,0,0,0,0.188005994903335,1.0149394186505
TCGA-DB-5275-01A,0.0318903084692508,0.564717108918209,0.195052036971346,0,0.208340545641193,0,0,0,0.135445505576554,1.03080035103515
TCGA-E1-A7YJ-01A,0.0242614482823599,0.471703708724728,0.279681058998065,0,0.224353783994847,0,0,0,0.233229425222654,1.00595149824474
TCGA-FG-6688-01A,0.0231878691147734,0.407715120852114,0.211387424448566,0.0297034872694369,0.32800609831511,0,0,0,0.153471853837188,1.03331170162568
TCGA-TM-A84M-01A,0.0699115318672328,0.757069156479067,0.15696567132129,0.0160536403324101,0,0,0,0,0.119601935961975,1.03718888123257
TCGA-HT-A617-01A,0,0.358267507733125,0.232126191583688,0.0992512109927617,0.310355089690425,0,0,0,0.279601102262701,0.982681062680592
TCGA-CS-5390-01A,0.0638175020434251,0.734885368579961,0.201297129376614,0,0,0,0,0,0.142742168527723,1.03484954316511
TCGA-CS-6188-01A,0,0.340523212914477,0.454309698710559,0.0309991721670084,0.174167916207956,0,0,0,0.33072871260737,1.00903850895498
TCGA-QH-A6CU-01A,0,0.521434608493539,0.248291106445774,0,0.230274285060687,0,0,0,0.149043953446275,1.03790671051717
TCGA-S9-A89Z-01A,0.00217787086407966,0.382658508094518,0.284482762929742,0,0.33068085811166,0,0,0,0.356231479594768,0.947716731367427
TCGA-VM-A8CF-01A,0.0587062418470412,0.376042099788677,0.194510202539895,0,0.370741455824386,0,0,0,0.284655692846534,0.973327574488614
TCGA-DU-A5TP-01A,0,0.338115250739888,0.122438951930335,0,0.539445797329776,0,0,0,0.323474958165421,0.960225077118959
TCGA-S9-A7IS-01A,0.0202505785672717,0.736903177555269,0.213905472796467,0,0.0289407710809928,0,0,0,0.141666441172755,1.03752688671903
TCGA-VM-A8C8-01A,0.0446782687137682,0.554552868087306,0.110696250802398,0,0.290072612396528,0,0,0.01,0.114839459194038,1.0299231483173
TCGA-DB-A4XG-01A,0.0805911180526392,0.737023621426771,0.18238526052059,0,0,0,0,0.01,0.110666094654836,1.04437956815193
TCGA-S9-A6TS-01A,0.0581039621603507,0.546260942295421,0.265053389703758,0,0.13058170584047,0,0,0,0.164042262574442,1.03377903215093
TCGA-HT-7690-01A,0,0.381169620626925,0.325879389007631,0.0192361658751625,0.273714824490282,0,0,0,0.28036134625535,0.996507664346651
TCGA-DU-8166-01A,0.0280021477979118,0.51534056516282,0.142142973144508,0,0.31451431389476,0,0,0.01,0.0916705935768212,1.04400419812792
TCGA-HT-7476-01A,0.0190075312089834,0.500698154094928,0.400511625750506,0.0153320837602876,0.0644506051852956,0,0,0,0.206994681083488,1.06244464097589
TCGA-DU-6401-01A,0.00770835495585408,0.357671763357674,0.448564534360385,0,0.186055347326087,0,0,0,0.219124169330304,1.07534378077636
TCGA-DH-5142-01A,0,0.379275142507976,0.128637269875156,0,0.492087587616869,0,0,0,0.231593100999439,1.00038914040653
TCGA-DU-6404-01A,0.0193994426150362,0.553840238130029,0.349276571620466,0.059788742482908,0.0176950051515609,0,0,0,0.15349224120533,1.07770425984622
TCGA-HT-A614-01A,0.08860733312449,0.599386445200418,0.223137532791486,0,0.0888686888836062,0,0,0,0.143261694385844,1.0332299627254
TCGA-DB-A4X9-01A,0.101400383909693,0.607663127186499,0.166121319038268,0,0.124815169865539,0,0,0.01,0.102757021993707,1.03767085856902
TCGA-DH-A7UT-01A,0.0290254023160728,0.493053018413813,0.303170459200809,0,0.174751120069305,0,0,0,0.203012934012025,1.02621180357902
TCGA-QH-A6CW-01A,0.0517619381063856,0.449050592286655,0.193551931652664,0,0.305635537954295,0,0,0,0.167243464577577,1.02111028274549
TCGA-FG-A4MW-01A,0.00910127079443819,0.504629486331747,0.355639294644934,0.0701505344175274,0.0604794138113539,0,0,0,0.217679985042442,1.04426214508108
TCGA-P5-A5ET-01A,0.0601520665874585,0.665169885014474,0.241878879746956,0.0327991686511112,0,0,0,0,0.137212686264482,1.04699678466079
TCGA-TM-A84Q-01A,0.0291196744908781,0.498832293484557,0.173828081678624,0,0.298219950345941,0,0,0,0.226287397630559,0.992840274854763
TCGA-DH-5144-01A,0.0303770847747421,0.700112143040002,0.230489510833938,0,0.0390212613513183,0,0,0,0.144495734081143,1.03848368761396
TCGA-E1-5303-01A,0.0487244818475317,0.353060237131216,0.167571669416879,0,0.430643611604373,0,0,0,0.176041173816503,1.02410577385154
TCGA-TQ-A7RP-01A,0,0.475914838898985,0.37980069698917,0.0249902624643273,0.119294201647518,0,0,0,0.155464999517267,1.08250106427714
TCGA-E1-5318-01A,0.0501317018924137,0.380559501961867,0.569308796145719,0,0,0,0,0,0.255303861434109,1.12150492821632
TCGA-S9-A7QY-01A,0.0570746050072625,0.702084173213703,0.240841221779035,0,0,0,0,0,0.140636471980677,1.04429672600819
TCGA-FG-5962-01B,0.0470314655750736,0.744095542864987,0.158811532203567,0,0.0500614593563724,0,0,0.01,0.0983142133205951,1.04330863463359
TCGA-DB-A75K-01A,0.00294242972507092,0.406645810254597,0.353464572523121,0,0.236947187497211,0,0,0,0.188921522987712,1.0522841420684
TCGA-RY-A845-01A,0.095597112409092,0.606796807910321,0.163370085238379,0,0.134235994442208,0,0,0.01,0.105555258489145,1.03606876865195
TCGA-DU-7012-01A,0,0.113679081336806,0.0687463694972148,0.220649398125744,0.596925151040236,0,0,0,0.153443866966639,1.06827179605014
TCGA-HT-A619-01A,0.0507198495284379,0.607402903293723,0.341877247177839,0,0,0,0,0,0.203325922086908,1.04294812093521
TCGA-DU-6397-01A,0.0525315122710027,0.504135000844109,0.35259064129808,0.00821572107695689,0.0825271245098513,0,0,0,0.168529692214725,1.06212250964568
TCGA-DU-A7T6-01A,0.0158724195913402,0.637784160600472,0.313804276717907,0.0307150636410164,0.00182407944926432,0,0,0,0.22033836871571,1.02772979206942
TCGA-E1-A7Z6-01A,0.0666209160990058,0.572877838236923,0.232122611981747,0,0.128378633682325,0,0,0.01,0.115926139989291,1.04637066417855
TCGA-DU-7007-01A,0,0.406514987516559,0.26330002215863,0.0550274804479325,0.275157509876878,0,0,0,0.306886857098963,0.970321633940852
TCGA-WH-A86K-01A,0.0364240542464411,0.621171070890116,0.275678790726768,0,0.0667260841366751,0,0,0,0.154625912198651,1.04339337829024
TCGA-DU-7008-01A,0.0728618448732844,0.739819082815452,0.15440461476838,0,0.0329144575428841,0,0,0.01,0.10758823464738,1.03909130973682
TCGA-HT-7693-01A,0.0280362769309167,0.383356337375479,0.323868574531121,0,0.264738811162483,0,0,0,0.233665960530952,1.01933641286116
TCGA-IK-7675-01A,0.0379969028773872,0.748014326299281,0.159126953846427,0,0.0548618169769049,0,0,0.01,0.10758779609094,1.03981810475281
TCGA-S9-A7R3-01A,0.053855377678102,0.4841383203236,0.244896903962355,0,0.217109398035943,0,0,0,0.159957251616471,1.03119021200167
TCGA-HT-7688-01A,0.0460349397803458,0.739446832146934,0.156920239592477,0,0.0575979884802439,0,0,0.01,0.118305785616633,1.03468602802872
TCGA-DH-A7US-01A,0.102741817243408,0.592338161970951,0.29471257244727,0,0.0102074483383713,0,0,0,0.154736824314135,1.05060940983545
TCGA-DU-7302-01A,0.0614202831983685,0.716879315634131,0.221700401167501,0,0,0,0,0,0.13184230400137,1.04370950979766
TCGA-KT-A74X-01A,0.0453303283408308,0.701857854343454,0.198668647852559,0,0.0541431694631565,0,0,0.01,0.110594324703951,1.04475682048883
TCGA-CS-6186-01A,0.0319069385669686,0.670887825076923,0.191066639994825,0,0.106138596361284,0,0,0.01,0.0823226504655105,1.05260638149494
TCGA-HW-8321-01A,0.00710281225044892,0.437755449796644,0.365791488422099,0,0.189350249530809,0,0,0,0.243491838614778,1.0255619339681
TCGA-HT-A74J-01A,0.0406235379803685,0.612792319933542,0.277584514464442,0,0.0689996276216471,0,0,0,0.154160360893245,1.04391786238343
TCGA-R8-A6ML-01A,0.0877053642166811,0.725028451424904,0.187266184358415,0,0,0,0,0.01,0.0960376845965924,1.05099988113144
TCGA-DU-6407-01A,0.0618127982508539,0.583862724423178,0.25675050007525,0,0.0975739772507178,0,0,0,0.154788548784414,1.03638792654834
TCGA-S9-A89V-01A,0.0201320925401589,0.448140460326803,0.391414894745492,0,0.140312552387545,0,0,0,0.16051602592464,1.08185004795352
TCGA-HT-7481-01A,0.0399821575205273,0.723482615853116,0.236535226626357,0,0,0,0,0.01,0.117963116906134,1.05428601849188
TCGA-DU-A76O-01A,0.0616063868878974,0.384347139219552,0.187111926617727,0,0.366934547274824,0,0,0,0.162083231227548,1.02710343960003
TCGA-HT-7877-01A,0.0860189914939976,0.613115873432555,0.300865135073447,0,0,0,0,0,0.141463095612378,1.06006378733081
TCGA-TM-A7C5-01A,0.0999075042927349,0.673741568351012,0.222476680736727,0,0.00387424661952642,0,0,0,0.139585399232195,1.03887755393559
TCGA-DU-5854-01A,0,0.224071750981435,0.505840856259787,0.0161010399280413,0.253986352830737,0,0,0,0.292956010828872,1.06105769440302
TCGA-DU-A7T8-01A,0.0270138969801079,0.452099158691898,0.108847606455704,0.101330298019651,0.310709039852639,0,0,0,0.141155009491138,1.02364110026827
TCGA-DU-7019-01A,0.0127305734506157,0.46682204847879,0.34149094896707,0,0.178956429103524,0,0,0,0.173464933786446,1.05432808970824
TCGA-DU-7299-01A,0.0299603833853453,0.576792447017914,0.197291994401785,0,0.195955175194955,0,0,0,0.126514855785226,1.03474584258414
TCGA-DU-7006-01A,0,0.26130847621118,0.244129859372317,0.128066226884384,0.366495437532118,0,0,0,0.312140753556581,0.974286541974955
TCGA-S9-A6WH-01A,0.0509901209395648,0.752979574795319,0.181960893876794,0,0.0140694103883222,0,0,0.01,0.116849212415424,1.04191140317689
TCGA-S9-A7QX-01A,0.0391736403003812,0.596762430326888,0.166335625968522,0,0.197728303404209,0,0,0,0.181655989338824,1.00750015308814
TCGA-P5-A736-01A,0.013618858402989,0.325362080156524,0.250036253454619,0,0.410982807985868,0,0,0,0.192678553998093,1.03048203395289
TCGA-DB-A64U-01A,0.0941610153110365,0.588542213539548,0.308855877289748,0,0.00844089385966736,0,0,0,0.148409009988147,1.05859423539696
TCGA-FG-A6J3-01A,0,0.39029226802282,0.254670057852957,0.0210132287373104,0.333800465657854,0.000223979729058489,0,0,0.265171478401561,0.990433761430834
TCGA-E1-A7YW-01A,0.0292787242316324,0.583885381790598,0.158318872289388,0,0.228517021688382,0,0,0,0.123910601862557,1.02979597979673
TCGA-DH-A66F-01A,0,0.711800793624549,0.221188762371417,0,0.0670104440040339,0,0,0,0.129647063558879,1.04278099379226
TCGA-FG-7641-01B,0.0661969341721344,0.71561456325144,0.218188502576425,0,0,0,0,0.01,0.118519172837522,1.04857227533132
TCGA-HW-A5KM-01A,0,0.0976084744089519,0.132082903478597,0,0.770308622112451,0,0,0,0.317567216080754,0.999616971845035
TCGA-P5-A737-01A,0.0987936964501949,0.776110761775068,0.107783570620995,0,0.0173119711537422,0,0,0.01,0.0938938731163107,1.03998202437067
TCGA-TQ-A7RI-01A,0.100566707655528,0.515384599108344,0.312338844296559,0,0.0717098489395695,0,0,0,0.153373392985042,1.05431792392239
TCGA-DU-A6S6-01A,0.0899953225664578,0.68500295733038,0.189602339259306,0.0353993808438561,0,0,0,0,0.120237789254129,1.04169979389005
TCGA-P5-A731-01A,0.0324228379382804,0.463481166890693,0.281506091800343,0.133944677268845,0.0886452261018391,0,0,0,0.184103253763473,1.04270117603744
TCGA-DB-A64R-01A,0.039908286314449,0.690581452166186,0.269510261519365,0,0,0,0,0,0.148118249811237,1.0489027492497
TCGA-QH-A65R-01A,0.0410675614223838,0.611353510428715,0.292526407678185,0,0.0550525204707166,0,0,0,0.18641350872857,1.03331972657551
TCGA-HT-A74L-01A,0.0750890947819582,0.531574699465997,0.225941343881329,0,0.167394861870716,0,0,0,0.124513228663112,1.04094843260935
TCGA-CS-4944-01A,0.0975233861189293,0.566723079543954,0.227342879072925,0,0.108410655264193,0,0,0,0.142468368188333,1.03393562644905
TCGA-HT-7676-01A,0.0713738597735363,0.466900551880906,0.0952007962522455,0,0.366524792093313,0,0,0.01,0.116563750569785,1.03381886902286
TCGA-VV-A829-01A,0.167102935810882,0.514161038218368,0.175052672501753,0,0.143683353468997,0,0,0,0.130411771056536,1.02880922011584
TCGA-P5-A5EU-01A,0,0.453237698817515,0.244858993468001,0,0.301903307714484,0,0,0,0.31640924806474,0.961369222765774
TCGA-DU-5872-01A,0.0364685284958998,0.410716929503948,0.377331493701785,0,0.175483048298367,0,0,0,0.24470706970396,1.02870831033923
TCGA-P5-A72Z-01A,0.0501014825762058,0.717907824281737,0.231990693142057,0,0,0,0,0.01,0.113975882305663,1.05445563824485
TCGA-TM-A84J-01A,0.0394517302390397,0.623308495445126,0.296620939020953,0.0395622947017837,0.00105654059309677,0,0,0,0.163289033630871,1.05153071527068
TCGA-HT-7879-01A,0.0555841013069841,0.430460692411551,0.351283249710421,0,0.162671956571044,0,0,0,0.21005968182313,1.03816625971898
TCGA-HT-A616-01A,0.0124100307163738,0.704752290715586,0.172086414361706,0,0.110751264206334,0,0,0.01,0.111248014534331,1.03848243094324
TCGA-P5-A5EX-01A,0.0318867142630981,0.244200760987316,0.391440283418464,0.0284156794449678,0.304056561886154,0,0,0,0.286599439547804,1.01767038383332
TCGA-FG-A713-01A,0.0679211465891206,0.676231665901937,0.255847187508943,0,0,0,0,0,0.141449293250291,1.04724755822664
TCGA-P5-A5F6-01A,0.0559122298419505,0.517185661294959,0.375840101002724,0,0.0510620078603661,0,0,0,0.533458148355161,0.847881167375605
TCGA-DH-A7UV-01A,0.0779476094240016,0.545471428574226,0.201857207084224,0,0.174723754917549,0,0,0,0.134858645395049,1.03138152005095
TCGA-S9-A6U1-01A,0.0169799675987558,0.54946697897336,0.185791075069691,0,0.247761978358194,0,0,0,0.144349553736748,1.02674131391326
TCGA-S9-A6U0-01A,0,0.0630249491280894,0.808160185101194,0,0.128814865770717,0,0,0,0.468164143080092,1.10629503639213
TCGA-DU-5847-01A,0,0.508856101268122,0.113316315678441,0.0398710536948747,0.337956529358562,0,0,0,0.185422221442707,1.00606891816916
TCGA-S9-A6U5-01A,0.0450139511336157,0.430981275151378,0.268471958692798,0.0480775464975813,0.207455268524627,0,0,0,0.177749924594585,1.03215354349764
TCGA-DU-6394-01A,0.0973475170766133,0.477667169027954,0.424985313895433,0,0,0,0,0,0.240280424530099,1.05369150863796
TCGA-HT-A5RB-01A,0.035877104737317,0.727159822240698,0.228330229250134,0,0.00863284377185098,0,0,0,0.14242038773173,1.04092877610628
TCGA-TM-A84H-01A,0.0493426468434451,0.691965058425688,0.23271765834324,0,0.0259746363876268,0,0,0,0.149666991104158,1.03673649862001
TCGA-VM-A8C9-01A,0.039204732068031,0.298459462835675,0.253551745144166,0.0159433756350191,0.389170608024891,0.00367007629221797,0,0.01,0.117839832489863,1.06680943217486
TCGA-P5-A5EY-01A,0.0206607794729415,0.565101286600202,0.328018834696501,0,0.0862190992303563,0,0,0,0.13187493369554,1.07143492599082
TCGA-S9-A7R8-01A,0.136521114462481,0.413861281283987,0.205815240655763,0,0.243802363597768,0,0,0,0.20030214547944,1.00732461335358
TCGA-HT-7471-01A,0.0186001467998543,0.449934190757125,0.271873476263107,0,0.259592186179914,0,0,0,0.203753638476868,1.01942007772347
TCGA-HW-A5KK-01A,0.00896641398118793,0.215111509749347,0.204548202762971,0,0.570757066519664,0,0.000616806986829989,0,0.223147600419508,1.02700560038363
TCGA-E1-A7YQ-01A,0,0.119619210471189,0.338214653280235,0.0748017883808357,0.467364347867741,0,0,0,0.252784115256304,1.04024422978098
TCGA-HT-A61B-01A,0.0116297895759002,0.367310663811946,0.14747537771982,0,0.473584168892334,0,0,0,0.317866030333789,0.959477439826728
TCGA-HT-A74O-01A,0.0129284654673811,0.365008232371233,0.273646954043876,0,0.348416348117511,0,0,0,0.292119991192426,0.980574154476259
TCGA-HT-7469-01A,0.0398552490331492,0.818138937604724,0.096339492373485,0,0.0456663209886418,0,0,0.01,0.0862608000280208,1.04305056446694
TCGA-DU-7292-01A,0.0308865768705831,0.649301832908817,0.276439278567775,0.0426082995669161,0.000764012085908682,0,0,0,0.121955803300625,1.06582102971721
TCGA-DU-A7TG-01A,0.00454292711782604,0.591342718808945,0.169513272544779,0,0.23460108152845,0,0,0.01,0.117197463792571,1.03490043837172
TCGA-S9-A7R1-01A,0.053744786862576,0.681128569206935,0.239359648801867,0,0.0257669951286218,0,0,0,0.143807987678468,1.04070851704302
TCGA-HT-7689-01A,0.0763347744509329,0.526735239227911,0.165874625389243,0,0.231055360931914,0,0,0,0.122769526797956,1.03091375356015
TCGA-VM-A8CA-01A,0.00546312954376854,0.425388000500983,0.438927390209819,0,0.13022147974543,0,0,0,0.204315560237229,1.0791417630409
TCGA-DU-8162-01A,0.031351438788111,0.656383851415368,0.164569634995736,0,0.147695074800784,0,0,0.01,0.0889931140632168,1.04398958451069
TCGA-HT-8110-01A,0,0.235189056001641,0.0815915163443654,0.00903298725340124,0.674186440400592,0,0,0,0.143211616695601,1.07191275971788
TCGA-S9-A6U8-01A,0.0501342469752833,0.370281022096537,0.235971861692431,0,0.343612869235748,0,0,0,0.167301030677283,1.03295346279875
TCGA-E1-5305-01A,0.0543544959382371,0.619789036580003,0.205195289128492,0,0.120661178353268,0,0,0,0.131803104420752,1.03407038614244
TCGA-FG-A60K-01A,0.148457665939628,0.604095951003554,0.178484216313351,0,0.0689621667434666,0,0,0.01,0.108693193762436,1.03885109549043
TCGA-HT-7687-01A,0.0729044744557923,0.59016674360728,0.22660975844255,0,0.110319023494377,0,0,0,0.137687730015231,1.03603038057775
TCGA-HT-7607-01A,0.0426462043274927,0.621162350738278,0.287278117592458,0.000873751541774001,0.0480395757999969,0,0,0,0.141111188217206,1.0540171328252
TCGA-DU-5871-01A,0,0.490862160523883,0.247978708804676,0,0.261159130671441,0,0,0,0.150710655800002,1.03812731096787
TCGA-IK-8125-01A,0.054927353091847,0.626603581772584,0.255669327095624,0,0.0627997380399444,0,0,0,0.127735392431002,1.04980653235869
TCGA-KT-A7W1-01A,0,0.625606518674825,0.350414551907201,0,0.023978929417974,0,0,0,0.198344934767315,1.04889134374709
TCGA-DU-7304-01A,0.0511605840157985,0.464362512376897,0.212060049839249,0,0.272416853768055,0,0,0,0.121357373326835,1.04231218578625
TCGA-HT-7882-01A,0,0,0.198182749840776,0.451254447973216,0.350562802186008,0,0,0,0.527316670758714,0.869313815839982
TCGA-HT-7608-01A,0.0527229368969851,0.463796083054985,0.308831844017687,0.0236530306708699,0.150996105359472,0,0,0,0.138515937171013,1.06123290696601
TCGA-FG-8187-01A,0.0687155500967981,0.563241490934079,0.223028816518096,0,0.145014142451027,0,0,0.01,0.109735979010256,1.04651182913292
TCGA-VM-A8CH-01A,0.0605812079239606,0.442624692262255,0.266392575006716,0,0.230401524807068,0,0,0,0.182571063924096,1.02686411644202
TCGA-E1-5319-01A,0.048021156429939,0.503947698130027,0.385020176114285,0.00718003183562344,0.0558309374901254,0,0,0,0.161387675240227,1.08057614740548
TCGA-DU-6403-01A,0.0275079566385151,0.509583146493414,0.14841935550597,0,0.314489541362101,0,0,0,0.12602117401067,1.03140142976036
TCGA-DU-6392-01A,0,0.46005998657978,0.345469344352512,0.0159826192526877,0.178488049815021,0,0,0,0.145792200162486,1.07183671775833
TCGA-HT-7602-01A,0.0355821527806005,0.531804123548952,0.233438645405623,0,0.199175078264824,0,0,0.01,0.106268616773643,1.05135132233085
TCGA-HW-8322-01A,0.0784716645004443,0.691887282368157,0.160370311431809,0,0.0692707416995898,0,0,0.01,0.105180704094173,1.03831261904095
TCGA-FG-8182-01A,0.0765340579439465,0.379975785830746,0.143973230293989,0,0.399516925931319,0,0,0,0.122845089846841,1.04047369481013
TCGA-DU-8165-01A,0,0.468142655442414,0.151786927626007,0.0719861134021462,0.308084303529433,0,0,0,0.242753590100694,0.985746280548669
TCGA-S9-A6UB-01A,0.0634803394641298,0.708424074592494,0.228095585943376,0,0,0,0,0,0.135670467413828,1.04332849815069
TCGA-HT-A61A-01A,0.066854305789122,0.741580886298812,0.191564807912066,0,0,0,0,0.01,0.113275487744804,1.04549775094779
TCGA-DU-A6S3-01A,0.0306107279442477,0.755818669737142,0.21357060231861,0,0,0,0,0,0.135297667316046,1.04206569658237
TCGA-P5-A5F4-01A,0.0395381863929342,0.745055450550609,0.215406363056457,0,0,0,0,0,0.144073666866299,1.03807073395198
TCGA-DB-A75M-01A,0.0657532670867617,0.58890811135628,0.231123161770179,0,0.11421545978678,0,0,0,0.127244431511998,1.04158257610086
TCGA-E1-5304-01A,0,0.901916430025626,0.0824476453245195,0,0,0,0.015635924649854,0,0.130594802402844,1.03139185374883
TCGA-DB-A75L-01A,0.0192079851140323,0.55122259466464,0.277286409203972,0,0.152283011017356,0,0,0,0.175626637731434,1.03222532524577
TCGA-P5-A735-01A,0.130741345439156,0.671988207342504,0.12678793907498,0,0.0704825081433603,0,0,0,0.132538000237187,1.02273761828526
TCGA-DB-5270-01A,0.0205335817080825,0.539506377235398,0.14352579605138,0.0494069675632091,0.24702727744193,0,0,0,0.1262014958046,1.02824830007755
TCGA-HT-7470-01A,0.0619991697306016,0.635060067779036,0.202914134246418,0,0.100026628243944,0,0,0.01,0.114741299957239,1.04102727678648
TCGA-HW-7490-01A,0,0.412874176149263,0.424381649771321,0,0.162744174079415,0,0,0,0.237533855097079,1.05223199275936
TCGA-HT-8564-01A,0.185464623557388,0.535713997192759,0.150724429444241,0.0341527646684048,0.0939441851372069,0,0,0.02,0.0629880466699073,1.05212500685339
TCGA-HT-7856-01A,0.0610446433887444,0.676735587336318,0.262219769274938,0,0,0,0,0,0.134110886721358,1.0526042375351
TCGA-HT-7692-01A,0.0767487851842732,0.635790103240674,0.225689898045842,0,0.0617712135292109,0,0,0,0.133280675269957,1.03936176503542
TCGA-QH-A6CZ-01A,0.0839428678354365,0.733480455486821,0.158576172762507,0,0.0240005039152357,0,0,0.01,0.0993582355333645,1.04313571583159
TCGA-TQ-A7RG-01A,0.0625891282589139,0.498002705779472,0.27953570071147,0,0.159872465250144,0,0,0,0.14059997832819,1.04862829789649
TCGA-FG-A4MX-01A,0.0201396113834861,0.486618177496541,0.396150784658498,0,0.0970914264614746,0,0,0,0.305332210744346,0.999926222649882
TCGA-HT-A74H-01A,0.0460350674012431,0.507841829221748,0.204403831536889,0.0278786127114942,0.213840659128626,0,0,0,0.155635593638977,1.02499083007673
TCGA-TM-A84I-01A,0,0.713275763062014,0.169642808804645,0,0.117081428133342,0,0,0,0.170134943180926,1.01482884756778
TCGA-HT-7857-01A,0,0,0.291723724094746,0.1411162776947,0.567159998210554,0,0,0,0.328214763843691,1.00228842997328
TCGA-DB-A75O-01A,0.0966932728840115,0.488019932988157,0.166526719101906,0,0.248760075025925,0,0,0,0.144615041840437,1.02322188086052
TCGA-HT-7874-01A,0.0335124145828625,0.731636930929456,0.234850654487682,0,0,0,0,0.01,0.117629636385725,1.05438131535648
TCGA-FG-A70Z-01A,0,0.317486414629401,0.464063334219664,0.00889552597126612,0.209554725179669,0,0,0,0.272755055087257,1.0504090476772
TCGA-DU-7301-01A,0.0388584513487421,0.456748401424171,0.148128823863584,0,0.356264323363502,0,0,0,0.180464480126824,1.01224002097093
TCGA-DU-A7TI-01A,0.0163633144926153,0.366161448097428,0.167769595222325,0,0.449705642187632,0,0,0,0.152875631508696,1.0362843486515
TCGA-FG-A60J-01A,0.0437926060219576,0.505165761403916,0.165953406636899,0,0.285088225937227,0,0,0,0.123658741506254,1.03305813666496
TCGA-HT-7474-01A,0.0819712687579171,0.703968771682185,0.203241748246401,0,0.0108182113134968,0,0,0.01,0.113533556045762,1.04606634122709
TCGA-DB-A64L-01A,0.0312981621336119,0.64365946213903,0.188314089755239,0,0.136728285972119,0,0,0.08,0.0453680433980721,1.06561687821007
TCGA-CS-4942-01A,0.0468814360204586,0.405295139230547,0.0483182921952948,0,0.4995051325537,0,0,0.01,0.117533250713186,1.04801651192703
TCGA-DU-8161-01A,0,0.314932334759127,0.167312329981203,0.0279787644120634,0.489776570847606,0,0,0,0.149784651177262,1.04407757827413
TCGA-QH-A65X-01A,0,0.441161572765945,0.544337707794511,0,0.0145007194395439,0,0,0,0.274288171030879,1.09234643655721
TCGA-HT-7468-01A,0.0717678175251666,0.613243949779646,0.268142530402624,0,0.0468457022925636,0,0,0.01,0.111457691026092,1.06116620450395
TCGA-VW-A8FI-01A,0.0474505270881525,0.507762683798333,0.205671989643627,0,0.239114799469887,0,0,0,0.122124858469887,1.03901382104026
TCGA-DB-5277-01A,0.0107190883383475,0.815239438310759,0.15246095108636,0,0.0215805222645339,0,0,0,0.169408429425788,1.01795855640111
TCGA-FG-8181-01A,0.0449573761931362,0.740795272026169,0.138119497700649,0.00842605109927103,0.0677018029807753,0,0,0.01,0.0994282098254507,1.03901675014559
TCGA-DB-A4XE-01A,0.0605305033124733,0.637508849296119,0.172045857897632,0,0.129914789493776,0,0,0,0.130702331516305,1.02835180527869
TCGA-DU-7290-01A,0,0.402440773973479,0.0426872631077963,0.0383498825327232,0.516522080386002,0,0,0,0.218706357292779,1.004485619325
TCGA-P5-A77X-01A,0.075735077866364,0.738561097080074,0.185703825053562,0,0,0,0,0.01,0.0963045928342166,1.05111049869219
TCGA-RY-A843-01A,0.0744012848021535,0.575891078245597,0.250810655596378,0,0.0988969813558715,0,0,0,0.134434287069778,1.04368889449112
TCGA-QH-A65V-01A,0.0242670482126792,0.579658664315885,0.254024826552152,0,0.142049460919284,0,0,0,0.13744200857392,1.04339319975694
TCGA-S9-A7R7-01A,0,0.242295103839866,0.263640891257108,0.0952847578496154,0.398779247053411,0,0,0,0.37474897390323,0.942442261328677
TCGA-HT-7610-01A,0.0325363669702726,0.681194340004522,0.194637917980769,0,0.0916313750444357,0,0,0.01,0.103827017482445,1.04524290459976
TCGA-DU-7009-01A,0.0449558031219782,0.806447804379921,0.1485963924981,0,0,0,0,0.01,0.0936533055288653,1.04836027038328
TCGA-DB-5274-01A,0.0209876748306788,0.520650692583629,0.288878336324048,0,0.169483296261644,0,0,0,0.192513387462166,1.02733026581414
TCGA-FG-8191-01A,0.0564810525082552,0.45660351401345,0.202312369054088,0,0.284603064424207,0,0,0,0.149558688314936,1.02902418771287
TCGA-TM-A84L-01A,0.013993950145966,0.455332854176863,0.232287479976106,0,0.298385715701065,0,0,0,0.170665970174092,1.02706951937765
TCGA-EZ-7264-01A,0.0610482423571035,0.812374293956737,0.12657746368616,0,0,0,0,0.02,0.0719603497446227,1.05359196702006
TCGA-QH-A870-01A,0.0610531663353566,0.753097473044473,0.133091631561384,0,0.0527577290587867,0,0,0.01,0.0890086265593743,1.0429113163367
TCGA-QH-A6XA-01A,0.0453478422677429,0.540449606320756,0.180210073478739,0,0.233992477932762,0,0,0,0.123201590008343,1.03342482692079
TCGA-HT-7611-01A,0,0.606313920587631,0.156042614593675,0,0.237643464818694,0,0,0,0.133262702298862,1.02684707295421
TCGA-FG-6690-01A,0.0748505434378985,0.448018884477895,0.156587172032745,0,0.320543400051462,0,0,0.01,0.107189257295503,1.04071144352359
TCGA-HT-7681-01A,0.0484280478517133,0.586700670002251,0.277155369657835,0,0.0877159124882007,0,0,0,0.14587240893368,1.04671822435022
TCGA-DU-6408-01A,0.0279086663764253,0.557895373641859,0.158839278049416,0,0.255356681932299,0,0,0.01,0.117026585996857,1.03337268886236
TCGA-RY-A840-01A,0.0803682379685828,0.763716490337859,0.155915271693558,0,0,0,0,0,0.119302314817865,1.03696410420005
TCGA-HT-A5RC-01A,0,0.423479483333774,0.388445050713656,0.0589984075771346,0.129077058375435,0,0,0,0.249731898683419,1.03619272727552
TCGA-HT-7860-01A,0,0.22798196769805,0.420560139109812,0.00757243603162792,0.34388545716051,0,0,0,0.174741375791787,1.09901042039743
TCGA-E1-A7YH-01A,0.0728485741179,0.506537779170552,0.280676935964003,0,0.139936710747545,0,0,0,0.170104158984192,1.03512801519772
TCGA-S9-A6WM-01A,0.0121260784559833,0.476662550936968,0.333648924900312,0.173441156293482,0.00412128941325368,0,0,0,0.180166240078505,1.07554131296054
TCGA-S9-A6U6-01A,0.0620876736726606,0.602288700985285,0.155614894088404,0,0.18000873125365,0,0,0.01,0.116972699806293,1.03079889972451
TCGA-HW-7489-01A,0.0573830538731214,0.676758409669215,0.1802671120248,0,0.0855914244328633,0,0,0,0.122501786467223,1.03443508608532
TCGA-QH-A65S-01A,0.0769957411546519,0.496853858124848,0.25391327020669,0,0.17223713051381,0,0,0,0.160927950367352,1.03214714210877
TCGA-QH-A6CS-01A,0.0471874036150631,0.476505490215836,0.226104097126333,0.00169004184837437,0.248512967194394,0,0,0,0.181769912152676,1.01837687349274
TCGA-S9-A6UA-01A,0.00530540337688345,0.00525229197071674,0.186698975000012,0.448088012756317,0.353790226539056,0.000865090357014497,0,0,0.49653055467628,0.891398345236801
TCGA-S9-A6TW-01A,0.0331891471142751,0.488200319981411,0.462623870277042,0,0.015986662627272,0,0,0,0.189291130593667,1.10349858262758
TCGA-S9-A7J2-01A,0.0792049235090162,0.55713428333455,0.361346765285172,0.0023140278712619,0,0,0,0,0.162025270241194,1.07213256411769
TCGA-DU-5870-01A,0.107897251629725,0.473816115357852,0.305739548450694,0,0.112547084561729,0,0,0,0.130871570199613,1.0622257733474
TCGA-DB-A64P-01A,0.0448266799441357,0.522863186279395,0.340496236053542,0,0.0918138977229282,0,0,0,0.224402519134409,1.02723942957359
TCGA-DU-7014-01A,0.020657534375318,0.479880873014453,0.410419894282187,0,0.0890416983280424,0,0,0,0.271073396250287,1.02618214583554
TCGA-HT-7884-01B,0.0481915151050481,0.696471378521709,0.255337106373243,0,0,0,0,0,0.127242318211055,1.05445518492986
